Регион,Год,Месяц,Поездки,Месяц_номер,Дата,is_outlier,lag_1,lag_3,lag_6,lag_12,ma_3,ma_6,ma_12,месяц,квартал,год,день_года,is_holiday_month,season
Алтайский край,2022,январь,52432.0,1,2022-01-01,False,,,,,52432.0,52432.0,52432.0,1,1,2022,1,1,зима
Алтайский край,2022,январь-февраль,107919.0,2,2022-02-01,False,52432.0,,,,80175.5,80175.5,80175.5,2,1,2022,32,1,зима
Алтайский край,2022,январь-март,174400.0,3,2022-03-01,False,107919.0,,,,111583.66666666667,111583.66666666667,111583.66666666667,3,1,2022,60,1,весна
Алтайский край,2022,январь-апрель,376047.0,4,2022-04-01,False,174400.0,52432.0,,,219455.33333333334,177699.5,177699.5,4,2,2022,91,0,весна
Алтайский край,2022,январь-май,578154.0,5,2022-05-01,False,376047.0,107919.0,,,376200.3333333333,257790.4,257790.4,5,2,2022,121,1,весна
Алтайский край,2022,январь-июнь,774084.0,6,2022-06-01,False,578154.0,174400.0,,,576095.0,343839.3333333333,343839.3333333333,6,2,2022,152,0,лето
Алтайский край,2022,январь-июль,1000977.0,7,2022-07-01,False,774084.0,376047.0,52432.0,,784405.0,501930.1666666667,437716.14285714284,7,3,2022,182,0,лето
Алтайский край,2022,январь-август,1182370.0,8,2022-08-01,False,1000977.0,578154.0,107919.0,,985810.3333333334,681005.3333333334,530797.875,8,3,2022,213,0,лето
Алтайский край,2022,январь-сентябрь,1319737.0,9,2022-09-01,False,1182370.0,774084.0,174400.0,,1167694.6666666667,871894.8333333334,618457.7777777778,9,3,2022,244,0,осень
Алтайский край,2022,январь-октябрь*,1412573.0,10,2022-10-01,False,1319737.0,1000977.0,376047.0,,1304893.3333333333,1044649.1666666666,697869.3,10,4,2022,274,0,осень
Алтайский край,2022,январь-ноябрь*,1495843.0,11,2022-11-01,False,1412573.0,1182370.0,578154.0,,1409384.3333333333,1197597.3333333333,770412.3636363636,11,4,2022,305,0,осень
Алтайский край,2022,январь-декабрь*,1571744.0,12,2022-12-01,False,1495843.0,1319737.0,774084.0,,1493386.6666666667,1330540.6666666667,837190.0,12,4,2022,335,1,зима
Алтайский край,2023,январь,124555.0,1,2023-01-01,False,1571744.0,1412573.0,1000977.0,52432.0,1064047.3333333333,1184470.3333333333,843200.25,1,1,2023,1,1,зима
Алтайский край,2023,январь-февраль,267027.0,2,2023-02-01,False,124555.0,1495843.0,1182370.0,107919.0,654442.0,1031913.1666666666,856459.25,2,1,2023,32,1,зима
Алтайский край,2023,январь-март,432797.0,3,2023-03-01,False,267027.0,1571744.0,1319737.0,174400.0,274793.0,884089.8333333334,877992.3333333334,3,1,2023,60,1,весна
Алтайский край,2023,январь-апрель,597216.0,4,2023-04-01,False,432797.0,124555.0,1412573.0,376047.0,432346.6666666667,748197.0,896423.0833333334,4,2,2023,91,0,весна
Алтайский край,2023,январь-май,779012.0,5,2023-05-01,False,597216.0,267027.0,1495843.0,578154.0,603008.3333333334,628725.1666666666,913161.25,5,2,2023,121,1,весна
Алтайский край,2023,январь-июнь,1006742.0,6,2023-06-01,False,779012.0,432797.0,1571744.0,774084.0,794323.3333333334,534558.1666666666,932549.4166666666,6,2,2023,152,0,лето
Алтайский край,2023,январь-июль,1323852.0,7,2023-07-01,False,1006742.0,597216.0,124555.0,1000977.0,1036535.3333333334,734441.0,959455.6666666666,7,3,2023,182,0,лето
Алтайский край,2023,январь-август,1574676.0,8,2023-08-01,False,1323852.0,779012.0,267027.0,1182370.0,1301756.6666666667,952382.5,992147.8333333334,8,3,2023,213,0,лето
Алтайский край,2023,январь-сентябрь,1754667.0,9,2023-09-01,False,1574676.0,1006742.0,432797.0,1319737.0,1551065.0,1172694.1666666667,1028392.0,9,3,2023,244,0,осень
Алтайский край,2024,январь,86785.0,1,2024-01-01,False,1754667.0,1323852.0,597216.0,1412573.0,1138709.3333333333,1087622.3333333333,917909.6666666666,1,1,2024,1,1,зима
Алтайский край,2024,январь-февраль,179662.0,2,2024-02-01,False,86785.0,1574676.0,779012.0,1495843.0,673704.6666666666,987730.6666666666,808227.9166666666,2,1,2024,32,1,зима
Алтайский край,2024,январь-март,283398.0,3,2024-03-01,False,179662.0,1754667.0,1006742.0,1571744.0,183281.66666666666,867173.3333333334,700865.75,3,1,2024,61,1,весна
Алтайский край,2024,январь-апрель,395478.0,4,2024-04-01,False,283398.0,86785.0,1323852.0,124555.0,286179.3333333333,712444.3333333334,723442.6666666666,4,2,2024,92,0,весна
Алтайский край,2024,январь-май,518714.0,5,2024-05-01,False,395478.0,179662.0,1574676.0,267027.0,399196.6666666667,536450.6666666666,744416.5833333334,5,2,2024,122,1,весна
Алтайский край,2024,январь-июнь,694361.0,6,2024-06-01,False,518714.0,283398.0,1754667.0,432797.0,536184.3333333334,359733.0,766213.5833333334,6,2,2024,153,0,лето
Алтайский край,2024,январь-июль,983293.0,7,2024-07-01,False,694361.0,395478.0,86785.0,597216.0,732122.6666666666,509151.0,798386.6666666666,7,3,2024,183,0,лето
Алтайский край,2024,январь-август,1223525.0,8,2024-08-01,False,983293.0,518714.0,179662.0,779012.0,967059.6666666666,683128.1666666666,835429.4166666666,8,3,2024,214,0,лето
Алтайский край,2024,январь-сентябрь,1374100.0,9,2024-09-01,False,1223525.0,694361.0,283398.0,1006742.0,1193639.3333333333,864911.8333333334,866042.5833333334,9,3,2024,245,0,осень
Алтайский край,2025,январь,111837.0,1,2025-01-01,False,1374100.0,983293.0,395478.0,1323852.0,903154.0,817638.3333333334,765041.3333333334,1,1,2025,1,1,зима
Алтайский край,2025,январь-февраль,232808.0,2,2025-02-01,False,111837.0,1223525.0,518714.0,1574676.0,572915.0,769987.3333333334,653219.0,2,1,2025,32,1,зима
Алтайский край,2025,январь-март,366341.0,3,2025-03-01,False,232808.0,1374100.0,694361.0,1754667.0,236995.33333333334,715317.3333333334,537525.1666666666,3,1,2025,60,1,весна
Алтайский край,2025,январь-апрель,470680.0,4,2025-04-01,False,366341.0,111837.0,983293.0,86785.0,356609.6666666667,629881.8333333334,569516.4166666666,4,2,2025,91,0,весна
Алтайский край,2025,январь-май,600640.0,5,2025-05-01,False,470680.0,232808.0,1223525.0,179662.0,479220.3333333333,526067.6666666666,604597.9166666666,5,2,2025,121,1,весна
Алтайский край,2025,январь-июнь,785316.0,6,2025-06-01,False,600640.0,366341.0,1374100.0,283398.0,618878.6666666666,427937.0,646424.4166666666,6,2,2025,152,0,лето
Алтайский край,2025,январь-июль,1086395.0,7,2025-07-01,False,785316.0,470680.0,111837.0,395478.0,824117.0,590363.3333333334,704000.8333333334,7,3,2025,182,0,лето
Алтайский край,2025,январь-август,1316592.0,8,2025-08-01,False,1086395.0,600640.0,232808.0,518714.0,1062767.6666666667,770994.0,770490.6666666666,8,3,2025,213,0,лето
Алтайский край,2025,январь-сентябрь,1476334.0,9,2025-09-01,False,1316592.0,785316.0,366341.0,694361.0,1293107.0,955992.8333333334,835655.0833333334,9,3,2025,244,0,осень
Амурская область,2022,январь,30016.0,1,2022-01-01,False,,,,,30016.0,30016.0,30016.0,1,1,2022,1,1,зима
Амурская область,2022,январь-февраль,60303.0,2,2022-02-01,False,30016.0,,,,45159.5,45159.5,45159.5,2,1,2022,32,1,зима
Амурская область,2022,январь-март,87297.0,3,2022-03-01,False,60303.0,,,,59205.333333333336,59205.333333333336,59205.333333333336,3,1,2022,60,1,весна
Амурская область,2022,январь-апрель,129558.0,4,2022-04-01,False,87297.0,30016.0,,,92386.0,76793.5,76793.5,4,2,2022,91,0,весна
Амурская область,2022,январь-май,177921.0,5,2022-05-01,False,129558.0,60303.0,,,131592.0,97019.0,97019.0,5,2,2022,121,1,весна
Амурская область,2022,январь-июнь,216973.0,6,2022-06-01,False,177921.0,87297.0,,,174817.33333333334,117011.33333333333,117011.33333333333,6,2,2022,152,0,лето
Амурская область,2022,январь-июль,251760.0,7,2022-07-01,False,216973.0,129558.0,30016.0,,215551.33333333334,153968.66666666666,136261.14285714287,7,3,2022,182,0,лето
Амурская область,2022,январь-август,295873.0,8,2022-08-01,False,251760.0,177921.0,60303.0,,254868.66666666666,193230.33333333334,156212.625,8,3,2022,213,0,лето
Амурская область,2022,январь-сентябрь,348138.0,9,2022-09-01,False,295873.0,216973.0,87297.0,,298590.3333333333,236703.83333333334,177537.66666666666,9,3,2022,244,0,осень
Амурская область,2022,январь-октябрь*,378133.0,10,2022-10-01,False,348138.0,251760.0,129558.0,,340714.6666666667,278133.0,197597.2,10,4,2022,274,0,осень
Амурская область,2022,январь-ноябрь*,409272.0,11,2022-11-01,False,378133.0,295873.0,177921.0,,378514.3333333333,316691.5,216840.36363636365,11,4,2022,305,0,осень
Амурская область,2022,январь-декабрь*,446955.0,12,2022-12-01,False,409272.0,348138.0,216973.0,,411453.3333333333,355021.8333333333,236016.58333333334,12,4,2022,335,1,зима
Амурская область,2023,январь,20685.0,1,2023-01-01,False,446955.0,378133.0,251760.0,30016.0,292304.0,316509.3333333333,235239.0,1,1,2023,1,1,зима
Амурская область,2023,январь-февраль,44016.0,2,2023-02-01,False,20685.0,409272.0,295873.0,60303.0,170552.0,274533.1666666667,233881.75,2,1,2023,32,1,зима
Амурская область,2023,январь-март,67122.0,3,2023-03-01,False,44016.0,446955.0,348138.0,87297.0,43941.0,227697.16666666666,232200.5,3,1,2023,60,1,весна
Амурская область,2023,январь-апрель,112377.0,4,2023-04-01,False,67122.0,20685.0,378133.0,129558.0,74505.0,183404.5,230768.75,4,2,2023,91,0,весна
Амурская область,2023,январь-май,178591.0,5,2023-05-01,False,112377.0,44016.0,409272.0,177921.0,119363.33333333333,144957.66666666666,230824.58333333334,5,2,2023,121,1,весна
Амурская область,2023,январь-июнь,223581.0,6,2023-06-01,False,178591.0,67122.0,446955.0,216973.0,171516.33333333334,107728.66666666667,231375.25,6,2,2023,152,0,лето
Амурская область,2023,январь-июль,255058.0,7,2023-07-01,False,223581.0,112377.0,20685.0,251760.0,219076.66666666666,146790.83333333334,231650.08333333334,7,3,2023,182,0,лето
Амурская область,2023,январь-август,296978.0,8,2023-08-01,False,255058.0,178591.0,44016.0,295873.0,258539.0,188951.16666666666,231742.16666666666,8,3,2023,213,0,лето
Амурская область,2023,январь-сентябрь,336494.0,9,2023-09-01,False,296978.0,223581.0,67122.0,348138.0,296176.6666666667,233846.5,230771.83333333334,9,3,2023,244,0,осень
Амурская область,2024,январь,27283.0,1,2024-01-01,False,336494.0,255058.0,112377.0,378133.0,220251.66666666666,219664.16666666666,201534.33333333334,1,1,2024,1,1,зима
Амурская область,2024,январь-февраль,51573.0,2,2024-02-01,False,27283.0,296978.0,178591.0,409272.0,138450.0,198494.5,171726.08333333334,2,1,2024,32,1,зима
Амурская область,2024,январь-март,78478.0,3,2024-03-01,False,51573.0,336494.0,223581.0,446955.0,52444.666666666664,174310.66666666666,141019.66666666666,3,1,2024,61,1,весна
Амурская область,2024,январь-апрель,140028.0,4,2024-04-01,False,78478.0,27283.0,255058.0,20685.0,90026.33333333333,155139.0,150964.91666666666,4,2,2024,92,0,весна
Амурская область,2024,январь-май,193610.0,5,2024-05-01,False,140028.0,51573.0,296978.0,44016.0,137372.0,137911.0,163431.08333333334,5,2,2024,122,1,весна
Амурская область,2024,январь-июнь,245040.0,6,2024-06-01,False,193610.0,78478.0,336494.0,67122.0,192892.66666666666,122668.66666666667,178257.58333333334,6,2,2024,153,0,лето
Амурская область,2024,январь-июль,279983.0,7,2024-07-01,False,245040.0,140028.0,27283.0,112377.0,239544.33333333334,164785.33333333334,192224.75,7,3,2024,183,0,лето
Амурская область,2024,январь-август,322342.0,8,2024-08-01,False,279983.0,193610.0,51573.0,178591.0,282455.0,209913.5,204204.0,8,3,2024,214,0,лето
Амурская область,2024,январь-сентябрь,360662.0,9,2024-09-01,False,322342.0,245040.0,78478.0,223581.0,320995.6666666667,256944.16666666666,215627.41666666666,9,3,2024,245,0,осень
Амурская область,2025,январь,30219.0,1,2025-01-01,False,360662.0,279983.0,140028.0,255058.0,237741.0,238642.66666666666,196890.83333333334,1,1,2025,1,1,зима
Амурская область,2025,январь-февраль,65200.0,2,2025-02-01,False,30219.0,322342.0,193610.0,296978.0,152027.0,217241.0,177576.0,2,1,2025,32,1,зима
Амурская область,2025,январь-март,98315.0,3,2025-03-01,False,65200.0,360662.0,245040.0,336494.0,64578.0,192786.83333333334,157727.75,3,1,2025,60,1,весна
Амурская область,2025,январь-апрель,173138.0,4,2025-04-01,False,98315.0,30219.0,279983.0,27283.0,112217.66666666667,174979.33333333334,169882.33333333334,4,2,2025,91,0,весна
Амурская область,2025,январь-май,249612.0,5,2025-05-01,False,173138.0,65200.0,322342.0,51573.0,173688.33333333334,162857.66666666666,186385.58333333334,5,2,2025,121,1,весна
Амурская область,2025,январь-июнь,336164.0,6,2025-06-01,False,249612.0,98315.0,360662.0,78478.0,252971.33333333334,158774.66666666666,207859.41666666666,6,2,2025,152,0,лето
Амурская область,2025,январь-июль,401028.0,7,2025-07-01,False,336164.0,173138.0,30219.0,140028.0,328934.6666666667,220576.16666666666,229609.41666666666,7,3,2025,182,0,лето
Амурская область,2025,январь-август,472719.0,8,2025-08-01,False,401028.0,249612.0,65200.0,193610.0,403303.6666666667,288496.0,252868.5,8,3,2025,213,0,лето
Амурская область,2025,январь-сентябрь,542899.0,9,2025-09-01,False,472719.0,336164.0,98315.0,245040.0,472215.3333333333,362593.3333333333,277690.0833333333,9,3,2025,244,0,осень
Архангельская область,2022,январь,45105.0,1,2022-01-01,False,,,,,45105.0,45105.0,45105.0,1,1,2022,1,1,зима
Архангельская область,2022,январь-февраль,81086.0,2,2022-02-01,False,45105.0,,,,63095.5,63095.5,63095.5,2,1,2022,32,1,зима
Архангельская область,2022,январь-март,132948.0,3,2022-03-01,False,81086.0,,,,86379.66666666667,86379.66666666667,86379.66666666667,3,1,2022,60,1,весна
Архангельская область,2022,январь-апрель,163131.0,4,2022-04-01,False,132948.0,45105.0,,,125721.66666666667,105567.5,105567.5,4,2,2022,91,0,весна
Архангельская область,2022,январь-май,193031.0,5,2022-05-01,False,163131.0,81086.0,,,163036.66666666666,123060.2,123060.2,5,2,2022,121,1,весна
Архангельская область,2022,январь-июнь,230179.0,6,2022-06-01,False,193031.0,132948.0,,,195447.0,140913.33333333334,140913.33333333334,6,2,2022,152,0,лето
Архангельская область,2022,январь-июль,309261.0,7,2022-07-01,False,230179.0,163131.0,45105.0,,244157.0,184939.33333333334,164963.0,7,3,2022,182,0,лето
Архангельская область,2022,январь-август,366306.0,8,2022-08-01,False,309261.0,193031.0,81086.0,,301915.3333333333,232476.0,190130.875,8,3,2022,213,0,лето
Архангельская область,2022,январь-сентябрь,414774.0,9,2022-09-01,False,366306.0,230179.0,132948.0,,363447.0,279447.0,215091.22222222222,9,3,2022,244,0,осень
Архангельская область,2022,январь-октябрь*,455849.0,10,2022-10-01,False,414774.0,309261.0,163131.0,,412309.6666666667,328233.3333333333,239167.0,10,4,2022,274,0,осень
Архангельская область,2022,январь-ноябрь*,496576.0,11,2022-11-01,False,455849.0,366306.0,193031.0,,455733.0,378824.1666666667,262567.8181818182,11,4,2022,305,0,осень
Архангельская область,2022,январь-декабрь*,534943.0,12,2022-12-01,False,496576.0,414774.0,230179.0,,495789.3333333333,429618.1666666667,285265.75,12,4,2022,335,1,зима
Архангельская область,2023,январь,74420.0,1,2023-01-01,False,534943.0,455849.0,309261.0,45105.0,368646.3333333333,390478.0,287708.6666666667,1,1,2023,1,1,зима
Архангельская область,2023,январь-февраль,155348.0,2,2023-02-01,False,74420.0,496576.0,366306.0,81086.0,254903.66666666666,355318.3333333333,293897.1666666667,2,1,2023,32,1,зима
Архангельская область,2023,январь-март,261069.0,3,2023-03-01,False,155348.0,534943.0,414774.0,132948.0,163612.33333333334,329700.8333333333,304573.9166666667,3,1,2023,60,1,весна
Архангельская область,2023,январь-апрель,313953.0,4,2023-04-01,False,261069.0,74420.0,455849.0,163131.0,243456.66666666666,306051.5,317142.4166666667,4,2,2023,91,0,весна
Архангельская область,2023,январь-май,363108.0,5,2023-05-01,False,313953.0,155348.0,496576.0,193031.0,312710.0,283806.8333333333,331315.5,5,2,2023,121,1,весна
Архангельская область,2023,январь-июнь,429131.0,6,2023-06-01,False,363108.0,261069.0,534943.0,230179.0,368730.6666666667,266171.5,347894.8333333333,6,2,2023,152,0,лето
Архангельская область,2023,январь-июль,535699.0,7,2023-07-01,False,429131.0,313953.0,74420.0,309261.0,442646.0,343051.3333333333,366764.6666666667,7,3,2023,182,0,лето
Архангельская область,2023,январь-август,630454.0,8,2023-08-01,False,535699.0,363108.0,155348.0,366306.0,531761.3333333334,422235.6666666667,388777.0,8,3,2023,213,0,лето
Архангельская область,2023,январь-сентябрь,698049.0,9,2023-09-01,False,630454.0,429131.0,261069.0,414774.0,621400.6666666666,495065.6666666667,412383.25,9,3,2023,244,0,осень
Архангельская область,2024,январь,64278.0,1,2024-01-01,False,698049.0,535699.0,313953.0,455849.0,464260.3333333333,453453.1666666667,379752.3333333333,1,1,2024,1,1,зима
Архангельская область,2024,январь-февраль,137637.0,2,2024-02-01,False,64278.0,630454.0,363108.0,496576.0,299988.0,415874.6666666667,349840.75,2,1,2024,32,1,зима
Архангельская область,2024,январь-март,211613.0,3,2024-03-01,False,137637.0,698049.0,429131.0,534943.0,137842.66666666666,379621.6666666667,322896.5833333333,3,1,2024,61,1,весна
Архангельская область,2024,январь-апрель,270636.0,4,2024-04-01,False,211613.0,64278.0,535699.0,74420.0,206628.66666666666,335444.5,339247.9166666667,4,2,2024,92,0,весна
Архангельская область,2024,январь-май,332577.0,5,2024-05-01,False,270636.0,137637.0,630454.0,155348.0,271608.6666666667,285798.3333333333,354017.0,5,2,2024,122,1,весна
Архангельская область,2024,январь-июнь,413010.0,6,2024-06-01,False,332577.0,211613.0,698049.0,261069.0,338741.0,238291.83333333334,366678.75,6,2,2024,153,0,лето
Архангельская область,2024,январь-июль,507940.0,7,2024-07-01,False,413010.0,270636.0,64278.0,313953.0,417842.3333333333,312235.5,382844.3333333333,7,3,2024,183,0,лето
Архангельская область,2024,январь-август,583468.0,8,2024-08-01,False,507940.0,332577.0,137637.0,363108.0,501472.6666666667,386540.6666666667,401207.6666666667,8,3,2024,214,0,лето
Архангельская область,2024,январь-сентябрь,661449.0,9,2024-09-01,False,583468.0,413010.0,211613.0,429131.0,584285.6666666666,461513.3333333333,420567.5,9,3,2024,245,0,осень
Архангельская область,2025,январь,61256.0,1,2025-01-01,False,661449.0,507940.0,270636.0,535699.0,435391.0,426616.6666666667,381030.5833333333,1,1,2025,1,1,зима
Архангельская область,2025,январь-февраль,123636.0,2,2025-02-01,False,61256.0,583468.0,332577.0,630454.0,282113.6666666667,391793.1666666667,338795.75,2,1,2025,32,1,зима
Архангельская область,2025,январь-март,187725.0,3,2025-03-01,False,123636.0,661449.0,413010.0,698049.0,124205.66666666667,354245.6666666667,296268.75,3,1,2025,60,1,весна
Архангельская область,2025,январь-апрель,231073.0,4,2025-04-01,False,187725.0,61256.0,507940.0,64278.0,180811.33333333334,308101.1666666667,310168.3333333333,4,2,2025,91,0,весна
Архангельская область,2025,январь-май,279458.0,5,2025-05-01,False,231073.0,123636.0,583468.0,137637.0,232752.0,257432.83333333334,321986.75,5,2,2025,121,1,весна
Архангельская область,2025,январь-июнь,349044.0,6,2025-06-01,False,279458.0,187725.0,661449.0,211613.0,286525.0,205365.33333333334,333439.3333333333,6,2,2025,152,0,лето
Архангельская область,2025,январь-июль,430223.0,7,2025-07-01,False,349044.0,231073.0,61256.0,270636.0,352908.3333333333,266859.8333333333,346738.25,7,3,2025,182,0,лето
Архангельская область,2025,январь-август,495229.0,8,2025-08-01,False,430223.0,279458.0,123636.0,332577.0,424832.0,328792.0,360292.5833333333,8,3,2025,213,0,лето
Архангельская область,2025,январь-сентябрь,547021.0,9,2025-09-01,False,495229.0,349044.0,187725.0,413010.0,490824.3333333333,388674.6666666667,371460.1666666667,9,3,2025,244,0,осень
Архангельская область (кроме Ненецкого автономного округа),2022,январь,44391.0,1,2022-01-01,False,,,,,44391.0,44391.0,44391.0,1,1,2022,1,1,зима
Архангельская область (кроме Ненецкого автономного округа),2022,январь-февраль,79539.0,2,2022-02-01,False,44391.0,,,,61965.0,61965.0,61965.0,2,1,2022,32,1,зима
Архангельская область (кроме Ненецкого автономного округа),2022,январь-март,127950.0,3,2022-03-01,False,79539.0,,,,83960.0,83960.0,83960.0,3,1,2022,60,1,весна
Архангельская область (кроме Ненецкого автономного округа),2022,январь-апрель,157647.0,4,2022-04-01,False,127950.0,44391.0,,,121712.0,102381.75,102381.75,4,2,2022,91,0,весна
Архангельская область (кроме Ненецкого автономного округа),2022,январь-май,186574.0,5,2022-05-01,False,157647.0,79539.0,,,157390.33333333334,119220.2,119220.2,5,2,2022,121,1,весна
Архангельская область (кроме Ненецкого автономного округа),2022,январь-июнь,222506.0,6,2022-06-01,False,186574.0,127950.0,,,188909.0,136434.5,136434.5,6,2,2022,152,0,лето
Архангельская область (кроме Ненецкого автономного округа),2022,январь-июль,299179.0,7,2022-07-01,False,222506.0,157647.0,44391.0,,236086.33333333334,178899.16666666666,159683.7142857143,7,3,2022,182,0,лето
Архангельская область (кроме Ненецкого автономного округа),2022,январь-август,354045.0,8,2022-08-01,False,299179.0,186574.0,79539.0,,291910.0,224650.16666666666,183978.875,8,3,2022,213,0,лето
Архангельская область (кроме Ненецкого автономного округа),2022,январь-сентябрь,399875.0,9,2022-09-01,False,354045.0,222506.0,127950.0,,351033.0,269971.0,207967.33333333334,9,3,2022,244,0,осень
Архангельская область (кроме Ненецкого автономного округа),2022,январь-октябрь*,439683.0,10,2022-10-01,False,399875.0,299179.0,157647.0,,397867.6666666667,316977.0,231138.9,10,4,2022,274,0,осень
Архангельская область (кроме Ненецкого автономного округа),2022,январь-ноябрь*,479727.0,11,2022-11-01,False,439683.0,354045.0,186574.0,,439761.6666666667,365835.8333333333,253737.81818181818,11,4,2022,305,0,осень
Архангельская область (кроме Ненецкого автономного округа),2022,январь-декабрь*,517315.0,12,2022-12-01,False,479727.0,399875.0,222506.0,,478908.3333333333,414970.6666666667,275702.5833333333,12,4,2022,335,1,зима
Архангельская область (кроме Ненецкого автономного округа),2023,январь,73307.0,1,2023-01-01,False,517315.0,439683.0,299179.0,44391.0,356783.0,377325.3333333333,278112.25,1,1,2023,1,1,зима
Архангельская область (кроме Ненецкого автономного округа),2023,январь-февраль,152169.0,2,2023-02-01,False,73307.0,479727.0,354045.0,79539.0,247597.0,343679.3333333333,284164.75,2,1,2023,32,1,зима
Архангельская область (кроме Ненецкого автономного округа),2023,январь-март,252963.0,3,2023-03-01,False,152169.0,517315.0,399875.0,127950.0,159479.66666666666,319194.0,294582.5,3,1,2023,60,1,весна
Архангельская область (кроме Ненецкого автономного округа),2023,январь-апрель,303455.0,4,2023-04-01,False,252963.0,73307.0,439683.0,157647.0,236195.66666666666,296489.3333333333,306733.1666666667,4,2,2023,91,0,весна
Архангельская область (кроме Ненецкого автономного округа),2023,январь-май,351264.0,5,2023-05-01,False,303455.0,152169.0,479727.0,186574.0,302560.6666666667,275078.8333333333,320457.3333333333,5,2,2023,121,1,весна
Архангельская область (кроме Ненецкого автономного округа),2023,январь-июнь,413251.0,6,2023-06-01,False,351264.0,252963.0,517315.0,222506.0,355990.0,257734.83333333334,336352.75,6,2,2023,152,0,лето
Архангельская область (кроме Ненецкого автономного округа),2023,январь-июль,519677.0,7,2023-07-01,False,413251.0,303455.0,73307.0,299179.0,428064.0,332129.8333333333,354727.5833333333,7,3,2023,182,0,лето
Архангельская область (кроме Ненецкого автономного округа),2023,январь-август,611751.0,8,2023-08-01,False,519677.0,351264.0,152169.0,354045.0,514893.0,408726.8333333333,376203.0833333333,8,3,2023,213,0,лето
Архангельская область (кроме Ненецкого автономного округа),2023,январь-сентябрь,677652.0,9,2023-09-01,False,611751.0,413251.0,252963.0,399875.0,603026.6666666666,479508.3333333333,399351.1666666667,9,3,2023,244,0,осень
Архангельская область (кроме Ненецкого автономного округа),2024,январь,59566.0,1,2024-01-01,False,677652.0,519677.0,303455.0,439683.0,449656.3333333333,438860.1666666667,367674.75,1,1,2024,1,1,зима
Архангельская область (кроме Ненецкого автономного округа),2024,январь-февраль,130709.0,2,2024-02-01,False,59566.0,611751.0,351264.0,479727.0,289309.0,402101.0,338589.9166666667,2,1,2024,32,1,зима
Архангельская область (кроме Ненецкого автономного округа),2024,январь-март,200805.0,3,2024-03-01,False,130709.0,677652.0,413251.0,517315.0,130360.0,366693.3333333333,312214.0833333333,3,1,2024,61,1,весна
Архангельская область (кроме Ненецкого автономного округа),2024,январь-апрель,259412.0,4,2024-04-01,False,200805.0,59566.0,519677.0,73307.0,196975.33333333334,323315.8333333333,327722.8333333333,4,2,2024,92,0,весна
Архангельская область (кроме Ненецкого автономного округа),2024,январь-май,320103.0,5,2024-05-01,False,259412.0,130709.0,611751.0,152169.0,260106.66666666666,274707.8333333333,341717.3333333333,5,2,2024,122,1,весна
Архангельская область (кроме Ненецкого автономного округа),2024,январь-июнь,394910.0,6,2024-06-01,False,320103.0,200805.0,677652.0,252963.0,324808.3333333333,227584.16666666666,353546.25,6,2,2024,153,0,лето
Архангельская область (кроме Ненецкого автономного округа),2024,январь-июль,487729.0,7,2024-07-01,False,394910.0,259412.0,59566.0,303455.0,400914.0,298944.6666666667,368902.4166666667,7,3,2024,183,0,лето
Архангельская область (кроме Ненецкого автономного округа),2024,январь-август,561498.0,8,2024-08-01,False,487729.0,320103.0,130709.0,351264.0,481379.0,370742.8333333333,386421.9166666667,8,3,2024,214,0,лето
Архангельская область (кроме Ненецкого автономного округа),2024,январь-сентябрь,633142.0,9,2024-09-01,False,561498.0,394910.0,200805.0,413251.0,560789.6666666666,442799.0,404746.1666666667,9,3,2024,245,0,осень
Архангельская область (кроме Ненецкого автономного округа),2025,январь,58292.0,1,2025-01-01,False,633142.0,487729.0,259412.0,519677.0,417644.0,409279.0,366297.4166666667,1,1,2025,1,1,зима
Архангельская область (кроме Ненецкого автономного округа),2025,январь-февраль,114749.0,2,2025-02-01,False,58292.0,561498.0,320103.0,611751.0,268727.6666666667,375053.3333333333,324880.5833333333,2,1,2025,32,1,зима
Архангельская область (кроме Ненецкого автономного округа),2025,январь-март,173283.0,3,2025-03-01,False,114749.0,633142.0,394910.0,677652.0,115441.33333333333,338115.5,282849.8333333333,3,1,2025,60,1,весна
Архангельская область (кроме Ненецкого автономного округа),2025,январь-апрель,215770.0,4,2025-04-01,False,173283.0,58292.0,487729.0,59566.0,167934.0,292789.0,295866.8333333333,4,2,2025,91,0,весна
Архангельская область (кроме Ненецкого автономного округа),2025,январь-май,261572.0,5,2025-05-01,False,215770.0,114749.0,561498.0,130709.0,216875.0,242801.33333333334,306772.0833333333,5,2,2025,121,1,весна
Архангельская область (кроме Ненецкого автономного округа),2025,январь-июнь,329148.0,6,2025-06-01,False,261572.0,173283.0,633142.0,200805.0,268830.0,192135.66666666666,317467.3333333333,6,2,2025,152,0,лето
Архангельская область (кроме Ненецкого автономного округа),2025,январь-июль,407626.0,7,2025-07-01,False,329148.0,215770.0,58292.0,259412.0,332782.0,250358.0,329818.5,7,3,2025,182,0,лето
Архангельская область (кроме Ненецкого автономного округа),2025,январь-август,471086.0,8,2025-08-01,False,407626.0,261572.0,114749.0,320103.0,402620.0,309747.5,342400.4166666667,8,3,2025,213,0,лето
Архангельская область (кроме Ненецкого автономного округа),2025,январь-сентябрь,516313.0,9,2025-09-01,False,471086.0,329148.0,173283.0,394910.0,465008.3333333333,366919.1666666667,352517.3333333333,9,3,2025,244,0,осень
Астраханская область,2022,январь,16383.0,1,2022-01-01,False,,,,,16383.0,16383.0,16383.0,1,1,2022,1,1,зима
Астраханская область,2022,январь-февраль,29144.0,2,2022-02-01,False,16383.0,,,,22763.5,22763.5,22763.5,2,1,2022,32,1,зима
Астраханская область,2022,январь-март,48209.0,3,2022-03-01,False,29144.0,,,,31245.333333333332,31245.333333333332,31245.333333333332,3,1,2022,60,1,весна
Астраханская область,2022,январь-апрель,102488.0,4,2022-04-01,False,48209.0,16383.0,,,59947.0,49056.0,49056.0,4,2,2022,91,0,весна
Астраханская область,2022,январь-май,149804.0,5,2022-05-01,False,102488.0,29144.0,,,100167.0,69205.6,69205.6,5,2,2022,121,1,весна
Астраханская область,2022,январь-июнь,184652.0,6,2022-06-01,False,149804.0,48209.0,,,145648.0,88446.66666666667,88446.66666666667,6,2,2022,152,0,лето
Астраханская область,2022,январь-июль,226294.0,7,2022-07-01,False,184652.0,102488.0,16383.0,,186916.66666666666,123431.83333333333,108139.14285714286,7,3,2022,182,0,лето
Астраханская область,2022,январь-август,289425.0,8,2022-08-01,False,226294.0,149804.0,29144.0,,233457.0,166812.0,130799.875,8,3,2022,213,0,лето
Астраханская область,2022,январь-сентябрь,321108.0,9,2022-09-01,False,289425.0,184652.0,48209.0,,278942.3333333333,212295.16666666666,151945.22222222222,9,3,2022,244,0,осень
Астраханская область,2022,январь-октябрь*,357658.0,10,2022-10-01,False,321108.0,226294.0,102488.0,,322730.3333333333,254823.5,172516.5,10,4,2022,274,0,осень
Астраханская область,2022,январь-ноябрь*,387913.0,11,2022-11-01,False,357658.0,289425.0,149804.0,,355559.6666666667,294508.3333333333,192098.0,11,4,2022,305,0,осень
Астраханская область,2022,январь-декабрь*,414919.0,12,2022-12-01,False,387913.0,321108.0,184652.0,,386830.0,332886.1666666667,210666.41666666666,12,4,2022,335,1,зима
Астраханская область,2023,январь,17904.0,1,2023-01-01,False,414919.0,357658.0,226294.0,16383.0,273578.6666666667,298154.5,210793.16666666666,1,1,2023,1,1,зима
Астраханская область,2023,январь-февраль,36987.0,2,2023-02-01,False,17904.0,387913.0,289425.0,29144.0,156603.33333333334,256081.5,211446.75,2,1,2023,32,1,зима
Астраханская область,2023,январь-март,58231.0,3,2023-03-01,False,36987.0,414919.0,321108.0,48209.0,37707.333333333336,212268.66666666666,212281.91666666666,3,1,2023,60,1,весна
Астраханская область,2023,январь-апрель,105239.0,4,2023-04-01,False,58231.0,17904.0,357658.0,102488.0,66819.0,170198.83333333334,212511.16666666666,4,2,2023,91,0,весна
Астраханская область,2023,январь-май,147858.0,5,2023-05-01,False,105239.0,36987.0,387913.0,149804.0,103776.0,130189.66666666667,212349.0,5,2,2023,121,1,весна
Астраханская область,2023,январь-июнь,178646.0,6,2023-06-01,False,147858.0,58231.0,414919.0,184652.0,143914.33333333334,90810.83333333333,211848.5,6,2,2023,152,0,лето
Астраханская область,2023,январь-июль,252491.0,7,2023-07-01,False,178646.0,105239.0,17904.0,226294.0,192998.33333333334,129908.66666666667,214031.58333333334,7,3,2023,182,0,лето
Астраханская область,2023,январь-август,330400.0,8,2023-08-01,False,252491.0,147858.0,36987.0,289425.0,253845.66666666666,178810.83333333334,217446.16666666666,8,3,2023,213,0,лето
Астраханская область,2023,январь-сентябрь,389091.0,9,2023-09-01,False,330400.0,178646.0,58231.0,321108.0,323994.0,233954.16666666666,223111.41666666666,9,3,2023,244,0,осень
Астраханская область,2024,январь,24995.0,1,2024-01-01,False,389091.0,252491.0,105239.0,357658.0,248162.0,220580.16666666666,195389.5,1,1,2024,1,1,зима
Астраханская область,2024,январь-февраль,47172.0,2,2024-02-01,False,24995.0,330400.0,147858.0,387913.0,153752.66666666666,203799.16666666666,166994.41666666666,2,1,2024,32,1,зима
Астраханская область,2024,январь-март,73507.0,3,2024-03-01,False,47172.0,389091.0,178646.0,414919.0,48558.0,186276.0,138543.41666666666,3,1,2024,61,1,весна
Астраханская область,2024,январь-апрель,116389.0,4,2024-04-01,False,73507.0,24995.0,252491.0,17904.0,79022.66666666667,163592.33333333334,146750.5,4,2,2024,92,0,весна
Астраханская область,2024,январь-май,154856.0,5,2024-05-01,False,116389.0,47172.0,330400.0,36987.0,114917.33333333333,134335.0,156572.91666666666,5,2,2024,122,1,весна
Астраханская область,2024,январь-июнь,192134.0,6,2024-06-01,False,154856.0,73507.0,389091.0,58231.0,154459.66666666666,101508.83333333333,167731.5,6,2,2024,153,0,лето
Астраханская область,2024,январь-июль,312674.0,7,2024-07-01,False,192134.0,116389.0,24995.0,105239.0,219888.0,149455.33333333334,185017.75,7,3,2024,183,0,лето
Астраханская область,2024,январь-август,454622.0,8,2024-08-01,False,312674.0,154856.0,47172.0,147858.0,319810.0,217363.66666666666,210581.41666666666,8,3,2024,214,0,лето
Астраханская область,2024,январь-сентябрь,572289.0,9,2024-09-01,False,454622.0,192134.0,73507.0,178646.0,446528.3333333333,300494.0,243385.0,9,3,2024,245,0,осень
Астраханская область,2025,январь,18534.0,1,2025-01-01,False,572289.0,312674.0,116389.0,252491.0,348481.6666666667,284184.8333333333,223888.58333333334,1,1,2025,1,1,зима
Астраханская область,2025,январь-февраль,41242.0,2,2025-02-01,False,18534.0,454622.0,154856.0,330400.0,210688.33333333334,265249.1666666667,199792.08333333334,2,1,2025,32,1,зима
Астраханская область,2025,январь-март,70248.0,3,2025-03-01,False,41242.0,572289.0,192134.0,389091.0,43341.333333333336,244934.83333333334,173221.83333333334,3,1,2025,60,1,весна
Астраханская область,2025,январь-апрель,120484.0,4,2025-04-01,False,70248.0,18534.0,312674.0,24995.0,77324.66666666667,212903.16666666666,181179.25,4,2,2025,91,0,весна
Астраханская область,2025,январь-май,170667.0,5,2025-05-01,False,120484.0,41242.0,454622.0,47172.0,120466.33333333333,165577.33333333334,191470.5,5,2,2025,121,1,весна
Астраханская область,2025,январь-июнь,209292.0,6,2025-06-01,False,170667.0,70248.0,572289.0,73507.0,166814.33333333334,105077.83333333333,202785.91666666666,6,2,2025,152,0,лето
Астраханская область,2025,январь-июль,353772.0,7,2025-07-01,False,209292.0,120484.0,18534.0,116389.0,244577.0,160950.83333333334,222567.83333333334,7,3,2025,182,0,лето
Астраханская область,2025,январь-август,516741.0,8,2025-08-01,False,353772.0,170667.0,41242.0,154856.0,359935.0,240200.66666666666,252724.91666666666,8,3,2025,213,0,лето
Астраханская область,2025,январь-сентябрь,656111.0,9,2025-09-01,False,516741.0,209292.0,70248.0,192134.0,508874.6666666667,337844.5,291389.6666666667,9,3,2025,244,0,осень
Белгородская область,2022,январь,27553.0,1,2022-01-01,False,,,,,27553.0,27553.0,27553.0,1,1,2022,1,1,зима
Белгородская область,2022,январь-февраль,50493.0,2,2022-02-01,False,27553.0,,,,39023.0,39023.0,39023.0,2,1,2022,32,1,зима
Белгородская область,2022,январь-март,81224.0,3,2022-03-01,False,50493.0,,,,53090.0,53090.0,53090.0,3,1,2022,60,1,весна
Белгородская область,2022,январь-апрель,163686.0,4,2022-04-01,False,81224.0,27553.0,,,98467.66666666667,80739.0,80739.0,4,2,2022,91,0,весна
Белгородская область,2022,январь-май,230652.0,5,2022-05-01,False,163686.0,50493.0,,,158520.66666666666,110721.6,110721.6,5,2,2022,121,1,весна
Белгородская область,2022,январь-июнь,333001.0,6,2022-06-01,False,230652.0,81224.0,,,242446.33333333334,147768.16666666666,147768.16666666666,6,2,2022,152,0,лето
Белгородская область,2022,январь-июль,465969.0,7,2022-07-01,False,333001.0,163686.0,27553.0,,343207.3333333333,220837.5,193225.42857142858,7,3,2022,182,0,лето
Белгородская область,2022,январь-август,579106.0,8,2022-08-01,False,465969.0,230652.0,50493.0,,459358.6666666667,308939.6666666667,241460.5,8,3,2022,213,0,лето
Белгородская область,2022,январь-сентябрь,639986.0,9,2022-09-01,False,579106.0,333001.0,81224.0,,561687.0,402066.6666666667,285741.1111111111,9,3,2022,244,0,осень
Белгородская область,2022,январь-октябрь*,683351.0,10,2022-10-01,False,639986.0,465969.0,163686.0,,634147.6666666666,488677.5,325502.1,10,4,2022,274,0,осень
Белгородская область,2022,январь-ноябрь*,719072.0,11,2022-11-01,False,683351.0,579106.0,230652.0,,680803.0,570080.8333333334,361281.1818181818,11,4,2022,305,0,осень
Белгородская область,2022,январь-декабрь*,756835.0,12,2022-12-01,False,719072.0,639986.0,333001.0,,719752.6666666666,640719.8333333334,394244.0,12,4,2022,335,1,зима
Белгородская область,2023,январь,60713.0,1,2023-01-01,False,756835.0,683351.0,465969.0,27553.0,512206.6666666667,573177.1666666666,397007.3333333333,1,1,2023,1,1,зима
Белгородская область,2023,январь-февраль,133907.0,2,2023-02-01,False,60713.0,719072.0,579106.0,50493.0,317151.6666666667,498977.3333333333,403958.5,2,1,2023,32,1,зима
Белгородская область,2023,январь-март,196855.0,3,2023-03-01,False,133907.0,756835.0,639986.0,81224.0,130491.66666666667,425122.1666666667,413594.4166666667,3,1,2023,60,1,весна
Белгородская область,2023,январь-апрель,252710.0,4,2023-04-01,False,196855.0,60713.0,683351.0,163686.0,194490.66666666666,353348.6666666667,421013.0833333333,4,2,2023,91,0,весна
Белгородская область,2023,январь-май,312801.0,5,2023-05-01,False,252710.0,133907.0,719072.0,230652.0,254122.0,285636.8333333333,427858.8333333333,5,2,2023,121,1,весна
Белгородская область,2023,январь-июнь,384075.0,6,2023-06-01,False,312801.0,196855.0,756835.0,333001.0,316528.6666666667,223510.16666666666,432115.0,6,2,2023,152,0,лето
Белгородская область,2023,январь-июль,479748.0,7,2023-07-01,False,384075.0,252710.0,60713.0,465969.0,392208.0,293349.3333333333,433263.25,7,3,2023,182,0,лето
Белгородская область,2023,январь-август,582846.0,8,2023-08-01,False,479748.0,312801.0,133907.0,579106.0,482223.0,368172.5,433574.9166666667,8,3,2023,213,0,лето
Белгородская область,2023,январь-сентябрь,640046.0,9,2023-09-01,False,582846.0,384075.0,196855.0,639986.0,567546.6666666666,442037.6666666667,433579.9166666667,9,3,2023,244,0,осень
Белгородская область,2024,январь,60780.0,1,2024-01-01,False,640046.0,479748.0,252710.0,683351.0,427890.6666666667,410049.3333333333,381699.0,1,1,2024,1,1,зима
Белгородская область,2024,январь-февраль,113882.0,2,2024-02-01,False,60780.0,582846.0,312801.0,719072.0,271569.3333333333,376896.1666666667,331266.5,2,1,2024,32,1,зима
Белгородская область,2024,январь-март,171381.0,3,2024-03-01,False,113882.0,640046.0,384075.0,756835.0,115347.66666666667,341447.1666666667,282478.6666666667,3,1,2024,61,1,весна
Белгородская область,2024,январь-апрель,193310.0,4,2024-04-01,False,171381.0,60780.0,479748.0,60713.0,159524.33333333334,293707.5,293528.4166666667,4,2,2024,92,0,весна
Белгородская область,2024,январь-май,216222.0,5,2024-05-01,False,193310.0,113882.0,582846.0,133907.0,193637.66666666666,232603.5,300388.0,5,2,2024,122,1,весна
Белгородская область,2024,январь-июнь,256857.0,6,2024-06-01,False,216222.0,171381.0,640046.0,196855.0,222129.66666666666,168738.66666666666,305388.1666666667,6,2,2024,153,0,лето
Белгородская область,2024,январь-июль,322748.0,7,2024-07-01,False,256857.0,193310.0,60780.0,252710.0,265275.6666666667,212400.0,311224.6666666667,7,3,2024,183,0,лето
Белгородская область,2024,январь-август,389305.0,8,2024-08-01,False,322748.0,216222.0,113882.0,312801.0,322970.0,258303.83333333334,317600.0,8,3,2024,214,0,лето
Белгородская область,2024,январь-сентябрь,429068.0,9,2024-09-01,False,389305.0,256857.0,171381.0,384075.0,380373.6666666667,301251.6666666667,321349.4166666667,9,3,2024,245,0,осень
Белгородская область,2025,январь,84277.0,1,2025-01-01,False,429068.0,322748.0,193310.0,479748.0,300883.3333333333,283079.5,288393.5,1,1,2025,1,1,зима
Белгородская область,2025,январь-февраль,174253.0,2,2025-02-01,False,84277.0,389305.0,216222.0,582846.0,229199.33333333334,276084.6666666667,254344.08333333334,2,1,2025,32,1,зима
Белгородская область,2025,январь-март,259059.0,3,2025-03-01,False,174253.0,429068.0,256857.0,640046.0,172529.66666666666,276451.6666666667,222595.16666666666,3,1,2025,60,1,весна
Белгородская область,2025,январь-апрель,280741.0,4,2025-04-01,False,259059.0,84277.0,322748.0,60780.0,238017.66666666666,269450.5,240925.25,4,2,2025,91,0,весна
Белгородская область,2025,январь-май,305968.0,5,2025-05-01,False,280741.0,174253.0,389305.0,113882.0,281922.6666666667,255561.0,256932.41666666666,5,2,2025,121,1,весна
Белгородская область,2025,январь-июнь,340454.0,6,2025-06-01,False,305968.0,259059.0,429068.0,171381.0,309054.3333333333,240792.0,271021.8333333333,6,2,2025,152,0,лето
Белгородская область,2025,январь-июль,383634.0,7,2025-07-01,False,340454.0,280741.0,84277.0,193310.0,343352.0,290684.8333333333,286882.1666666667,7,3,2025,182,0,лето
Белгородская область,2025,январь-август,428358.0,8,2025-08-01,False,383634.0,305968.0,174253.0,216222.0,384148.6666666667,333035.6666666667,304560.1666666667,8,3,2025,213,0,лето
Белгородская область,2025,январь-сентябрь,453613.0,9,2025-09-01,False,428358.0,340454.0,259059.0,256857.0,421868.3333333333,365461.3333333333,320956.5,9,3,2025,244,0,осень
Брянская область,2022,январь,20195.0,1,2022-01-01,False,,,,,20195.0,20195.0,20195.0,1,1,2022,1,1,зима
Брянская область,2022,январь-февраль,37863.0,2,2022-02-01,False,20195.0,,,,29029.0,29029.0,29029.0,2,1,2022,32,1,зима
Брянская область,2022,январь-март,52916.0,3,2022-03-01,False,37863.0,,,,36991.333333333336,36991.333333333336,36991.333333333336,3,1,2022,60,1,весна
Брянская область,2022,январь-апрель,74657.0,4,2022-04-01,False,52916.0,20195.0,,,55145.333333333336,46407.75,46407.75,4,2,2022,91,0,весна
Брянская область,2022,январь-май,102321.0,5,2022-05-01,False,74657.0,37863.0,,,76631.33333333333,57590.4,57590.4,5,2,2022,121,1,весна
Брянская область,2022,январь-июнь,161373.0,6,2022-06-01,False,102321.0,52916.0,,,112783.66666666667,74887.5,74887.5,6,2,2022,152,0,лето
Брянская область,2022,январь-июль,287542.0,7,2022-07-01,False,161373.0,74657.0,20195.0,,183745.33333333334,119445.33333333333,105266.71428571429,7,3,2022,182,0,лето
Брянская область,2022,январь-август,376102.0,8,2022-08-01,False,287542.0,102321.0,37863.0,,275005.6666666667,175818.5,139121.125,8,3,2022,213,0,лето
Брянская область,2022,январь-сентябрь,416539.0,9,2022-09-01,False,376102.0,161373.0,52916.0,,360061.0,236422.33333333334,169945.33333333334,9,3,2022,244,0,осень
Брянская область,2022,январь-октябрь*,435943.0,10,2022-10-01,False,416539.0,287542.0,74657.0,,409528.0,296636.6666666667,196545.1,10,4,2022,274,0,осень
Брянская область,2022,январь-ноябрь*,457307.0,11,2022-11-01,False,435943.0,376102.0,102321.0,,436596.3333333333,355801.0,220250.72727272726,11,4,2022,305,0,осень
Брянская область,2022,январь-декабрь*,484459.0,12,2022-12-01,False,457307.0,416539.0,161373.0,,459236.3333333333,409648.6666666667,242268.08333333334,12,4,2022,335,1,зима
Брянская область,2023,январь,33509.0,1,2023-01-01,False,484459.0,435943.0,287542.0,20195.0,325091.6666666667,367309.8333333333,243377.58333333334,1,1,2023,1,1,зима
Брянская область,2023,январь-февраль,68452.0,2,2023-02-01,False,33509.0,457307.0,376102.0,37863.0,195473.33333333334,316034.8333333333,245926.66666666666,2,1,2023,32,1,зима
Брянская область,2023,январь-март,103815.0,3,2023-03-01,False,68452.0,484459.0,416539.0,52916.0,68592.0,263914.1666666667,250168.25,3,1,2023,60,1,весна
Брянская область,2023,январь-апрель,141962.0,4,2023-04-01,False,103815.0,33509.0,435943.0,74657.0,104743.0,214917.33333333334,255777.0,4,2,2023,91,0,весна
Брянская область,2023,январь-май,174408.0,5,2023-05-01,False,141962.0,68452.0,457307.0,102321.0,140061.66666666666,167767.5,261784.25,5,2,2023,121,1,весна
Брянская область,2023,январь-июнь,240889.0,6,2023-06-01,False,174408.0,103815.0,484459.0,161373.0,185753.0,127172.5,268410.5833333333,6,2,2023,152,0,лето
Брянская область,2023,январь-июль,304805.0,7,2023-07-01,False,240889.0,141962.0,33509.0,287542.0,240034.0,172388.5,269849.1666666667,7,3,2023,182,0,лето
Брянская область,2023,январь-август,363163.0,8,2023-08-01,False,304805.0,174408.0,68452.0,376102.0,302952.3333333333,221507.0,268770.9166666667,8,3,2023,213,0,лето
Брянская область,2023,январь-сентябрь,386154.0,9,2023-09-01,False,363163.0,240889.0,103815.0,416539.0,351374.0,268563.5,266238.8333333333,9,3,2023,244,0,осень
Брянская область,2024,январь,25172.0,1,2024-01-01,False,386154.0,304805.0,141962.0,435943.0,258163.0,249098.5,232007.91666666666,1,1,2024,1,1,зима
Брянская область,2024,январь-февраль,52269.0,2,2024-02-01,False,25172.0,363163.0,174408.0,457307.0,154531.66666666666,228742.0,198254.75,2,1,2024,32,1,зима
Брянская область,2024,январь-март,89301.0,3,2024-03-01,False,52269.0,386154.0,240889.0,484459.0,55580.666666666664,203477.33333333334,165324.91666666666,3,1,2024,61,1,весна
Брянская область,2024,январь-апрель,111482.0,4,2024-04-01,False,89301.0,25172.0,304805.0,33509.0,84350.66666666667,171256.83333333334,171822.66666666666,4,2,2024,92,0,весна
Брянская область,2024,январь-май,143660.0,5,2024-05-01,False,111482.0,52269.0,363163.0,68452.0,114814.33333333333,134673.0,178090.0,5,2,2024,122,1,весна
Брянская область,2024,январь-июнь,200831.0,6,2024-06-01,False,143660.0,89301.0,386154.0,103815.0,151991.0,103785.83333333333,186174.66666666666,6,2,2024,153,0,лето
Брянская область,2024,январь-июль,326157.0,7,2024-07-01,False,200831.0,111482.0,25172.0,141962.0,223549.33333333334,153950.0,201524.25,7,3,2024,183,0,лето
Брянская область,2024,январь-август,433465.0,8,2024-08-01,False,326157.0,143660.0,52269.0,174408.0,320151.0,217482.66666666666,223112.33333333334,8,3,2024,214,0,лето
Брянская область,2024,январь-сентябрь,480750.0,9,2024-09-01,False,433465.0,200831.0,89301.0,240889.0,413457.3333333333,282724.1666666667,243100.75,9,3,2024,245,0,осень
Брянская область,2025,январь,23867.0,1,2025-01-01,False,480750.0,326157.0,111482.0,304805.0,312694.0,268121.6666666667,219689.25,1,1,2025,1,1,зима
Брянская область,2025,январь-февраль,51424.0,2,2025-02-01,False,23867.0,433465.0,143660.0,363163.0,185347.0,252749.0,193711.0,2,1,2025,32,1,зима
Брянская область,2025,январь-март,81530.0,3,2025-03-01,False,51424.0,480750.0,200831.0,386154.0,52273.666666666664,232865.5,168325.66666666666,3,1,2025,60,1,весна
Брянская область,2025,январь-апрель,119401.0,4,2025-04-01,False,81530.0,23867.0,326157.0,25172.0,84118.33333333333,198406.16666666666,176178.08333333334,4,2,2025,91,0,весна
Брянская область,2025,январь-май,172748.0,5,2025-05-01,False,119401.0,51424.0,433465.0,52269.0,124559.66666666667,154953.33333333334,186218.0,5,2,2025,121,1,весна
Брянская область,2025,январь-июнь,239989.0,6,2025-06-01,False,172748.0,81530.0,480750.0,89301.0,177379.33333333334,114826.5,198775.33333333334,6,2,2025,152,0,лето
Брянская область,2025,январь-июль,385873.0,7,2025-07-01,False,239989.0,119401.0,23867.0,111482.0,266203.3333333333,175160.83333333334,221641.25,7,3,2025,182,0,лето
Брянская область,2025,январь-август,522122.0,8,2025-08-01,False,385873.0,172748.0,51424.0,143660.0,382661.3333333333,253610.5,253179.75,8,3,2025,213,0,лето
Брянская область,2025,январь-сентябрь,603277.0,9,2025-09-01,False,522122.0,239989.0,81530.0,200831.0,503757.3333333333,340568.3333333333,286716.9166666667,9,3,2025,244,0,осень
Владимирская область,2022,январь,265626.0,1,2022-01-01,False,,,,,265626.0,265626.0,265626.0,1,1,2022,1,1,зима
Владимирская область,2022,январь-февраль,452338.0,2,2022-02-01,False,265626.0,,,,358982.0,358982.0,358982.0,2,1,2022,32,1,зима
Владимирская область,2022,январь-март,749745.0,3,2022-03-01,False,452338.0,,,,489236.3333333333,489236.3333333333,489236.3333333333,3,1,2022,60,1,весна
Владимирская область,2022,январь-апрель,821220.0,4,2022-04-01,False,749745.0,265626.0,,,674434.3333333334,572232.25,572232.25,4,2,2022,91,0,весна
Владимирская область,2022,январь-май,911334.0,5,2022-05-01,False,821220.0,452338.0,,,827433.0,640052.6,640052.6,5,2,2022,121,1,весна
Владимирская область,2022,январь-июнь,990567.0,6,2022-06-01,False,911334.0,749745.0,,,907707.0,698471.6666666666,698471.6666666666,6,2,2022,152,0,лето
Владимирская область,2022,январь-июль,1159118.0,7,2022-07-01,False,990567.0,821220.0,265626.0,,1020339.6666666666,847387.0,764278.2857142857,7,3,2022,182,0,лето
Владимирская область,2022,январь-август,1230119.0,8,2022-08-01,False,1159118.0,911334.0,452338.0,,1126601.3333333333,977017.1666666666,822508.375,8,3,2022,213,0,лето
Владимирская область,2022,январь-сентябрь,1261265.0,9,2022-09-01,False,1230119.0,990567.0,749745.0,,1216834.0,1062270.5,871259.1111111111,9,3,2022,244,0,осень
Владимирская область,2022,январь-октябрь*,1453908.0,10,2022-10-01,False,1261265.0,1159118.0,821220.0,,1315097.3333333333,1167718.5,929524.0,10,4,2022,274,0,осень
Владимирская область,2022,январь-ноябрь*,1663141.0,11,2022-11-01,False,1453908.0,1230119.0,911334.0,,1459438.0,1293019.6666666667,996216.4545454546,11,4,2022,305,0,осень
Владимирская область,2022,январь-декабрь*,1901040.0,12,2022-12-01,False,1663141.0,1261265.0,990567.0,,1672696.3333333333,1444765.1666666667,1071618.4166666667,12,4,2022,335,1,зима
Владимирская область,2023,январь,66556.0,1,2023-01-01,False,1901040.0,1453908.0,1159118.0,265626.0,1210245.6666666667,1262671.5,1055029.25,1,1,2023,1,1,зима
Владимирская область,2023,январь-февраль,131077.0,2,2023-02-01,False,66556.0,1663141.0,1230119.0,452338.0,699557.6666666666,1079497.8333333333,1028257.5,2,1,2023,32,1,зима
Владимирская область,2023,январь-март,195719.0,3,2023-03-01,False,131077.0,1901040.0,1261265.0,749745.0,131117.33333333334,901906.8333333334,982088.6666666666,3,1,2023,60,1,весна
Владимирская область,2023,январь-апрель,282676.0,4,2023-04-01,False,195719.0,66556.0,1453908.0,821220.0,203157.33333333334,706701.5,937210.0,4,2,2023,91,0,весна
Владимирская область,2023,январь-май,380228.0,5,2023-05-01,False,282676.0,131077.0,1663141.0,911334.0,286207.6666666667,492882.6666666667,892951.1666666666,5,2,2023,121,1,весна
Владимирская область,2023,январь-июнь,501931.0,6,2023-06-01,False,380228.0,195719.0,1901040.0,990567.0,388278.3333333333,259697.83333333334,852231.5,6,2,2023,152,0,лето
Владимирская область,2023,январь-июль,658175.0,7,2023-07-01,False,501931.0,282676.0,66556.0,1159118.0,513444.6666666667,358301.0,810486.25,7,3,2023,182,0,лето
Владимирская область,2023,январь-август,793638.0,8,2023-08-01,False,658175.0,380228.0,131077.0,1230119.0,651248.0,468727.8333333333,774112.8333333334,8,3,2023,213,0,лето
Владимирская область,2023,январь-сентябрь,870251.0,9,2023-09-01,False,793638.0,501931.0,195719.0,1261265.0,774021.3333333334,581149.8333333334,741528.3333333334,9,3,2023,244,0,осень
Владимирская область,2024,январь,77942.0,1,2024-01-01,False,870251.0,658175.0,282676.0,1453908.0,580610.3333333334,547027.5,626864.5,1,1,2024,1,1,зима
Владимирская область,2024,январь-февраль,146052.0,2,2024-02-01,False,77942.0,793638.0,380228.0,1663141.0,364748.3333333333,507998.1666666667,500440.4166666667,2,1,2024,32,1,зима
Владимирская область,2024,январь-март,225121.0,3,2024-03-01,False,146052.0,870251.0,501931.0,1901040.0,149705.0,461863.1666666667,360780.5,3,1,2024,61,1,весна
Владимирская область,2024,январь-апрель,316612.0,4,2024-04-01,False,225121.0,77942.0,658175.0,66556.0,229261.66666666666,404936.0,381618.5,4,2,2024,92,0,весна
Владимирская область,2024,январь-май,404013.0,5,2024-05-01,False,316612.0,146052.0,793638.0,131077.0,315248.6666666667,339998.5,404363.1666666667,5,2,2024,122,1,весна
Владимирская область,2024,январь-июнь,532596.0,6,2024-06-01,False,404013.0,225121.0,870251.0,195719.0,417740.3333333333,283722.6666666667,432436.25,6,2,2024,153,0,лето
Владимирская область,2024,январь-июль,778134.0,7,2024-07-01,False,532596.0,316612.0,77942.0,282676.0,571581.0,400421.3333333333,473724.4166666667,7,3,2024,183,0,лето
Владимирская область,2024,январь-август,1007035.0,8,2024-08-01,False,778134.0,404013.0,146052.0,380228.0,772588.3333333334,543918.5,525958.3333333334,8,3,2024,214,0,лето
Владимирская область,2024,январь-сентябрь,1160552.0,9,2024-09-01,False,1007035.0,532596.0,225121.0,501931.0,981907.0,699823.6666666666,580843.4166666666,9,3,2024,245,0,осень
Владимирская область,2025,январь,112389.0,1,2025-01-01,False,1160552.0,778134.0,316612.0,658175.0,759992.0,665786.5,535361.25,1,1,2025,1,1,зима
Владимирская область,2025,январь-февраль,213326.0,2,2025-02-01,False,112389.0,1007035.0,404013.0,793638.0,495422.3333333333,634005.3333333334,487001.9166666667,2,1,2025,32,1,зима
Владимирская область,2025,январь-март,318808.0,3,2025-03-01,False,213326.0,1160552.0,532596.0,870251.0,214841.0,598374.0,441048.3333333333,3,1,2025,60,1,весна
Владимирская область,2025,январь-апрель,424339.0,4,2025-04-01,False,318808.0,112389.0,778134.0,77942.0,318824.3333333333,539408.1666666666,469914.75,4,2,2025,91,0,весна
Владимирская область,2025,январь-май,560219.0,5,2025-05-01,False,424339.0,213326.0,1007035.0,146052.0,434455.3333333333,464938.8333333333,504428.6666666667,5,2,2025,121,1,весна
Владимирская область,2025,январь-июнь,720554.0,6,2025-06-01,False,560219.0,318808.0,1160552.0,225121.0,568370.6666666666,391605.8333333333,545714.75,6,2,2025,152,0,лето
Владимирская область,2025,январь-июль,947150.0,7,2025-07-01,False,720554.0,424339.0,112389.0,316612.0,742641.0,530732.6666666666,598259.5833333334,7,3,2025,182,0,лето
Владимирская область,2025,январь-август,1158155.0,8,2025-08-01,False,947150.0,560219.0,213326.0,404013.0,941953.0,688204.1666666666,661104.75,8,3,2025,213,0,лето
Владимирская область,2025,январь-сентябрь,1283773.0,9,2025-09-01,False,1158155.0,720554.0,318808.0,532596.0,1129692.6666666667,849031.6666666666,723702.8333333334,9,3,2025,244,0,осень
Волгоградская область,2022,январь,34144.0,1,2022-01-01,False,,,,,34144.0,34144.0,34144.0,1,1,2022,1,1,зима
Волгоградская область,2022,январь-февраль,61268.0,2,2022-02-01,False,34144.0,,,,47706.0,47706.0,47706.0,2,1,2022,32,1,зима
Волгоградская область,2022,январь-март,92082.0,3,2022-03-01,False,61268.0,,,,62498.0,62498.0,62498.0,3,1,2022,60,1,весна
Волгоградская область,2022,январь-апрель,187304.0,4,2022-04-01,False,92082.0,34144.0,,,113551.33333333333,93699.5,93699.5,4,2,2022,91,0,весна
Волгоградская область,2022,январь-май,311483.0,5,2022-05-01,False,187304.0,61268.0,,,196956.33333333334,137256.2,137256.2,5,2,2022,121,1,весна
Волгоградская область,2022,январь-июнь,434295.0,6,2022-06-01,False,311483.0,92082.0,,,311027.3333333333,186762.66666666666,186762.66666666666,6,2,2022,152,0,лето
Волгоградская область,2022,январь-июль,626987.0,7,2022-07-01,False,434295.0,187304.0,34144.0,,457588.3333333333,285569.8333333333,249651.85714285713,7,3,2022,182,0,лето
Волгоградская область,2022,январь-август,815520.0,8,2022-08-01,False,626987.0,311483.0,61268.0,,625600.6666666666,411278.5,320385.375,8,3,2022,213,0,лето
Волгоградская область,2022,январь-сентябрь,938737.0,9,2022-09-01,False,815520.0,434295.0,92082.0,,793748.0,552387.6666666666,389091.1111111111,9,3,2022,244,0,осень
Волгоградская область,2022,январь-октябрь*,1013844.0,10,2022-10-01,False,938737.0,626987.0,187304.0,,922700.3333333334,690144.3333333334,451566.4,10,4,2022,274,0,осень
Волгоградская область,2022,январь-ноябрь*,1081738.0,11,2022-11-01,False,1013844.0,815520.0,311483.0,,1011439.6666666666,818520.1666666666,508854.7272727273,11,4,2022,305,0,осень
Волгоградская область,2022,январь-декабрь*,1133280.0,12,2022-12-01,False,1081738.0,938737.0,434295.0,,1076287.3333333333,935017.6666666666,560890.1666666666,12,4,2022,335,1,зима
Волгоградская область,2023,январь,38065.0,1,2023-01-01,False,1133280.0,1013844.0,626987.0,34144.0,751027.6666666666,836864.0,561216.9166666666,1,1,2023,1,1,зима
Волгоградская область,2023,январь-февраль,86226.0,2,2023-02-01,False,38065.0,1081738.0,815520.0,61268.0,419190.3333333333,715315.0,563296.75,2,1,2023,32,1,зима
Волгоградская область,2023,январь-март,140560.0,3,2023-03-01,False,86226.0,1133280.0,938737.0,92082.0,88283.66666666667,582285.5,567336.5833333334,3,1,2023,60,1,весна
Волгоградская область,2023,январь-апрель,237479.0,4,2023-04-01,False,140560.0,38065.0,1013844.0,187304.0,154755.0,452891.3333333333,571517.8333333334,4,2,2023,91,0,весна
Волгоградская область,2023,январь-май,342887.0,5,2023-05-01,False,237479.0,86226.0,1081738.0,311483.0,240308.66666666666,329749.5,574134.8333333334,5,2,2023,121,1,весна
Волгоградская область,2023,январь-июнь,476949.0,6,2023-06-01,False,342887.0,140560.0,1133280.0,434295.0,352438.3333333333,220361.0,577689.3333333334,6,2,2023,152,0,лето
Волгоградская область,2023,январь-июль,697512.0,7,2023-07-01,False,476949.0,237479.0,38065.0,626987.0,505782.6666666667,330268.8333333333,583566.4166666666,7,3,2023,182,0,лето
Волгоградская область,2023,январь-август,911135.0,8,2023-08-01,False,697512.0,342887.0,86226.0,815520.0,695198.6666666666,467753.6666666667,591534.3333333334,8,3,2023,213,0,лето
Волгоградская область,2023,январь-сентябрь,1028837.0,9,2023-09-01,False,911135.0,476949.0,140560.0,938737.0,879161.3333333334,615799.8333333334,599042.6666666666,9,3,2023,244,0,осень
Волгоградская область,2024,январь,59027.0,1,2024-01-01,False,1028837.0,697512.0,237479.0,1013844.0,666333.0,586057.8333333334,519474.5833333333,1,1,2024,1,1,зима
Волгоградская область,2024,январь-февраль,120755.0,2,2024-02-01,False,59027.0,911135.0,342887.0,1081738.0,402873.0,549035.8333333334,439392.6666666667,2,1,2024,32,1,зима
Волгоградская область,2024,январь-март,202791.0,3,2024-03-01,False,120755.0,1028837.0,476949.0,1133280.0,127524.33333333333,503342.8333333333,361851.9166666667,3,1,2024,61,1,весна
Волгоградская область,2024,январь-апрель,308043.0,4,2024-04-01,False,202791.0,59027.0,697512.0,38065.0,210529.66666666666,438431.3333333333,384350.0833333333,4,2,2024,92,0,весна
Волгоградская область,2024,январь-май,421403.0,5,2024-05-01,False,308043.0,120755.0,911135.0,86226.0,310745.6666666667,356809.3333333333,412281.5,5,2,2024,122,1,весна
Волгоградская область,2024,январь-июнь,566163.0,6,2024-06-01,False,421403.0,202791.0,1028837.0,140560.0,431869.6666666667,279697.0,447748.4166666667,6,2,2024,153,0,лето
Волгоградская область,2024,январь-июль,796134.0,7,2024-07-01,False,566163.0,308043.0,59027.0,237479.0,594566.6666666666,402548.1666666667,494303.0,7,3,2024,183,0,лето
Волгоградская область,2024,январь-август,1007607.0,8,2024-08-01,False,796134.0,421403.0,120755.0,342887.0,789968.0,550356.8333333334,549696.3333333334,8,3,2024,214,0,лето
Волгоградская область,2024,январь-сентябрь,1136562.0,9,2024-09-01,False,1007607.0,566163.0,202791.0,476949.0,980101.0,705985.3333333334,604664.0833333334,9,3,2024,245,0,осень
Волгоградская область,2025,январь,52875.0,1,2025-01-01,False,1136562.0,796134.0,308043.0,697512.0,732348.0,663457.3333333334,550944.3333333334,1,1,2025,1,1,зима
Волгоградская область,2025,январь-февраль,109635.0,2,2025-02-01,False,52875.0,1007607.0,421403.0,911135.0,433024.0,611496.0,484152.6666666667,2,1,2025,32,1,зима
Волгоградская область,2025,январь-март,181648.0,3,2025-03-01,False,109635.0,1136562.0,566163.0,1028837.0,114719.33333333333,547410.1666666666,413553.5833333333,3,1,2025,60,1,весна
Волгоградская область,2025,январь-апрель,300547.0,4,2025-04-01,False,181648.0,52875.0,796134.0,59027.0,197276.66666666666,464812.3333333333,433680.25,4,2,2025,91,0,весна
Волгоградская область,2025,январь-май,445804.0,5,2025-05-01,False,300547.0,109635.0,1007607.0,120755.0,309333.0,371178.5,460767.6666666667,5,2,2025,121,1,весна
Волгоградская область,2025,январь-июнь,642472.0,6,2025-06-01,False,445804.0,181648.0,1136562.0,202791.0,462941.0,288830.1666666667,497407.75,6,2,2025,152,0,лето
Волгоградская область,2025,январь-июль,1063181.0,7,2025-07-01,False,642472.0,300547.0,52875.0,308043.0,717152.3333333334,457214.5,560335.9166666666,7,3,2025,182,0,лето
Волгоградская область,2025,январь-август,1468867.0,8,2025-08-01,False,1063181.0,445804.0,109635.0,421403.0,1058173.3333333333,683753.1666666666,647624.5833333334,8,3,2025,213,0,лето
Волгоградская область,2025,январь-сентябрь,1710815.0,9,2025-09-01,False,1468867.0,642472.0,181648.0,566163.0,1414287.6666666667,938614.3333333334,743012.25,9,3,2025,244,0,осень
Вологодская область,2022,январь,108601.0,1,2022-01-01,False,,,,,108601.0,108601.0,108601.0,1,1,2022,1,1,зима
Вологодская область,2022,январь-февраль,182884.0,2,2022-02-01,False,108601.0,,,,145742.5,145742.5,145742.5,2,1,2022,32,1,зима
Вологодская область,2022,январь-март,297838.0,3,2022-03-01,False,182884.0,,,,196441.0,196441.0,196441.0,3,1,2022,60,1,весна
Вологодская область,2022,январь-апрель,375712.0,4,2022-04-01,False,297838.0,108601.0,,,285478.0,241258.75,241258.75,4,2,2022,91,0,весна
Вологодская область,2022,январь-май,460970.0,5,2022-05-01,False,375712.0,182884.0,,,378173.3333333333,285201.0,285201.0,5,2,2022,121,1,весна
Вологодская область,2022,январь-июнь,555185.0,6,2022-06-01,False,460970.0,297838.0,,,463955.6666666667,330198.3333333333,330198.3333333333,6,2,2022,152,0,лето
Вологодская область,2022,январь-июль,692655.0,7,2022-07-01,False,555185.0,375712.0,108601.0,,569603.3333333334,427540.6666666667,381977.85714285716,7,3,2022,182,0,лето
Вологодская область,2022,январь-август,863192.0,8,2022-08-01,False,692655.0,460970.0,182884.0,,703677.3333333334,540925.3333333334,442129.625,8,3,2022,213,0,лето
Вологодская область,2022,январь-сентябрь,935287.0,9,2022-09-01,False,863192.0,555185.0,297838.0,,830378.0,647166.8333333334,496924.8888888889,9,3,2022,244,0,осень
Вологодская область,2022,январь-октябрь*,985355.0,10,2022-10-01,False,935287.0,692655.0,375712.0,,927944.6666666666,748774.0,545767.9,10,4,2022,274,0,осень
Вологодская область,2022,январь-ноябрь*,1039611.0,11,2022-11-01,False,985355.0,863192.0,460970.0,,986751.0,845214.1666666666,590662.7272727273,11,4,2022,305,0,осень
Вологодская область,2022,январь-декабрь*,1112103.0,12,2022-12-01,False,1039611.0,935287.0,555185.0,,1045689.6666666666,938033.8333333334,634116.0833333334,12,4,2022,335,1,зима
Вологодская область,2023,январь,98338.0,1,2023-01-01,False,1112103.0,985355.0,692655.0,108601.0,750017.3333333334,838981.0,633260.8333333334,1,1,2023,1,1,зима
Вологодская область,2023,январь-февраль,190318.0,2,2023-02-01,False,98338.0,1039611.0,863192.0,182884.0,466919.6666666667,726835.3333333334,633880.3333333334,2,1,2023,32,1,зима
Вологодская область,2023,январь-март,272710.0,3,2023-03-01,False,190318.0,1112103.0,935287.0,297838.0,187122.0,616405.8333333334,631786.3333333334,3,1,2023,60,1,весна
Вологодская область,2023,январь-апрель,342728.0,4,2023-04-01,False,272710.0,98338.0,985355.0,375712.0,268585.3333333333,509301.3333333333,629037.6666666666,4,2,2023,91,0,весна
Вологодская область,2023,январь-май,412262.0,5,2023-05-01,False,342728.0,190318.0,1039611.0,460970.0,342566.6666666667,404743.1666666667,624978.6666666666,5,2,2023,121,1,весна
Вологодская область,2023,январь-июнь,521855.0,6,2023-06-01,False,412262.0,272710.0,1112103.0,555185.0,425615.0,306368.5,622201.1666666666,6,2,2023,152,0,лето
Вологодская область,2023,январь-июль,687842.0,7,2023-07-01,False,521855.0,342728.0,98338.0,692655.0,540653.0,404619.1666666667,621800.0833333334,7,3,2023,182,0,лето
Вологодская область,2023,январь-август,823437.0,8,2023-08-01,False,687842.0,412262.0,190318.0,863192.0,677711.3333333334,510139.0,618487.1666666666,8,3,2023,213,0,лето
Вологодская область,2023,январь-сентябрь,900830.0,9,2023-09-01,False,823437.0,521855.0,272710.0,935287.0,804036.3333333334,614825.6666666666,615615.75,9,3,2023,244,0,осень
Вологодская область,2024,январь,70118.0,1,2024-01-01,False,900830.0,687842.0,342728.0,985355.0,598128.3333333334,569390.6666666666,539346.0,1,1,2024,1,1,зима
Вологодская область,2024,январь-февраль,137098.0,2,2024-02-01,False,70118.0,823437.0,412262.0,1039611.0,369348.6666666667,523530.0,464136.5833333333,2,1,2024,32,1,зима
Вологодская область,2024,январь-март,196559.0,3,2024-03-01,False,137098.0,900830.0,521855.0,1112103.0,134591.66666666666,469314.0,387841.25,3,1,2024,61,1,весна
Вологодская область,2024,январь-апрель,243767.0,4,2024-04-01,False,196559.0,70118.0,687842.0,98338.0,192474.66666666666,395301.5,399960.3333333333,4,2,2024,92,0,весна
Вологодская область,2024,январь-май,301125.0,5,2024-05-01,False,243767.0,137098.0,823437.0,190318.0,247150.33333333334,308249.5,409194.25,5,2,2024,122,1,весна
Вологодская область,2024,январь-июнь,396455.0,6,2024-06-01,False,301125.0,196559.0,900830.0,272710.0,313782.3333333333,224187.0,419506.3333333333,6,2,2024,153,0,лето
Вологодская область,2024,январь-июль,568392.0,7,2024-07-01,False,396455.0,243767.0,70118.0,342728.0,421990.6666666667,307232.6666666667,438311.6666666667,7,3,2024,183,0,лето
Вологодская область,2024,январь-август,716102.0,8,2024-08-01,False,568392.0,301125.0,137098.0,412262.0,560316.3333333334,403733.3333333333,463631.6666666667,8,3,2024,214,0,лето
Вологодская область,2024,январь-сентябрь,791230.0,9,2024-09-01,False,716102.0,396455.0,196559.0,521855.0,691908.0,502845.1666666667,486079.5833333333,9,3,2024,245,0,осень
Вологодская область,2025,январь,107724.0,1,2025-01-01,False,791230.0,568392.0,243767.0,687842.0,538352.0,480171.3333333333,437736.4166666667,1,1,2025,1,1,зима
Вологодская область,2025,январь-февраль,199112.0,2,2025-02-01,False,107724.0,716102.0,301125.0,823437.0,366022.0,463169.1666666667,385709.3333333333,2,1,2025,32,1,зима
Вологодская область,2025,январь-март,286517.0,3,2025-03-01,False,199112.0,791230.0,396455.0,900830.0,197784.33333333334,444846.1666666667,334516.5833333333,3,1,2025,60,1,весна
Вологодская область,2025,январь-апрель,368211.0,4,2025-04-01,False,286517.0,107724.0,568392.0,70118.0,284613.3333333333,411482.6666666667,359357.6666666667,4,2,2025,91,0,весна
Вологодская область,2025,январь-май,451342.0,5,2025-05-01,False,368211.0,199112.0,716102.0,137098.0,368690.0,367356.0,385544.6666666667,5,2,2025,121,1,весна
Вологодская область,2025,январь-июнь,584407.0,6,2025-06-01,False,451342.0,286517.0,791230.0,196559.0,467986.6666666667,332885.5,417865.3333333333,6,2,2025,152,0,лето
Вологодская область,2025,январь-июль,875989.0,7,2025-07-01,False,584407.0,368211.0,107724.0,243767.0,637246.0,460929.6666666667,470550.5,7,3,2025,182,0,лето
Вологодская область,2025,январь-август,1128359.0,8,2025-08-01,False,875989.0,451342.0,199112.0,301125.0,862918.3333333334,615804.1666666666,539486.6666666666,8,3,2025,213,0,лето
Вологодская область,2025,январь-сентябрь,1253626.0,9,2025-09-01,False,1128359.0,584407.0,286517.0,396455.0,1085991.3333333333,776989.0,610917.5833333334,9,3,2025,244,0,осень
Воронежская область,2022,январь,81828.0,1,2022-01-01,False,,,,,81828.0,81828.0,81828.0,1,1,2022,1,1,зима
Воронежская область,2022,январь-февраль,140220.0,2,2022-02-01,False,81828.0,,,,111024.0,111024.0,111024.0,2,1,2022,32,1,зима
Воронежская область,2022,январь-март,205541.0,3,2022-03-01,False,140220.0,,,,142529.66666666666,142529.66666666666,142529.66666666666,3,1,2022,60,1,весна
Воронежская область,2022,январь-апрель,307797.0,4,2022-04-01,False,205541.0,81828.0,,,217852.66666666666,183846.5,183846.5,4,2,2022,91,0,весна
Воронежская область,2022,январь-май,420979.0,5,2022-05-01,False,307797.0,140220.0,,,311439.0,231273.0,231273.0,5,2,2022,121,1,весна
Воронежская область,2022,январь-июнь,542724.0,6,2022-06-01,False,420979.0,205541.0,,,423833.3333333333,283181.5,283181.5,6,2,2022,152,0,лето
Воронежская область,2022,январь-июль,680799.0,7,2022-07-01,False,542724.0,307797.0,81828.0,,548167.3333333334,383010.0,339984.0,7,3,2022,182,0,лето
Воронежская область,2022,январь-август,825148.0,8,2022-08-01,False,680799.0,420979.0,140220.0,,682890.3333333334,497164.6666666667,400629.5,8,3,2022,213,0,лето
Воронежская область,2022,январь-сентябрь,912812.0,9,2022-09-01,False,825148.0,542724.0,205541.0,,806253.0,615043.1666666666,457538.6666666667,9,3,2022,244,0,осень
Воронежская область,2022,январь-октябрь*,981033.0,10,2022-10-01,False,912812.0,680799.0,307797.0,,906331.0,727249.1666666666,509888.1,10,4,2022,274,0,осень
Воронежская область,2022,январь-ноябрь*,1045274.0,11,2022-11-01,False,981033.0,825148.0,420979.0,,979706.3333333334,831298.3333333334,558559.5454545454,11,4,2022,305,0,осень
Воронежская область,2022,январь-декабрь*,1107123.0,12,2022-12-01,False,1045274.0,912812.0,542724.0,,1044476.6666666666,925364.8333333334,604273.1666666666,12,4,2022,335,1,зима
Воронежская область,2023,январь,84827.0,1,2023-01-01,False,1107123.0,981033.0,680799.0,81828.0,745741.3333333334,826036.1666666666,604523.0833333334,1,1,2023,1,1,зима
Воронежская область,2023,январь-февраль,167730.0,2,2023-02-01,False,84827.0,1045274.0,825148.0,140220.0,453226.6666666667,716466.5,606815.5833333334,2,1,2023,32,1,зима
Воронежская область,2023,январь-март,259856.0,3,2023-03-01,False,167730.0,1107123.0,912812.0,205541.0,170804.33333333334,607640.5,611341.8333333334,3,1,2023,60,1,весна
Воронежская область,2023,январь-апрель,354694.0,4,2023-04-01,False,259856.0,84827.0,981033.0,307797.0,260760.0,503250.6666666667,615249.9166666666,4,2,2023,91,0,весна
Воронежская область,2023,январь-май,459817.0,5,2023-05-01,False,354694.0,167730.0,1045274.0,420979.0,358122.3333333333,405674.5,618486.4166666666,5,2,2023,121,1,весна
Воронежская область,2023,январь-июнь,593167.0,6,2023-06-01,False,459817.0,259856.0,1107123.0,542724.0,469226.0,320015.1666666667,622690.0,6,2,2023,152,0,лето
Воронежская область,2023,январь-июль,988649.0,7,2023-07-01,False,593167.0,354694.0,84827.0,680799.0,680544.3333333334,470652.1666666667,648344.1666666666,7,3,2023,182,0,лето
Воронежская область,2023,январь-август,1384504.0,8,2023-08-01,False,988649.0,459817.0,167730.0,825148.0,988773.3333333334,673447.8333333334,694957.1666666666,8,3,2023,213,0,лето
Воронежская область,2023,январь-сентябрь,1616498.0,9,2023-09-01,False,1384504.0,593167.0,259856.0,912812.0,1329883.6666666667,899554.8333333334,753597.6666666666,9,3,2023,244,0,осень
Воронежская область,2024,январь,72844.0,1,2024-01-01,False,1616498.0,988649.0,354694.0,981033.0,1024615.3333333334,852579.8333333334,677915.25,1,1,2024,1,1,зима
Воронежская область,2024,январь-февраль,143023.0,2,2024-02-01,False,72844.0,1384504.0,459817.0,1045274.0,610788.3333333334,799780.8333333334,602727.6666666666,2,1,2024,32,1,зима
Воронежская область,2024,январь-март,226368.0,3,2024-03-01,False,143023.0,1616498.0,593167.0,1107123.0,147411.66666666666,738647.6666666666,529331.4166666666,3,1,2024,61,1,весна
Воронежская область,2024,январь-апрель,344929.0,4,2024-04-01,False,226368.0,72844.0,988649.0,84827.0,238106.66666666666,631361.0,551006.5833333334,4,2,2024,92,0,весна
Воронежская область,2024,январь-май,468812.0,5,2024-05-01,False,344929.0,143023.0,1384504.0,167730.0,346703.0,478745.6666666667,576096.75,5,2,2024,122,1,весна
Воронежская область,2024,январь-июнь,653034.0,6,2024-06-01,False,468812.0,226368.0,1616498.0,259856.0,488925.0,318168.3333333333,608861.5833333334,6,2,2024,153,0,лето
Воронежская область,2024,январь-июль,906920.0,7,2024-07-01,False,653034.0,344929.0,72844.0,354694.0,676255.3333333334,457181.0,654880.4166666666,7,3,2024,183,0,лето
Воронежская область,2024,январь-август,1165649.0,8,2024-08-01,False,906920.0,468812.0,143023.0,459817.0,908534.3333333334,627618.6666666666,713699.75,8,3,2024,214,0,лето
Воронежская область,2024,январь-сентябрь,1305881.0,9,2024-09-01,False,1165649.0,653034.0,226368.0,593167.0,1126150.0,807537.5,773092.5833333334,9,3,2024,245,0,осень
Воронежская область,2025,январь,82291.0,1,2025-01-01,False,1305881.0,906920.0,344929.0,988649.0,851273.6666666666,763764.5,697562.75,1,1,2025,1,1,зима
Воронежская область,2025,январь-февраль,161018.0,2,2025-02-01,False,82291.0,1165649.0,468812.0,1384504.0,516396.6666666667,712465.5,595605.5833333334,2,1,2025,32,1,зима
Воронежская область,2025,январь-март,248694.0,3,2025-03-01,False,161018.0,1305881.0,653034.0,1616498.0,164001.0,645075.5,481621.9166666667,3,1,2025,60,1,весна
Воронежская область,2025,январь-апрель,358736.0,4,2025-04-01,False,248694.0,82291.0,906920.0,72844.0,256149.33333333334,553711.5,505446.25,4,2,2025,91,0,весна
Воронежская область,2025,январь-май,486106.0,5,2025-05-01,False,358736.0,161018.0,1165649.0,143023.0,364512.0,440454.3333333333,534036.5,5,2,2025,121,1,весна
Воронежская область,2025,январь-июнь,659204.0,6,2025-06-01,False,486106.0,248694.0,1305881.0,226368.0,501348.6666666667,332674.8333333333,570106.1666666666,6,2,2025,152,0,лето
Воронежская область,2025,январь-июль,882663.0,7,2025-07-01,False,659204.0,358736.0,82291.0,344929.0,675991.0,466070.1666666667,614917.3333333334,7,3,2025,182,0,лето
Воронежская область,2025,январь-август,1113452.0,8,2025-08-01,False,882663.0,486106.0,161018.0,468812.0,885106.3333333334,624809.1666666666,668637.3333333334,8,3,2025,213,0,лето
Воронежская область,2025,январь-сентябрь,1232867.0,9,2025-09-01,False,1113452.0,659204.0,248694.0,653034.0,1076327.3333333333,788838.0,716956.75,9,3,2025,244,0,осень
Еврейская автономная область,2022,январь,1115.0,1,2022-01-01,False,,,,,1115.0,1115.0,1115.0,1,1,2022,1,1,зима
Еврейская автономная область,2022,январь-февраль,2467.0,2,2022-02-01,False,1115.0,,,,1791.0,1791.0,1791.0,2,1,2022,32,1,зима
Еврейская автономная область,2022,январь-март,4097.0,3,2022-03-01,False,2467.0,,,,2559.6666666666665,2559.6666666666665,2559.6666666666665,3,1,2022,60,1,весна
Еврейская автономная область,2022,январь-апрель,8676.0,4,2022-04-01,False,4097.0,1115.0,,,5080.0,4088.75,4088.75,4,2,2022,91,0,весна
Еврейская автономная область,2022,январь-май,12248.0,5,2022-05-01,False,8676.0,2467.0,,,8340.333333333334,5720.6,5720.6,5,2,2022,121,1,весна
Еврейская автономная область,2022,январь-июнь,19416.0,6,2022-06-01,False,12248.0,4097.0,,,13446.666666666666,8003.166666666667,8003.166666666667,6,2,2022,152,0,лето
Еврейская автономная область,2022,январь-июль,23186.0,7,2022-07-01,False,19416.0,8676.0,1115.0,,18283.333333333332,11681.666666666666,10172.142857142857,7,3,2022,182,0,лето
Еврейская автономная область,2022,январь-август,26974.0,8,2022-08-01,False,23186.0,12248.0,2467.0,,23192.0,15766.166666666666,12272.375,8,3,2022,213,0,лето
Еврейская автономная область,2022,январь-сентябрь,29827.0,9,2022-09-01,False,26974.0,19416.0,4097.0,,26662.333333333332,20054.5,14222.888888888889,9,3,2022,244,0,осень
Еврейская автономная область,2022,январь-октябрь*,32481.0,10,2022-10-01,False,29827.0,23186.0,8676.0,,29760.666666666668,24022.0,16048.7,10,4,2022,274,0,осень
Еврейская автономная область,2022,январь-ноябрь*,34552.0,11,2022-11-01,False,32481.0,26974.0,12248.0,,32286.666666666668,27739.333333333332,17730.81818181818,11,4,2022,305,0,осень
Еврейская автономная область,2022,январь-декабрь*,35586.0,12,2022-12-01,False,34552.0,29827.0,19416.0,,34206.333333333336,30434.333333333332,19218.75,12,4,2022,335,1,зима
Еврейская автономная область,2023,январь,1928.0,1,2023-01-01,False,35586.0,32481.0,23186.0,1115.0,24022.0,26891.333333333332,19286.5,1,1,2023,1,1,зима
Еврейская автономная область,2023,январь-февраль,4740.0,2,2023-02-01,False,1928.0,34552.0,26974.0,2467.0,14084.666666666666,23185.666666666668,19475.916666666668,2,1,2023,32,1,зима
Еврейская автономная область,2023,январь-март,7417.0,3,2023-03-01,False,4740.0,35586.0,29827.0,4097.0,4695.0,19450.666666666668,19752.583333333332,3,1,2023,60,1,весна
Еврейская автономная область,2023,январь-апрель,12276.0,4,2023-04-01,False,7417.0,1928.0,32481.0,8676.0,8144.333333333333,16083.166666666666,20052.583333333332,4,2,2023,91,0,весна
Еврейская автономная область,2023,январь-май,16467.0,5,2023-05-01,False,12276.0,4740.0,34552.0,12248.0,12053.333333333334,13069.0,20404.166666666668,5,2,2023,121,1,весна
Еврейская автономная область,2023,январь-июнь,21582.0,6,2023-06-01,False,16467.0,7417.0,35586.0,19416.0,16775.0,10735.0,20584.666666666668,6,2,2023,152,0,лето
Еврейская автономная область,2023,январь-июль,27869.0,7,2023-07-01,False,21582.0,12276.0,1928.0,23186.0,21972.666666666668,15058.5,20974.916666666668,7,3,2023,182,0,лето
Еврейская автономная область,2023,январь-август,31951.0,8,2023-08-01,False,27869.0,16467.0,4740.0,26974.0,27134.0,19593.666666666668,21389.666666666668,8,3,2023,213,0,лето
Еврейская автономная область,2023,январь-сентябрь,35769.0,9,2023-09-01,False,31951.0,21582.0,7417.0,29827.0,31863.0,24319.0,21884.833333333332,9,3,2023,244,0,осень
Еврейская автономная область,2024,январь,2234.0,1,2024-01-01,False,35769.0,27869.0,12276.0,32481.0,23318.0,22645.333333333332,19364.25,1,1,2024,1,1,зима
Еврейская автономная область,2024,январь-февраль,5177.0,2,2024-02-01,False,2234.0,31951.0,16467.0,34552.0,14393.333333333334,20763.666666666668,16916.333333333332,2,1,2024,32,1,зима
Еврейская автономная область,2024,январь-март,9118.0,3,2024-03-01,False,5177.0,35769.0,21582.0,35586.0,5509.666666666667,18686.333333333332,14710.666666666666,3,1,2024,61,1,весна
Еврейская автономная область,2024,январь-апрель,15535.0,4,2024-04-01,False,9118.0,2234.0,27869.0,1928.0,9943.333333333334,16630.666666666668,15844.583333333334,4,2,2024,92,0,весна
Еврейская автономная область,2024,январь-май,22756.0,5,2024-05-01,False,15535.0,5177.0,31951.0,4740.0,15803.0,15098.166666666666,17345.916666666668,5,2,2024,122,1,весна
Еврейская автономная область,2024,январь-июнь,30691.0,6,2024-06-01,False,22756.0,9118.0,35769.0,7417.0,22994.0,14251.833333333334,19285.416666666668,6,2,2024,153,0,лето
Еврейская автономная область,2024,январь-июль,35492.0,7,2024-07-01,False,30691.0,15535.0,2234.0,12276.0,29646.333333333332,19794.833333333332,21220.083333333332,7,3,2024,183,0,лето
Еврейская автономная область,2024,январь-август,39980.0,8,2024-08-01,False,35492.0,22756.0,5177.0,16467.0,35387.666666666664,25595.333333333332,23179.5,8,3,2024,214,0,лето
Еврейская автономная область,2024,январь-сентябрь,43584.0,9,2024-09-01,False,39980.0,30691.0,9118.0,21582.0,39685.333333333336,31339.666666666668,25013.0,9,3,2024,245,0,осень
Еврейская автономная область,2025,январь,4075.0,1,2025-01-01,False,43584.0,35492.0,15535.0,27869.0,29213.0,29429.666666666668,23030.166666666668,1,1,2025,1,1,зима
Еврейская автономная область,2025,январь-февраль,8692.0,2,2025-02-01,False,4075.0,39980.0,22756.0,31951.0,18783.666666666668,27085.666666666668,21091.916666666668,2,1,2025,32,1,зима
Еврейская автономная область,2025,январь-март,13495.0,3,2025-03-01,False,8692.0,43584.0,30691.0,35769.0,8754.0,24219.666666666668,19235.75,3,1,2025,60,1,весна
Еврейская автономная область,2025,январь-апрель,23292.0,4,2025-04-01,False,13495.0,4075.0,35492.0,2234.0,15159.666666666666,22186.333333333332,20990.583333333332,4,2,2025,91,0,весна
Еврейская автономная область,2025,январь-май,31246.0,5,2025-05-01,False,23292.0,8692.0,39980.0,5177.0,22677.666666666668,20730.666666666668,23163.0,5,2,2025,121,1,весна
Еврейская автономная область,2025,январь-июнь,42329.0,6,2025-06-01,False,31246.0,13495.0,43584.0,9118.0,32289.0,20521.5,25930.583333333332,6,2,2025,152,0,лето
Еврейская автономная область,2025,январь-июль,50335.0,7,2025-07-01,False,42329.0,23292.0,4075.0,15535.0,41303.333333333336,28231.5,28830.583333333332,7,3,2025,182,0,лето
Еврейская автономная область,2025,январь-август,57667.0,8,2025-08-01,False,50335.0,31246.0,8692.0,22756.0,50110.333333333336,36394.0,31739.833333333332,8,3,2025,213,0,лето
Еврейская автономная область,2025,январь-сентябрь,63696.0,9,2025-09-01,False,57667.0,42329.0,13495.0,30691.0,57232.666666666664,44760.833333333336,34490.25,9,3,2025,244,0,осень
Забайкальский край,2022,январь,36635.0,1,2022-01-01,False,,,,,36635.0,36635.0,36635.0,1,1,2022,1,1,зима
Забайкальский край,2022,январь-февраль,70011.0,2,2022-02-01,False,36635.0,,,,53323.0,53323.0,53323.0,2,1,2022,32,1,зима
Забайкальский край,2022,январь-март,111795.0,3,2022-03-01,False,70011.0,,,,72813.66666666667,72813.66666666667,72813.66666666667,3,1,2022,60,1,весна
Забайкальский край,2022,январь-апрель,140750.0,4,2022-04-01,False,111795.0,36635.0,,,107518.66666666667,89797.75,89797.75,4,2,2022,91,0,весна
Забайкальский край,2022,январь-май,177877.0,5,2022-05-01,False,140750.0,70011.0,,,143474.0,107413.6,107413.6,5,2,2022,121,1,весна
Забайкальский край,2022,январь-июнь,219064.0,6,2022-06-01,False,177877.0,111795.0,,,179230.33333333334,126022.0,126022.0,6,2,2022,152,0,лето
Забайкальский край,2022,январь-июль,303542.0,7,2022-07-01,False,219064.0,140750.0,36635.0,,233494.33333333334,170506.5,151382.0,7,3,2022,182,0,лето
Забайкальский край,2022,январь-август,372780.0,8,2022-08-01,False,303542.0,177877.0,70011.0,,298462.0,220968.0,179056.75,8,3,2022,213,0,лето
Забайкальский край,2022,январь-сентябрь,396344.0,9,2022-09-01,False,372780.0,219064.0,111795.0,,357555.3333333333,268392.8333333333,203199.77777777778,9,3,2022,244,0,осень
Забайкальский край,2022,январь-октябрь*,410534.0,10,2022-10-01,False,396344.0,303542.0,140750.0,,393219.3333333333,313356.8333333333,223933.2,10,4,2022,274,0,осень
Забайкальский край,2022,январь-ноябрь*,422764.0,11,2022-11-01,False,410534.0,372780.0,177877.0,,409880.6666666667,354171.3333333333,242008.72727272726,11,4,2022,305,0,осень
Забайкальский край,2022,январь-декабрь*,433914.0,12,2022-12-01,False,422764.0,396344.0,219064.0,,422404.0,389979.6666666667,258000.83333333334,12,4,2022,335,1,зима
Забайкальский край,2023,январь,16768.0,1,2023-01-01,False,433914.0,410534.0,303542.0,36635.0,291148.6666666667,342184.0,256345.25,1,1,2023,1,1,зима
Забайкальский край,2023,январь-февраль,37538.0,2,2023-02-01,False,16768.0,422764.0,372780.0,70011.0,162740.0,286310.3333333333,253639.16666666666,2,1,2023,32,1,зима
Забайкальский край,2023,январь-март,57424.0,3,2023-03-01,False,37538.0,433914.0,396344.0,111795.0,37243.333333333336,229823.66666666666,249108.25,3,1,2023,60,1,весна
Забайкальский край,2023,январь-апрель,86930.0,4,2023-04-01,False,57424.0,16768.0,410534.0,140750.0,60630.666666666664,175889.66666666666,244623.25,4,2,2023,91,0,весна
Забайкальский край,2023,январь-май,111301.0,5,2023-05-01,False,86930.0,37538.0,422764.0,177877.0,85218.33333333333,123979.16666666667,239075.25,5,2,2023,121,1,весна
Забайкальский край,2023,январь-июнь,167923.0,6,2023-06-01,False,111301.0,57424.0,433914.0,219064.0,122051.33333333333,79647.33333333333,234813.5,6,2,2023,152,0,лето
Забайкальский край,2023,январь-июль,255777.0,7,2023-07-01,False,167923.0,86930.0,16768.0,303542.0,178333.66666666666,119482.16666666667,230833.08333333334,7,3,2023,182,0,лето
Забайкальский край,2023,январь-август,323709.0,8,2023-08-01,False,255777.0,111301.0,37538.0,372780.0,249136.33333333334,167177.33333333334,226743.83333333334,8,3,2023,213,0,лето
Забайкальский край,2023,январь-сентябрь,345944.0,9,2023-09-01,False,323709.0,167923.0,57424.0,396344.0,308476.6666666667,215264.0,222543.83333333334,9,3,2023,244,0,осень
Забайкальский край,2024,январь,13695.0,1,2024-01-01,False,345944.0,255777.0,86930.0,410534.0,227782.66666666666,203058.16666666666,189473.91666666666,1,1,2024,1,1,зима
Забайкальский край,2024,январь-февраль,26079.0,2,2024-02-01,False,13695.0,323709.0,111301.0,422764.0,128572.66666666667,188854.5,156416.83333333334,2,1,2024,32,1,зима
Забайкальский край,2024,январь-март,54959.0,3,2024-03-01,False,26079.0,345944.0,167923.0,433914.0,31577.666666666668,170027.16666666666,124837.25,3,1,2024,61,1,весна
Забайкальский край,2024,январь-апрель,93099.0,4,2024-04-01,False,54959.0,13695.0,255777.0,16768.0,58045.666666666664,142914.16666666666,131198.16666666666,4,2,2024,92,0,весна
Забайкальский край,2024,январь-май,122938.0,5,2024-05-01,False,93099.0,26079.0,323709.0,37538.0,90332.0,109452.33333333333,138314.83333333334,5,2,2024,122,1,весна
Забайкальский край,2024,январь-июнь,195378.0,6,2024-06-01,False,122938.0,54959.0,345944.0,57424.0,137138.33333333334,84358.0,149811.0,6,2,2024,153,0,лето
Забайкальский край,2024,январь-июль,278378.0,7,2024-07-01,False,195378.0,93099.0,13695.0,86930.0,198898.0,128471.83333333333,165765.0,7,3,2024,183,0,лето
Забайкальский край,2024,январь-август,340170.0,8,2024-08-01,False,278378.0,122938.0,26079.0,111301.0,271308.6666666667,180820.33333333334,184837.41666666666,8,3,2024,214,0,лето
Забайкальский край,2024,январь-сентябрь,361719.0,9,2024-09-01,False,340170.0,195378.0,54959.0,167923.0,326755.6666666667,231947.0,200987.08333333334,9,3,2024,245,0,осень
Забайкальский край,2025,январь,21330.0,1,2025-01-01,False,361719.0,278378.0,93099.0,255777.0,241073.0,219985.5,181449.83333333334,1,1,2025,1,1,зима
Забайкальский край,2025,январь-февраль,38239.0,2,2025-02-01,False,21330.0,340170.0,122938.0,323709.0,140429.33333333334,205869.0,157660.66666666666,2,1,2025,32,1,зима
Забайкальский край,2025,январь-март,58969.0,3,2025-03-01,False,38239.0,361719.0,195378.0,345944.0,39512.666666666664,183134.16666666666,133746.08333333334,3,1,2025,60,1,весна
Забайкальский край,2025,январь-апрель,86007.0,4,2025-04-01,False,58969.0,21330.0,278378.0,13695.0,61071.666666666664,151072.33333333334,139772.08333333334,4,2,2025,91,0,весна
Забайкальский край,2025,январь-май,111948.0,5,2025-05-01,False,86007.0,38239.0,340170.0,26079.0,85641.33333333333,113035.33333333333,146927.83333333334,5,2,2025,121,1,весна
Забайкальский край,2025,январь-июнь,173961.0,6,2025-06-01,False,111948.0,58969.0,361719.0,54959.0,123972.0,81742.33333333333,156844.66666666666,6,2,2025,152,0,лето
Забайкальский край,2025,январь-июль,266355.0,7,2025-07-01,False,173961.0,86007.0,21330.0,93099.0,184088.0,122579.83333333333,171282.66666666666,7,3,2025,182,0,лето
Забайкальский край,2025,январь-август,348610.0,8,2025-08-01,False,266355.0,111948.0,38239.0,122938.0,262975.3333333333,174308.33333333334,190088.66666666666,8,3,2025,213,0,лето
Забайкальский край,2025,январь-сентябрь,373040.0,9,2025-09-01,False,348610.0,173961.0,58969.0,195378.0,329335.0,226653.5,204893.83333333334,9,3,2025,244,0,осень
Ивановская область,2022,январь,23843.0,1,2022-01-01,False,,,,,23843.0,23843.0,23843.0,1,1,2022,1,1,зима
Ивановская область,2022,январь-февраль,44016.0,2,2022-02-01,False,23843.0,,,,33929.5,33929.5,33929.5,2,1,2022,32,1,зима
Ивановская область,2022,январь-март,68800.0,3,2022-03-01,False,44016.0,,,,45553.0,45553.0,45553.0,3,1,2022,60,1,весна
Ивановская область,2022,январь-апрель,145360.0,4,2022-04-01,False,68800.0,23843.0,,,86058.66666666667,70504.75,70504.75,4,2,2022,91,0,весна
Ивановская область,2022,январь-май,214830.0,5,2022-05-01,False,145360.0,44016.0,,,142996.66666666666,99369.8,99369.8,5,2,2022,121,1,весна
Ивановская область,2022,январь-июнь,295863.0,6,2022-06-01,False,214830.0,68800.0,,,218684.33333333334,132118.66666666666,132118.66666666666,6,2,2022,152,0,лето
Ивановская область,2022,январь-июль,388769.0,7,2022-07-01,False,295863.0,145360.0,23843.0,,299820.6666666667,192939.66666666666,168783.0,7,3,2022,182,0,лето
Ивановская область,2022,январь-август,474819.0,8,2022-08-01,False,388769.0,214830.0,44016.0,,386483.6666666667,264740.1666666667,207037.5,8,3,2022,213,0,лето
Ивановская область,2022,январь-сентябрь,530155.0,9,2022-09-01,False,474819.0,295863.0,68800.0,,464581.0,341632.6666666667,242939.44444444444,9,3,2022,244,0,осень
Ивановская область,2022,январь-октябрь*,560921.0,10,2022-10-01,False,530155.0,388769.0,145360.0,,521965.0,410892.8333333333,274737.6,10,4,2022,274,0,осень
Ивановская область,2022,январь-ноябрь*,591906.0,11,2022-11-01,False,560921.0,474819.0,214830.0,,560994.0,473738.8333333333,303571.0909090909,11,4,2022,305,0,осень
Ивановская область,2022,январь-декабрь*,619795.0,12,2022-12-01,False,591906.0,530155.0,295863.0,,590874.0,527727.5,329923.0833333333,12,4,2022,335,1,зима
Ивановская область,2023,январь,21854.0,1,2023-01-01,False,619795.0,560921.0,388769.0,23843.0,411185.0,466575.0,329757.3333333333,1,1,2023,1,1,зима
Ивановская область,2023,январь-февраль,45481.0,2,2023-02-01,False,21854.0,591906.0,474819.0,44016.0,229043.33333333334,395018.6666666667,329879.4166666667,2,1,2023,32,1,зима
Ивановская область,2023,январь-март,70270.0,3,2023-03-01,False,45481.0,619795.0,530155.0,68800.0,45868.333333333336,318371.1666666667,330001.9166666667,3,1,2023,60,1,весна
Ивановская область,2023,январь-апрель,121588.0,4,2023-04-01,False,70270.0,21854.0,560921.0,145360.0,79113.0,245149.0,328020.9166666667,4,2,2023,91,0,весна
Ивановская область,2023,январь-май,170803.0,5,2023-05-01,False,121588.0,45481.0,591906.0,214830.0,120887.0,174965.16666666666,324352.0,5,2,2023,121,1,весна
Ивановская область,2023,январь-июнь,246703.0,6,2023-06-01,False,170803.0,70270.0,619795.0,295863.0,179698.0,112783.16666666667,320255.3333333333,6,2,2023,152,0,лето
Ивановская область,2023,январь-июль,327998.0,7,2023-07-01,False,246703.0,121588.0,21854.0,388769.0,248501.33333333334,163807.16666666666,315191.0833333333,7,3,2023,182,0,лето
Ивановская область,2023,январь-август,403331.0,8,2023-08-01,False,327998.0,170803.0,45481.0,474819.0,326010.6666666667,223448.83333333334,309233.75,8,3,2023,213,0,лето
Ивановская область,2023,январь-сентябрь,458272.0,9,2023-09-01,False,403331.0,246703.0,70270.0,530155.0,396533.6666666667,288115.8333333333,303243.5,9,3,2023,244,0,осень
Ивановская область,2024,январь,39010.0,1,2024-01-01,False,458272.0,327998.0,121588.0,560921.0,300204.3333333333,274352.8333333333,259750.91666666666,1,1,2024,1,1,зима
Ивановская область,2024,январь-февраль,83792.0,2,2024-02-01,False,39010.0,403331.0,170803.0,591906.0,193691.33333333334,259851.0,217408.08333333334,2,1,2024,32,1,зима
Ивановская область,2024,январь-март,128556.0,3,2024-03-01,False,83792.0,458272.0,246703.0,619795.0,83786.0,240159.83333333334,176471.5,3,1,2024,61,1,весна
Ивановская область,2024,январь-апрель,162261.0,4,2024-04-01,False,128556.0,39010.0,327998.0,21854.0,124869.66666666667,212537.0,188172.08333333334,4,2,2024,92,0,весна
Ивановская область,2024,январь-май,195699.0,5,2024-05-01,False,162261.0,83792.0,403331.0,45481.0,162172.0,177931.66666666666,200690.25,5,2,2024,122,1,весна
Ивановская область,2024,январь-июнь,241101.0,6,2024-06-01,False,195699.0,128556.0,458272.0,70270.0,199687.0,141736.5,214926.16666666666,6,2,2024,153,0,лето
Ивановская область,2024,январь-июль,312198.0,7,2024-07-01,False,241101.0,162261.0,39010.0,121588.0,249666.0,187267.83333333334,230810.33333333334,7,3,2024,183,0,лето
Ивановская область,2024,январь-август,379823.0,8,2024-08-01,False,312198.0,195699.0,83792.0,170803.0,311040.6666666667,236606.33333333334,248228.66666666666,8,3,2024,214,0,лето
Ивановская область,2024,январь-сентябрь,430943.0,9,2024-09-01,False,379823.0,241101.0,128556.0,246703.0,374321.3333333333,287004.1666666667,263582.0,9,3,2024,245,0,осень
Ивановская область,2025,январь,35211.0,1,2025-01-01,False,430943.0,312198.0,162261.0,327998.0,281992.3333333333,265829.1666666667,239183.08333333334,1,1,2025,1,1,зима
Ивановская область,2025,январь-февраль,68500.0,2,2025-02-01,False,35211.0,379823.0,195699.0,403331.0,178218.0,244629.33333333334,211280.5,2,1,2025,32,1,зима
Ивановская область,2025,январь-март,104902.0,3,2025-03-01,False,68500.0,430943.0,241101.0,458272.0,69537.66666666667,221929.5,181833.0,3,1,2025,60,1,весна
Ивановская область,2025,январь-апрель,139220.0,4,2025-04-01,False,104902.0,35211.0,312198.0,39010.0,104207.33333333333,193099.83333333334,190183.83333333334,4,2,2025,91,0,весна
Ивановская область,2025,январь-май,176163.0,5,2025-05-01,False,139220.0,68500.0,379823.0,83792.0,140095.0,159156.5,197881.41666666666,5,2,2025,121,1,весна
Ивановская область,2025,январь-июнь,226066.0,6,2025-06-01,False,176163.0,104902.0,430943.0,128556.0,180483.0,125010.33333333333,206007.25,6,2,2025,152,0,лето
Ивановская область,2025,январь-июль,298608.0,7,2025-07-01,False,226066.0,139220.0,35211.0,162261.0,233612.33333333334,168909.83333333334,217369.5,7,3,2025,182,0,лето
Ивановская область,2025,январь-август,372221.0,8,2025-08-01,False,298608.0,176163.0,68500.0,195699.0,298965.0,219530.0,232079.66666666666,8,3,2025,213,0,лето
Ивановская область,2025,январь-сентябрь,424897.0,9,2025-09-01,False,372221.0,226066.0,104902.0,241101.0,365242.0,272862.5,247396.0,9,3,2025,244,0,осень
Иркутская область,2022,январь,74474.0,1,2022-01-01,False,,,,,74474.0,74474.0,74474.0,1,1,2022,1,1,зима
Иркутская область,2022,январь-февраль,140921.0,2,2022-02-01,False,74474.0,,,,107697.5,107697.5,107697.5,2,1,2022,32,1,зима
Иркутская область,2022,январь-март,236670.0,3,2022-03-01,False,140921.0,,,,150688.33333333334,150688.33333333334,150688.33333333334,3,1,2022,60,1,весна
Иркутская область,2022,январь-апрель,302611.0,4,2022-04-01,False,236670.0,74474.0,,,226734.0,188669.0,188669.0,4,2,2022,91,0,весна
Иркутская область,2022,январь-май,363875.0,5,2022-05-01,False,302611.0,140921.0,,,301052.0,223710.2,223710.2,5,2,2022,121,1,весна
Иркутская область,2022,январь-июнь,443014.0,6,2022-06-01,False,363875.0,236670.0,,,369833.3333333333,260260.83333333334,260260.83333333334,6,2,2022,152,0,лето
Иркутская область,2022,январь-июль,541800.0,7,2022-07-01,False,443014.0,302611.0,74474.0,,449563.0,338148.5,300480.71428571426,7,3,2022,182,0,лето
Иркутская область,2022,январь-август,646196.0,8,2022-08-01,False,541800.0,363875.0,140921.0,,543670.0,422361.0,343695.125,8,3,2022,213,0,лето
Иркутская область,2022,январь-сентябрь,661739.0,9,2022-09-01,False,646196.0,443014.0,236670.0,,616578.3333333334,493205.8333333333,379033.3333333333,9,3,2022,244,0,осень
Иркутская область,2022,январь-октябрь*,712097.0,10,2022-10-01,False,661739.0,541800.0,302611.0,,673344.0,561453.5,412339.7,10,4,2022,274,0,осень
Иркутская область,2022,январь-ноябрь*,762211.0,11,2022-11-01,False,712097.0,646196.0,363875.0,,712015.6666666666,627842.8333333334,444146.1818181818,11,4,2022,305,0,осень
Иркутская область,2022,январь-декабрь*,837292.0,12,2022-12-01,False,762211.0,661739.0,443014.0,,770533.3333333334,693555.8333333334,476908.3333333333,12,4,2022,335,1,зима
Иркутская область,2023,январь,90940.0,1,2023-01-01,False,837292.0,712097.0,541800.0,74474.0,563481.0,618412.5,478280.5,1,1,2023,1,1,зима
Иркутская область,2023,январь-февраль,191341.0,2,2023-02-01,False,90940.0,762211.0,646196.0,140921.0,373191.0,542603.3333333334,482482.1666666667,2,1,2023,32,1,зима
Иркутская область,2023,январь-март,290216.0,3,2023-03-01,False,191341.0,837292.0,661739.0,236670.0,190832.33333333334,480682.8333333333,486944.3333333333,3,1,2023,60,1,весна
Иркутская область,2023,январь-апрель,387475.0,4,2023-04-01,False,290216.0,90940.0,712097.0,302611.0,289677.3333333333,426579.1666666667,494016.3333333333,4,2,2023,91,0,весна
Иркутская область,2023,январь-май,483099.0,5,2023-05-01,False,387475.0,191341.0,762211.0,363875.0,386930.0,380060.5,503951.6666666667,5,2,2023,121,1,весна
Иркутская область,2023,январь-июнь,620579.0,6,2023-06-01,False,483099.0,290216.0,837292.0,443014.0,497051.0,343941.6666666667,518748.75,6,2,2023,152,0,лето
Иркутская область,2023,январь-июль,801288.0,7,2023-07-01,False,620579.0,387475.0,90940.0,541800.0,634988.6666666666,462333.0,540372.75,7,3,2023,182,0,лето
Иркутская область,2023,январь-август,985808.0,8,2023-08-01,False,801288.0,483099.0,191341.0,646196.0,802558.3333333334,594744.1666666666,568673.75,8,3,2023,213,0,лето
Иркутская область,2023,январь-сентябрь,1100732.0,9,2023-09-01,False,985808.0,620579.0,290216.0,661739.0,962609.3333333334,729830.1666666666,605256.5,9,3,2023,244,0,осень
Иркутская область,2024,январь,105467.0,1,2024-01-01,False,1100732.0,801288.0,387475.0,712097.0,730669.0,682828.8333333334,554704.0,1,1,2024,1,1,зима
Иркутская область,2024,январь-февраль,220596.0,2,2024-02-01,False,105467.0,985808.0,483099.0,762211.0,475598.3333333333,639078.3333333334,509569.4166666667,2,1,2024,32,1,зима
Иркутская область,2024,январь-март,339325.0,3,2024-03-01,False,220596.0,1100732.0,620579.0,837292.0,221796.0,592202.6666666666,468072.1666666667,3,1,2024,61,1,весна
Иркутская область,2024,январь-апрель,430368.0,4,2024-04-01,False,339325.0,105467.0,801288.0,90940.0,330096.3333333333,530382.6666666666,496357.8333333333,4,2,2024,92,0,весна
Иркутская область,2024,январь-май,515738.0,5,2024-05-01,False,430368.0,220596.0,985808.0,191341.0,428477.0,452037.6666666667,523390.9166666667,5,2,2024,122,1,весна
Иркутская область,2024,январь-июнь,651785.0,6,2024-06-01,False,515738.0,339325.0,1100732.0,290216.0,532630.3333333334,377213.1666666667,553521.6666666666,6,2,2024,153,0,лето
Иркутская область,2024,январь-июль,867995.0,7,2024-07-01,False,651785.0,430368.0,105467.0,387475.0,678506.0,504301.1666666667,593565.0,7,3,2024,183,0,лето
Иркутская область,2024,январь-август,1074414.0,8,2024-08-01,False,867995.0,515738.0,220596.0,483099.0,864731.3333333334,646604.1666666666,642841.25,8,3,2024,214,0,лето
Иркутская область,2024,январь-сентябрь,1208416.0,9,2024-09-01,False,1074414.0,651785.0,339325.0,620579.0,1050275.0,791452.6666666666,691827.6666666666,9,3,2024,245,0,осень
Иркутская область,2025,январь,114442.0,1,2025-01-01,False,1208416.0,867995.0,430368.0,801288.0,799090.6666666666,738798.3333333334,634590.5,1,1,2025,1,1,зима
Иркутская область,2025,январь-февраль,234818.0,2,2025-02-01,False,114442.0,1074414.0,515738.0,985808.0,519225.3333333333,691978.3333333334,572008.0,2,1,2025,32,1,зима
Иркутская область,2025,январь-март,353496.0,3,2025-03-01,False,234818.0,1208416.0,651785.0,1100732.0,234252.0,642263.5,509738.3333333333,3,1,2025,60,1,весна
Иркутская область,2025,январь-апрель,456788.0,4,2025-04-01,False,353496.0,114442.0,867995.0,105467.0,348367.3333333333,573729.0,539015.0833333334,4,2,2025,91,0,весна
Иркутская область,2025,январь-май,556149.0,5,2025-05-01,False,456788.0,234818.0,1074414.0,220596.0,455477.6666666667,487351.5,566977.8333333334,5,2,2025,121,1,весна
Иркутская область,2025,январь-июнь,707430.0,6,2025-06-01,False,556149.0,353496.0,1208416.0,339325.0,573455.6666666666,403853.8333333333,597653.25,6,2,2025,152,0,лето
Иркутская область,2025,январь-июль,892266.0,7,2025-07-01,False,707430.0,456788.0,114442.0,430368.0,718615.0,533491.1666666666,636144.75,7,3,2025,182,0,лето
Иркутская область,2025,январь-август,1058107.0,8,2025-08-01,False,892266.0,556149.0,234818.0,515738.0,885934.3333333334,670706.0,681342.1666666666,8,3,2025,213,0,лето
Иркутская область,2025,январь-сентябрь,1157909.0,9,2025-09-01,False,1058107.0,707430.0,353496.0,651785.0,1036094.0,804774.8333333334,723519.1666666666,9,3,2025,244,0,осень
Кабардино-Балкарская Республика,2022,январь,13420.0,1,2022-01-01,False,,,,,13420.0,13420.0,13420.0,1,1,2022,1,1,зима
Кабардино-Балкарская Республика,2022,январь-февраль,21209.0,2,2022-02-01,False,13420.0,,,,17314.5,17314.5,17314.5,2,1,2022,32,1,зима
Кабардино-Балкарская Республика,2022,январь-март,35287.0,3,2022-03-01,False,21209.0,,,,23305.333333333332,23305.333333333332,23305.333333333332,3,1,2022,60,1,весна
Кабардино-Балкарская Республика,2022,январь-апрель,60557.0,4,2022-04-01,False,35287.0,13420.0,,,39017.666666666664,32618.25,32618.25,4,2,2022,91,0,весна
Кабардино-Балкарская Республика,2022,январь-май,94083.0,5,2022-05-01,False,60557.0,21209.0,,,63309.0,44911.2,44911.2,5,2,2022,121,1,весна
Кабардино-Балкарская Республика,2022,январь-июнь,133142.0,6,2022-06-01,False,94083.0,35287.0,,,95927.33333333333,59616.333333333336,59616.333333333336,6,2,2022,152,0,лето
Кабардино-Балкарская Республика,2022,январь-июль,191777.0,7,2022-07-01,False,133142.0,60557.0,13420.0,,139667.33333333334,89342.5,78496.42857142857,7,3,2022,182,0,лето
Кабардино-Балкарская Республика,2022,январь-август,258833.0,8,2022-08-01,False,191777.0,94083.0,21209.0,,194584.0,128946.5,101038.5,8,3,2022,213,0,лето
Кабардино-Балкарская Республика,2022,январь-сентябрь,307517.0,9,2022-09-01,False,258833.0,133142.0,35287.0,,252709.0,174318.16666666666,123980.55555555556,9,3,2022,244,0,осень
Кабардино-Балкарская Республика,2022,январь-октябрь*,322411.0,10,2022-10-01,False,307517.0,191777.0,60557.0,,296253.6666666667,217960.5,143823.6,10,4,2022,274,0,осень
Кабардино-Балкарская Республика,2022,январь-ноябрь*,334895.0,11,2022-11-01,False,322411.0,258833.0,94083.0,,321607.6666666667,258095.83333333334,161193.72727272726,11,4,2022,305,0,осень
Кабардино-Балкарская Республика,2022,январь-декабрь*,347705.0,12,2022-12-01,False,334895.0,307517.0,133142.0,,335003.6666666667,293856.3333333333,176736.33333333334,12,4,2022,335,1,зима
Кабардино-Балкарская Республика,2023,январь,21872.0,1,2023-01-01,False,347705.0,322411.0,191777.0,13420.0,234824.0,265538.8333333333,177440.66666666666,1,1,2023,1,1,зима
Кабардино-Балкарская Республика,2023,январь-февраль,49113.0,2,2023-02-01,False,21872.0,334895.0,258833.0,21209.0,139563.33333333334,230585.5,179766.0,2,1,2023,32,1,зима
Кабардино-Балкарская Республика,2023,январь-март,76277.0,3,2023-03-01,False,49113.0,347705.0,307517.0,35287.0,49087.333333333336,192045.5,183181.83333333334,3,1,2023,60,1,весна
Кабардино-Балкарская Республика,2023,январь-апрель,250959.0,4,2023-04-01,False,76277.0,21872.0,322411.0,60557.0,125449.66666666667,180136.83333333334,199048.66666666666,4,2,2023,91,0,весна
Кабардино-Балкарская Республика,2023,январь-май,455762.0,5,2023-05-01,False,250959.0,49113.0,334895.0,94083.0,260999.33333333334,200281.33333333334,229188.58333333334,5,2,2023,121,1,весна
Кабардино-Балкарская Республика,2023,январь-июнь,662252.0,6,2023-06-01,True,455762.0,76277.0,347705.0,133142.0,456324.3333333333,252705.83333333334,273281.0833333333,6,2,2023,152,0,лето
Кабардино-Балкарская Республика,2023,январь-июль,749138.0,7,2023-07-01,True,662252.0,250959.0,21872.0,191777.0,622384.0,373916.8333333333,319727.8333333333,7,3,2023,182,0,лето
Кабардино-Балкарская Республика,2023,январь-август,836388.0,8,2023-08-01,True,749138.0,455762.0,49113.0,258833.0,749259.3333333334,505129.3333333333,367857.4166666667,8,3,2023,213,0,лето
Кабардино-Балкарская Республика,2023,январь-сентябрь,893327.0,9,2023-09-01,True,836388.0,662252.0,76277.0,307517.0,826284.3333333334,641304.3333333334,416674.9166666667,9,3,2023,244,0,осень
Кабардино-Балкарская Республика,2024,январь,17214.0,1,2024-01-01,False,893327.0,749138.0,250959.0,322411.0,582309.6666666666,602346.8333333334,391241.8333333333,1,1,2024,1,1,зима
Кабардино-Балкарская Республика,2024,январь-февраль,35173.0,2,2024-02-01,False,17214.0,836388.0,455762.0,334895.0,315238.0,532248.6666666666,366265.0,2,1,2024,32,1,зима
Кабардино-Балкарская Республика,2024,январь-март,55406.0,3,2024-03-01,False,35173.0,893327.0,662252.0,347705.0,35931.0,431107.6666666667,341906.75,3,1,2024,61,1,весна
Кабардино-Балкарская Республика,2024,январь-апрель,84740.0,4,2024-04-01,False,55406.0,17214.0,749138.0,21872.0,58439.666666666664,320374.6666666667,347145.75,4,2,2024,92,0,весна
Кабардино-Балкарская Республика,2024,январь-май,106152.0,5,2024-05-01,False,84740.0,35173.0,836388.0,49113.0,82099.33333333333,198668.66666666666,351899.0,5,2,2024,122,1,весна
Кабардино-Балкарская Республика,2024,январь-июнь,129271.0,6,2024-06-01,False,106152.0,55406.0,893327.0,76277.0,106721.0,71326.0,356315.1666666667,6,2,2024,153,0,лето
Кабардино-Балкарская Республика,2024,январь-июль,206318.0,7,2024-07-01,False,129271.0,84740.0,17214.0,250959.0,147247.0,102843.33333333333,352595.0833333333,7,3,2024,183,0,лето
Кабардино-Балкарская Республика,2024,январь-август,283870.0,8,2024-08-01,False,206318.0,106152.0,35173.0,455762.0,206486.33333333334,144292.83333333334,338270.75,8,3,2024,214,0,лето
Кабардино-Балкарская Республика,2024,январь-сентябрь,345419.0,9,2024-09-01,False,283870.0,129271.0,55406.0,662252.0,278535.6666666667,192628.33333333334,311868.0,9,3,2024,245,0,осень
Кабардино-Балкарская Республика,2025,январь,17492.0,1,2025-01-01,False,345419.0,206318.0,84740.0,749138.0,215593.66666666666,181420.33333333334,250897.5,1,1,2025,1,1,зима
Кабардино-Балкарская Республика,2025,январь-февраль,37886.0,2,2025-02-01,False,17492.0,283870.0,106152.0,836388.0,133599.0,170042.66666666666,184355.66666666666,2,1,2025,32,1,зима
Кабардино-Балкарская Республика,2025,январь-март,58733.0,3,2025-03-01,False,37886.0,345419.0,129271.0,893327.0,38037.0,158286.33333333334,114806.16666666667,3,1,2025,60,1,весна
Кабардино-Балкарская Республика,2025,январь-апрель,86150.0,4,2025-04-01,False,58733.0,17492.0,206318.0,17214.0,60923.0,138258.33333333334,120550.83333333333,4,2,2025,91,0,весна
Кабардино-Балкарская Республика,2025,январь-май,113194.0,5,2025-05-01,False,86150.0,37886.0,283870.0,35173.0,86025.66666666667,109812.33333333333,127052.58333333333,5,2,2025,121,1,весна
Кабардино-Балкарская Республика,2025,январь-июнь,143076.0,6,2025-06-01,False,113194.0,58733.0,345419.0,55406.0,114140.0,76088.5,134358.41666666666,6,2,2025,152,0,лето
Кабардино-Балкарская Республика,2025,январь-июль,183451.0,7,2025-07-01,False,143076.0,86150.0,17492.0,84740.0,146573.66666666666,103748.33333333333,142584.33333333334,7,3,2025,182,0,лето
Кабардино-Балкарская Республика,2025,январь-август,226008.0,8,2025-08-01,False,183451.0,113194.0,37886.0,106152.0,184178.33333333334,135102.0,152572.33333333334,8,3,2025,213,0,лето
Кабардино-Балкарская Республика,2025,январь-сентябрь,257698.0,9,2025-09-01,False,226008.0,143076.0,58733.0,129271.0,222385.66666666666,168262.83333333334,163274.58333333334,9,3,2025,244,0,осень
Калининградская область,2022,январь,53044.0,1,2022-01-01,False,,,,,53044.0,53044.0,53044.0,1,1,2022,1,1,зима
Калининградская область,2022,январь-февраль,93031.0,2,2022-02-01,False,53044.0,,,,73037.5,73037.5,73037.5,2,1,2022,32,1,зима
Калининградская область,2022,январь-март,151561.0,3,2022-03-01,False,93031.0,,,,99212.0,99212.0,99212.0,3,1,2022,60,1,весна
Калининградская область,2022,январь-апрель,225691.0,4,2022-04-01,False,151561.0,53044.0,,,156761.0,130831.75,130831.75,4,2,2022,91,0,весна
Калининградская область,2022,январь-май,295733.0,5,2022-05-01,False,225691.0,93031.0,,,224328.33333333334,163812.0,163812.0,5,2,2022,121,1,весна
Калининградская область,2022,январь-июнь,367911.0,6,2022-06-01,False,295733.0,151561.0,,,296445.0,197828.5,197828.5,6,2,2022,152,0,лето
Калининградская область,2022,январь-июль,441170.0,7,2022-07-01,False,367911.0,225691.0,53044.0,,368271.3333333333,262516.1666666667,232591.57142857142,7,3,2022,182,0,лето
Калининградская область,2022,январь-август,505485.0,8,2022-08-01,False,441170.0,295733.0,93031.0,,438188.6666666667,331258.5,266703.25,8,3,2022,213,0,лето
Калининградская область,2022,январь-сентябрь,571806.0,9,2022-09-01,False,505485.0,367911.0,151561.0,,506153.6666666667,401299.3333333333,300603.55555555556,9,3,2022,244,0,осень
Калининградская область,2022,январь-октябрь*,613087.0,10,2022-10-01,False,571806.0,441170.0,225691.0,,563459.3333333334,465865.3333333333,331851.9,10,4,2022,274,0,осень
Калининградская область,2022,январь-ноябрь*,646934.0,11,2022-11-01,False,613087.0,505485.0,295733.0,,610609.0,524398.8333333334,360495.7272727273,11,4,2022,305,0,осень
Калининградская область,2022,январь-декабрь*,685570.0,12,2022-12-01,False,646934.0,571806.0,367911.0,,648530.3333333334,577342.0,387585.25,12,4,2022,335,1,зима
Калининградская область,2023,январь,49868.0,1,2023-01-01,False,685570.0,613087.0,441170.0,53044.0,460790.6666666667,512125.0,387320.5833333333,1,1,2023,1,1,зима
Калининградская область,2023,январь-февраль,99428.0,2,2023-02-01,False,49868.0,646934.0,505485.0,93031.0,278288.6666666667,444448.8333333333,387853.6666666667,2,1,2023,32,1,зима
Калининградская область,2023,январь-март,158914.0,3,2023-03-01,False,99428.0,685570.0,571806.0,151561.0,102736.66666666667,375633.5,388466.4166666667,3,1,2023,60,1,весна
Калининградская область,2023,январь-апрель,259021.0,4,2023-04-01,False,158914.0,49868.0,613087.0,225691.0,172454.33333333334,316622.5,391243.9166666667,4,2,2023,91,0,весна
Калининградская область,2023,январь-май,364874.0,5,2023-05-01,False,259021.0,99428.0,646934.0,295733.0,260936.33333333334,269612.5,397005.6666666667,5,2,2023,121,1,весна
Калининградская область,2023,январь-июнь,493118.0,6,2023-06-01,False,364874.0,158914.0,685570.0,367911.0,372337.6666666667,237537.16666666666,407439.5833333333,6,2,2023,152,0,лето
Калининградская область,2023,январь-июль,734510.0,7,2023-07-01,False,493118.0,259021.0,49868.0,441170.0,530834.0,351644.1666666667,431884.5833333333,7,3,2023,182,0,лето
Калининградская область,2023,январь-август,967068.0,8,2023-08-01,False,734510.0,364874.0,99428.0,505485.0,731565.3333333334,496250.8333333333,470349.8333333333,8,3,2023,213,0,лето
Калининградская область,2023,январь-сентябрь,1137706.0,9,2023-09-01,False,967068.0,493118.0,158914.0,571806.0,946428.0,659382.8333333334,517508.1666666667,9,3,2023,244,0,осень
Калининградская область,2024,январь,60541.0,1,2024-01-01,False,1137706.0,734510.0,259021.0,613087.0,721771.6666666666,626302.8333333334,471462.6666666667,1,1,2024,1,1,зима
Калининградская область,2024,январь-февраль,119848.0,2,2024-02-01,False,60541.0,967068.0,364874.0,646934.0,439365.0,585465.1666666666,427538.8333333333,2,1,2024,32,1,зима
Калининградская область,2024,январь-март,201169.0,3,2024-03-01,False,119848.0,1137706.0,493118.0,685570.0,127186.0,536807.0,387172.0833333333,3,1,2024,61,1,весна
Калининградская область,2024,январь-апрель,303541.0,4,2024-04-01,False,201169.0,60541.0,734510.0,49868.0,208186.0,464978.8333333333,408311.5,4,2,2024,92,0,весна
Калининградская область,2024,январь-май,410365.0,5,2024-05-01,False,303541.0,119848.0,967068.0,99428.0,305025.0,372195.0,434222.9166666667,5,2,2024,122,1,весна
Калининградская область,2024,январь-июнь,549751.0,6,2024-06-01,False,410365.0,201169.0,1137706.0,158914.0,421219.0,274202.5,466792.6666666667,6,2,2024,153,0,лето
Калининградская область,2024,январь-июль,711768.0,7,2024-07-01,False,549751.0,303541.0,60541.0,259021.0,557294.6666666666,382740.3333333333,504521.5833333333,7,3,2024,183,0,лето
Калининградская область,2024,январь-август,865694.0,8,2024-08-01,False,711768.0,410365.0,119848.0,364874.0,709071.0,507048.0,546256.5833333334,8,3,2024,214,0,лето
Калининградская область,2024,январь-сентябрь,968617.0,9,2024-09-01,False,865694.0,549751.0,201169.0,493118.0,848693.0,634956.0,585881.5,9,3,2024,245,0,осень
Калининградская область,2025,январь,70879.0,1,2025-01-01,False,968617.0,711768.0,303541.0,734510.0,635063.3333333334,596179.0,530578.9166666666,1,1,2025,1,1,зима
Калининградская область,2025,январь-февраль,134614.0,2,2025-02-01,False,70879.0,865694.0,410365.0,967068.0,391370.0,550220.5,461207.75,2,1,2025,32,1,зима
Калининградская область,2025,январь-март,219933.0,3,2025-03-01,False,134614.0,968617.0,549751.0,1137706.0,141808.66666666666,495250.8333333333,384726.6666666667,3,1,2025,60,1,весна
Калининградская область,2025,январь-апрель,324197.0,4,2025-04-01,False,219933.0,70879.0,711768.0,60541.0,226248.0,430655.6666666667,406698.0,4,2,2025,91,0,весна
Калининградская область,2025,январь-май,439512.0,5,2025-05-01,False,324197.0,134614.0,865694.0,119848.0,327880.6666666667,359625.3333333333,433336.6666666667,5,2,2025,121,1,весна
Калининградская область,2025,январь-июнь,588217.0,6,2025-06-01,False,439512.0,219933.0,968617.0,201169.0,450642.0,296225.3333333333,465590.6666666667,6,2,2025,152,0,лето
Калининградская область,2025,январь-июль,778355.0,7,2025-07-01,False,588217.0,324197.0,70879.0,303541.0,602028.0,414138.0,505158.5,7,3,2025,182,0,лето
Калининградская область,2025,январь-август,961809.0,8,2025-08-01,False,778355.0,439512.0,134614.0,410365.0,776127.0,552003.8333333334,551112.1666666666,8,3,2025,213,0,лето
Калининградская область,2025,январь-сентябрь,1095837.0,9,2025-09-01,False,961809.0,588217.0,219933.0,549751.0,945333.6666666666,697987.8333333334,596619.3333333334,9,3,2025,244,0,осень
Калужская область,2022,январь,62264.0,1,2022-01-01,False,,,,,62264.0,62264.0,62264.0,1,1,2022,1,1,зима
Калужская область,2022,январь-февраль,107826.0,2,2022-02-01,False,62264.0,,,,85045.0,85045.0,85045.0,2,1,2022,32,1,зима
Калужская область,2022,январь-март,155789.0,3,2022-03-01,False,107826.0,,,,108626.33333333333,108626.33333333333,108626.33333333333,3,1,2022,60,1,весна
Калужская область,2022,январь-апрель,195241.0,4,2022-04-01,False,155789.0,62264.0,,,152952.0,130280.0,130280.0,4,2,2022,91,0,весна
Калужская область,2022,январь-май,239952.0,5,2022-05-01,False,195241.0,107826.0,,,196994.0,152214.4,152214.4,5,2,2022,121,1,весна
Калужская область,2022,январь-июнь,296506.0,6,2022-06-01,False,239952.0,155789.0,,,243899.66666666666,176263.0,176263.0,6,2,2022,152,0,лето
Калужская область,2022,январь-июль,406706.0,7,2022-07-01,False,296506.0,195241.0,62264.0,,314388.0,233670.0,209183.42857142858,7,3,2022,182,0,лето
Калужская область,2022,январь-август,472920.0,8,2022-08-01,False,406706.0,239952.0,107826.0,,392044.0,294519.0,242150.5,8,3,2022,213,0,лето
Калужская область,2022,январь-сентябрь,517282.0,9,2022-09-01,False,472920.0,296506.0,155789.0,,465636.0,354767.8333333333,272720.6666666667,9,3,2022,244,0,осень
Калужская область,2022,январь-октябрь*,549523.0,10,2022-10-01,False,517282.0,406706.0,195241.0,,513241.6666666667,413814.8333333333,300400.9,10,4,2022,274,0,осень
Калужская область,2022,январь-ноябрь*,583208.0,11,2022-11-01,False,549523.0,472920.0,239952.0,,550004.3333333334,471024.1666666667,326110.63636363635,11,4,2022,305,0,осень
Калужская область,2022,январь-декабрь*,612606.0,12,2022-12-01,False,583208.0,517282.0,296506.0,,581779.0,523707.5,349985.25,12,4,2022,335,1,зима
Калужская область,2023,январь,55158.0,1,2023-01-01,False,612606.0,549523.0,406706.0,62264.0,416990.6666666667,465116.1666666667,349393.0833333333,1,1,2023,1,1,зима
Калужская область,2023,январь-февраль,121381.0,2,2023-02-01,False,55158.0,583208.0,472920.0,107826.0,263048.3333333333,406526.3333333333,350522.6666666667,2,1,2023,32,1,зима
Калужская область,2023,январь-март,179189.0,3,2023-03-01,False,121381.0,612606.0,517282.0,155789.0,118576.0,350177.5,352472.6666666667,3,1,2023,60,1,весна
Калужская область,2023,январь-апрель,257627.0,4,2023-04-01,False,179189.0,55158.0,549523.0,195241.0,186065.66666666666,301528.1666666667,357671.5,4,2,2023,91,0,весна
Калужская область,2023,январь-май,332857.0,5,2023-05-01,False,257627.0,121381.0,583208.0,239952.0,256557.66666666666,259803.0,365413.5833333333,5,2,2023,121,1,весна
Калужская область,2023,январь-июнь,434593.0,6,2023-06-01,False,332857.0,179189.0,612606.0,296506.0,341692.3333333333,230134.16666666666,376920.8333333333,6,2,2023,152,0,лето
Калужская область,2023,январь-июль,532959.0,7,2023-07-01,False,434593.0,257627.0,55158.0,406706.0,433469.6666666667,309767.6666666667,387441.9166666667,7,3,2023,182,0,лето
Калужская область,2023,январь-август,630517.0,8,2023-08-01,False,532959.0,332857.0,121381.0,472920.0,532689.6666666666,394623.6666666667,400575.0,8,3,2023,213,0,лето
Калужская область,2023,январь-сентябрь,696683.0,9,2023-09-01,False,630517.0,434593.0,179189.0,517282.0,620053.0,480872.6666666667,415525.0833333333,9,3,2023,244,0,осень
Калужская область,2024,январь,55642.0,1,2024-01-01,False,696683.0,532959.0,257627.0,549523.0,460947.3333333333,447208.5,374368.3333333333,1,1,2024,1,1,зима
Калужская область,2024,январь-февраль,118541.0,2,2024-02-01,False,55642.0,630517.0,332857.0,583208.0,290288.6666666667,411489.1666666667,335646.0833333333,2,1,2024,32,1,зима
Калужская область,2024,январь-март,179165.0,3,2024-03-01,False,118541.0,696683.0,434593.0,612606.0,117782.66666666667,368917.8333333333,299526.0,3,1,2024,61,1,весна
Калужская область,2024,январь-апрель,245504.0,4,2024-04-01,False,179165.0,55642.0,532959.0,55158.0,181070.0,321008.6666666667,315388.1666666667,4,2,2024,92,0,весна
Калужская область,2024,январь-май,299744.0,5,2024-05-01,False,245504.0,118541.0,630517.0,121381.0,241471.0,265879.8333333333,330251.75,5,2,2024,122,1,весна
Калужская область,2024,январь-июнь,379339.0,6,2024-06-01,False,299744.0,179165.0,696683.0,179189.0,308195.6666666667,212989.16666666666,346930.9166666667,6,2,2024,153,0,лето
Калужская область,2024,январь-июль,474127.0,7,2024-07-01,False,379339.0,245504.0,55642.0,257627.0,384403.3333333333,282736.6666666667,364972.5833333333,7,3,2024,183,0,лето
Калужская область,2024,январь-август,568927.0,8,2024-08-01,False,474127.0,299744.0,118541.0,332857.0,474131.0,357801.0,384645.0833333333,8,3,2024,214,0,лето
Калужская область,2024,январь-сентябрь,629477.0,9,2024-09-01,False,568927.0,379339.0,179165.0,434593.0,557510.3333333334,432853.0,400885.4166666667,9,3,2024,245,0,осень
Калужская область,2025,январь,62429.0,1,2025-01-01,False,629477.0,474127.0,245504.0,532959.0,420277.6666666667,402340.5,361674.5833333333,1,1,2025,1,1,зима
Калужская область,2025,январь-февраль,132989.0,2,2025-02-01,False,62429.0,568927.0,299744.0,630517.0,274965.0,374548.0,320213.9166666667,2,1,2025,32,1,зима
Калужская область,2025,январь-март,218064.0,3,2025-03-01,False,132989.0,629477.0,379339.0,696683.0,137827.33333333334,347668.8333333333,280329.0,3,1,2025,60,1,весна
Калужская область,2025,январь-апрель,297912.0,4,2025-04-01,False,218064.0,62429.0,474127.0,55642.0,216321.66666666666,318299.6666666667,300518.1666666667,4,2,2025,91,0,весна
Калужская область,2025,январь-май,367890.0,5,2025-05-01,False,297912.0,132989.0,568927.0,118541.0,294622.0,284793.5,321297.25,5,2,2025,121,1,весна
Калужская область,2025,январь-июнь,474647.0,6,2025-06-01,False,367890.0,218064.0,629477.0,179165.0,380149.6666666667,258988.5,345920.75,6,2,2025,152,0,лето
Калужская область,2025,январь-июль,597991.0,7,2025-07-01,False,474647.0,297912.0,62429.0,245504.0,480176.0,348248.8333333333,375294.6666666667,7,3,2025,182,0,лето
Калужская область,2025,январь-август,719459.0,8,2025-08-01,False,597991.0,367890.0,132989.0,299744.0,597365.6666666666,445993.8333333333,410270.9166666667,8,3,2025,213,0,лето
Калужская область,2025,январь-сентябрь,788374.0,9,2025-09-01,False,719459.0,474647.0,218064.0,379339.0,701941.3333333334,541045.5,444357.1666666667,9,3,2025,244,0,осень
Камчатский край,2022,январь,14342.0,1,2022-01-01,False,,,,,14342.0,14342.0,14342.0,1,1,2022,1,1,зима
Камчатский край,2022,январь-февраль,41406.0,2,2022-02-01,False,14342.0,,,,27874.0,27874.0,27874.0,2,1,2022,32,1,зима
Камчатский край,2022,январь-март,70941.0,3,2022-03-01,False,41406.0,,,,42229.666666666664,42229.666666666664,42229.666666666664,3,1,2022,60,1,весна
Камчатский край,2022,январь-апрель,127761.0,4,2022-04-01,False,70941.0,14342.0,,,80036.0,63612.5,63612.5,4,2,2022,91,0,весна
Камчатский край,2022,январь-май,168299.0,5,2022-05-01,False,127761.0,41406.0,,,122333.66666666667,84549.8,84549.8,5,2,2022,121,1,весна
Камчатский край,2022,январь-июнь,201628.0,6,2022-06-01,False,168299.0,70941.0,,,165896.0,104062.83333333333,104062.83333333333,6,2,2022,152,0,лето
Камчатский край,2022,январь-июль,258195.0,7,2022-07-01,False,201628.0,127761.0,14342.0,,209374.0,144705.0,126081.71428571429,7,3,2022,182,0,лето
Камчатский край,2022,январь-август,321754.0,8,2022-08-01,False,258195.0,168299.0,41406.0,,260525.66666666666,191429.66666666666,150540.75,8,3,2022,213,0,лето
Камчатский край,2022,январь-сентябрь,368883.0,9,2022-09-01,False,321754.0,201628.0,70941.0,,316277.3333333333,241086.66666666666,174801.0,9,3,2022,244,0,осень
Камчатский край,2022,январь-октябрь*,447538.0,10,2022-10-01,False,368883.0,258195.0,127761.0,,379391.6666666667,294382.8333333333,202074.7,10,4,2022,274,0,осень
Камчатский край,2022,январь-ноябрь*,537170.0,11,2022-11-01,False,447538.0,321754.0,168299.0,,451197.0,355861.3333333333,232537.9090909091,11,4,2022,305,0,осень
Камчатский край,2022,январь-декабрь*,618342.0,12,2022-12-01,False,537170.0,368883.0,201628.0,,534350.0,425313.6666666667,264688.25,12,4,2022,335,1,зима
Камчатский край,2023,январь,14083.0,1,2023-01-01,False,618342.0,447538.0,258195.0,14342.0,389865.0,384628.3333333333,264666.6666666667,1,1,2023,1,1,зима
Камчатский край,2023,январь-февраль,47497.0,2,2023-02-01,False,14083.0,537170.0,321754.0,41406.0,226640.66666666666,338918.8333333333,265174.25,2,1,2023,32,1,зима
Камчатский край,2023,январь-март,95532.0,3,2023-03-01,False,47497.0,618342.0,368883.0,70941.0,52370.666666666664,293360.3333333333,267223.5,3,1,2023,60,1,весна
Камчатский край,2023,январь-апрель,155572.0,4,2023-04-01,False,95532.0,14083.0,447538.0,127761.0,99533.66666666667,244699.33333333334,269541.0833333333,4,2,2023,91,0,весна
Камчатский край,2023,январь-май,190987.0,5,2023-05-01,False,155572.0,47497.0,537170.0,168299.0,147363.66666666666,187002.16666666666,271431.75,5,2,2023,121,1,весна
Камчатский край,2023,январь-июнь,223831.0,6,2023-06-01,False,190987.0,95532.0,618342.0,201628.0,190130.0,121250.33333333333,273282.0,6,2,2023,152,0,лето
Камчатский край,2023,январь-июль,259555.0,7,2023-07-01,False,223831.0,155572.0,14083.0,258195.0,224791.0,162162.33333333334,273395.3333333333,7,3,2023,182,0,лето
Камчатский край,2023,январь-август,297597.0,8,2023-08-01,False,259555.0,190987.0,47497.0,321754.0,260327.66666666666,203845.66666666666,271382.25,8,3,2023,213,0,лето
Камчатский край,2023,январь-сентябрь,330374.0,9,2023-09-01,False,297597.0,223831.0,95532.0,368883.0,295842.0,242986.0,268173.1666666667,9,3,2023,244,0,осень
Камчатский край,2024,январь,31114.0,1,2024-01-01,False,330374.0,259555.0,155572.0,447538.0,219695.0,222243.0,233471.16666666666,1,1,2024,1,1,зима
Камчатский край,2024,январь-февраль,63466.0,2,2024-02-01,False,31114.0,297597.0,190987.0,537170.0,141651.33333333334,200989.5,193995.83333333334,2,1,2024,32,1,зима
Камчатский край,2024,январь-март,98952.0,3,2024-03-01,False,63466.0,330374.0,223831.0,618342.0,64510.666666666664,180176.33333333334,150713.33333333334,3,1,2024,61,1,весна
Камчатский край,2024,январь-апрель,134583.0,4,2024-04-01,False,98952.0,31114.0,259555.0,14083.0,99000.33333333333,159347.66666666666,160755.0,4,2,2024,92,0,весна
Камчатский край,2024,январь-май,172668.0,5,2024-05-01,False,134583.0,63466.0,297597.0,47497.0,135401.0,138526.16666666666,171185.91666666666,5,2,2024,122,1,весна
Камчатский край,2024,январь-июнь,200588.0,6,2024-06-01,False,172668.0,98952.0,330374.0,95532.0,169279.66666666666,116895.16666666667,179940.58333333334,6,2,2024,153,0,лето
Камчатский край,2024,январь-июль,247234.0,7,2024-07-01,False,200588.0,134583.0,31114.0,155572.0,206830.0,152915.16666666666,187579.08333333334,7,3,2024,183,0,лето
Камчатский край,2024,январь-август,298272.0,8,2024-08-01,False,247234.0,172668.0,63466.0,190987.0,248698.0,192049.5,196519.5,8,3,2024,214,0,лето
Камчатский край,2024,январь-сентябрь,334073.0,9,2024-09-01,False,298272.0,200588.0,98952.0,223831.0,293193.0,231236.33333333334,205706.33333333334,9,3,2024,245,0,осень
Камчатский край,2025,январь,45114.0,1,2025-01-01,False,334073.0,247234.0,134583.0,259555.0,225819.66666666666,216324.83333333334,187836.25,1,1,2025,1,1,зима
Камчатский край,2025,январь-февраль,87634.0,2,2025-02-01,False,45114.0,298272.0,172668.0,297597.0,155607.0,202152.5,170339.33333333334,2,1,2025,32,1,зима
Камчатский край,2025,январь-март,134114.0,3,2025-03-01,False,87634.0,334073.0,200588.0,330374.0,88954.0,191073.5,153984.33333333334,3,1,2025,60,1,весна
Камчатский край,2025,январь-апрель,187610.0,4,2025-04-01,False,134114.0,45114.0,247234.0,31114.0,136452.66666666666,181136.16666666666,167025.66666666666,4,2,2025,91,0,весна
Камчатский край,2025,январь-май,249543.0,5,2025-05-01,False,187610.0,87634.0,298272.0,63466.0,190422.33333333334,173014.66666666666,182532.08333333334,5,2,2025,121,1,весна
Камчатский край,2025,январь-июнь,301827.0,6,2025-06-01,False,249543.0,134114.0,334073.0,98952.0,246326.66666666666,167640.33333333334,199438.33333333334,6,2,2025,152,0,лето
Камчатский край,2025,январь-июль,340632.0,7,2025-07-01,False,301827.0,187610.0,45114.0,134583.0,297334.0,216893.33333333334,216609.08333333334,7,3,2025,182,0,лето
Камчатский край,2025,январь-август,382683.0,8,2025-08-01,False,340632.0,249543.0,87634.0,172668.0,341714.0,266068.1666666667,234110.33333333334,8,3,2025,213,0,лето
Камчатский край,2025,январь-сентябрь,415979.0,9,2025-09-01,False,382683.0,301827.0,134114.0,200588.0,379764.6666666667,313045.6666666667,252059.58333333334,9,3,2025,244,0,осень
Карачаево-Черкесская Республика,2022,январь,157026.0,1,2022-01-01,False,,,,,157026.0,157026.0,157026.0,1,1,2022,1,1,зима
Карачаево-Черкесская Республика,2022,январь-февраль,262870.0,2,2022-02-01,False,157026.0,,,,209948.0,209948.0,209948.0,2,1,2022,32,1,зима
Карачаево-Черкесская Республика,2022,январь-март,414408.0,3,2022-03-01,False,262870.0,,,,278101.3333333333,278101.3333333333,278101.3333333333,3,1,2022,60,1,весна
Карачаево-Черкесская Республика,2022,январь-апрель,552544.0,4,2022-04-01,False,414408.0,157026.0,,,409940.6666666667,346712.0,346712.0,4,2,2022,91,0,весна
Карачаево-Черкесская Республика,2022,январь-май,564042.0,5,2022-05-01,False,552544.0,262870.0,,,510331.3333333333,390178.0,390178.0,5,2,2022,121,1,весна
Карачаево-Черкесская Республика,2022,январь-июнь,579312.0,6,2022-06-01,False,564042.0,414408.0,,,565299.3333333334,421700.3333333333,421700.3333333333,6,2,2022,152,0,лето
Карачаево-Черкесская Республика,2022,январь-июль,610885.0,7,2022-07-01,False,579312.0,552544.0,157026.0,,584746.3333333334,497343.5,448726.71428571426,7,3,2022,182,0,лето
Карачаево-Черкесская Республика,2022,январь-август,665739.0,8,2022-08-01,False,610885.0,564042.0,262870.0,,618645.3333333334,564488.3333333334,475853.25,8,3,2022,213,0,лето
Карачаево-Черкесская Республика,2022,январь-сентябрь,700818.0,9,2022-09-01,False,665739.0,579312.0,414408.0,,659147.3333333334,612223.3333333334,500849.3333333333,9,3,2022,244,0,осень
Карачаево-Черкесская Республика,2022,январь-октябрь*,720486.0,10,2022-10-01,False,700818.0,610885.0,552544.0,,695681.0,640213.6666666666,522813.0,10,4,2022,274,0,осень
Карачаево-Черкесская Республика,2022,январь-ноябрь*,732397.0,11,2022-11-01,False,720486.0,665739.0,564042.0,,717900.3333333334,668272.8333333334,541866.0909090909,11,4,2022,305,0,осень
Карачаево-Черкесская Республика,2022,январь-декабрь*,743617.0,12,2022-12-01,False,732397.0,700818.0,579312.0,,732166.6666666666,695657.0,558678.6666666666,12,4,2022,335,1,зима
Карачаево-Черкесская Республика,2023,январь,20283.0,1,2023-01-01,False,743617.0,720486.0,610885.0,157026.0,498765.6666666667,597223.3333333334,547283.4166666666,1,1,2023,1,1,зима
Карачаево-Черкесская Республика,2023,январь-февраль,37353.0,2,2023-02-01,False,20283.0,732397.0,665739.0,262870.0,267084.3333333333,492492.3333333333,528490.3333333334,2,1,2023,32,1,зима
Карачаево-Черкесская Республика,2023,январь-март,53561.0,3,2023-03-01,False,37353.0,743617.0,700818.0,414408.0,37065.666666666664,384616.1666666667,498419.75,3,1,2023,60,1,весна
Карачаево-Черкесская Республика,2023,январь-апрель,78017.0,4,2023-04-01,False,53561.0,20283.0,720486.0,552544.0,56310.333333333336,277538.0,458875.8333333333,4,2,2023,91,0,весна
Карачаево-Черкесская Республика,2023,январь-май,108278.0,5,2023-05-01,False,78017.0,37353.0,732397.0,564042.0,79952.0,173518.16666666666,420895.5,5,2,2023,121,1,весна
Карачаево-Черкесская Республика,2023,январь-июнь,146011.0,6,2023-06-01,False,108278.0,53561.0,743617.0,579312.0,110768.66666666667,73917.16666666667,384787.0833333333,6,2,2023,152,0,лето
Карачаево-Черкесская Республика,2023,январь-июль,206549.0,7,2023-07-01,False,146011.0,78017.0,20283.0,610885.0,153612.66666666666,104961.5,351092.4166666667,7,3,2023,182,0,лето
Карачаево-Черкесская Республика,2023,январь-август,281540.0,8,2023-08-01,False,206549.0,108278.0,37353.0,665739.0,211366.66666666666,145659.33333333334,319075.8333333333,8,3,2023,213,0,лето
Карачаево-Черкесская Республика,2023,январь-сентябрь,341878.0,9,2023-09-01,False,281540.0,146011.0,53561.0,700818.0,276655.6666666667,193712.16666666666,289164.1666666667,9,3,2023,244,0,осень
Карачаево-Черкесская Республика,2024,январь,99387.0,1,2024-01-01,False,341878.0,206549.0,78017.0,720486.0,240935.0,197273.83333333334,237405.91666666666,1,1,2024,1,1,зима
Карачаево-Черкесская Республика,2024,январь-февраль,206376.0,2,2024-02-01,False,99387.0,281540.0,108278.0,732397.0,215880.33333333334,213623.5,193570.83333333334,2,1,2024,32,1,зима
Карачаево-Черкесская Республика,2024,январь-март,322508.0,3,2024-03-01,False,206376.0,341878.0,146011.0,743617.0,209423.66666666666,243039.66666666666,158478.41666666666,3,1,2024,61,1,весна
Карачаево-Черкесская Республика,2024,январь-апрель,344843.0,4,2024-04-01,False,322508.0,99387.0,206549.0,20283.0,291242.3333333333,266088.6666666667,185525.08333333334,4,2,2024,92,0,весна
Карачаево-Черкесская Республика,2024,январь-май,377055.0,5,2024-05-01,False,344843.0,206376.0,281540.0,37353.0,348135.3333333333,282007.8333333333,213833.58333333334,5,2,2024,122,1,весна
Карачаево-Черкесская Республика,2024,январь-июнь,416441.0,6,2024-06-01,False,377055.0,322508.0,341878.0,53561.0,379446.3333333333,294435.0,244073.58333333334,6,2,2024,153,0,лето
Карачаево-Черкесская Республика,2024,январь-июль,472923.0,7,2024-07-01,False,416441.0,344843.0,99387.0,78017.0,422139.6666666667,356691.0,276982.4166666667,7,3,2024,183,0,лето
Карачаево-Черкесская Республика,2024,январь-август,526659.0,8,2024-08-01,False,472923.0,377055.0,206376.0,108278.0,472007.6666666667,410071.5,311847.5,8,3,2024,214,0,лето
Карачаево-Черкесская Республика,2024,январь-сентябрь,571408.0,9,2024-09-01,False,526659.0,416441.0,322508.0,146011.0,523663.3333333333,451554.8333333333,347297.25,9,3,2024,245,0,осень
Карачаево-Черкесская Республика,2025,январь,104593.0,1,2025-01-01,False,571408.0,472923.0,344843.0,206549.0,400886.6666666667,411513.1666666667,338800.9166666667,1,1,2025,1,1,зима
Карачаево-Черкесская Республика,2025,январь-февраль,178595.0,2,2025-02-01,False,104593.0,526659.0,377055.0,281540.0,284865.3333333333,378436.5,330222.1666666667,2,1,2025,32,1,зима
Карачаево-Черкесская Республика,2025,январь-март,234267.0,3,2025-03-01,False,178595.0,571408.0,416441.0,341878.0,172485.0,348074.1666666667,321254.5833333333,3,1,2025,60,1,весна
Карачаево-Черкесская Республика,2025,январь-апрель,268459.0,4,2025-04-01,False,234267.0,104593.0,472923.0,99387.0,227107.0,313996.8333333333,335343.9166666667,4,2,2025,91,0,весна
Карачаево-Черкесская Республика,2025,январь-май,331706.0,5,2025-05-01,False,268459.0,178595.0,526659.0,206376.0,278144.0,281504.6666666667,345788.0833333333,5,2,2025,121,1,весна
Карачаево-Черкесская Республика,2025,январь-июнь,459111.0,6,2025-06-01,False,331706.0,234267.0,571408.0,322508.0,353092.0,262788.5,357171.6666666667,6,2,2025,152,0,лето
Карачаево-Черкесская Республика,2025,январь-июль,672798.0,7,2025-07-01,False,459111.0,268459.0,104593.0,344843.0,487871.6666666667,357489.3333333333,384501.25,7,3,2025,182,0,лето
Карачаево-Черкесская Республика,2025,январь-август,857330.0,8,2025-08-01,False,672798.0,331706.0,178595.0,377055.0,663079.6666666666,470611.8333333333,424524.1666666667,8,3,2025,213,0,лето
Карачаево-Черкесская Республика,2025,январь-сентябрь,994775.0,9,2025-09-01,False,857330.0,459111.0,234267.0,416441.0,841634.3333333334,597363.1666666666,472718.6666666667,9,3,2025,244,0,осень
Кемеровская область - Кузбасс,2022,январь,149807.0,1,2022-01-01,False,,,,,149807.0,149807.0,149807.0,1,1,2022,1,1,зима
Кемеровская область - Кузбасс,2022,январь-февраль,267752.0,2,2022-02-01,False,149807.0,,,,208779.5,208779.5,208779.5,2,1,2022,32,1,зима
Кемеровская область - Кузбасс,2022,январь-март,433972.0,3,2022-03-01,False,267752.0,,,,283843.6666666667,283843.6666666667,283843.6666666667,3,1,2022,60,1,весна
Кемеровская область - Кузбасс,2022,январь-апрель,514773.0,4,2022-04-01,False,433972.0,149807.0,,,405499.0,341576.0,341576.0,4,2,2022,91,0,весна
Кемеровская область - Кузбасс,2022,январь-май,569093.0,5,2022-05-01,False,514773.0,267752.0,,,505946.0,387079.4,387079.4,5,2,2022,121,1,весна
Кемеровская область - Кузбасс,2022,январь-июнь,659345.0,6,2022-06-01,False,569093.0,433972.0,,,581070.3333333334,432457.0,432457.0,6,2,2022,152,0,лето
Кемеровская область - Кузбасс,2022,январь-июль,732297.0,7,2022-07-01,False,659345.0,514773.0,149807.0,,653578.3333333334,529538.6666666666,475291.28571428574,7,3,2022,182,0,лето
Кемеровская область - Кузбасс,2022,январь-август,791552.0,8,2022-08-01,False,732297.0,569093.0,267752.0,,727731.3333333334,616838.6666666666,514823.875,8,3,2022,213,0,лето
Кемеровская область - Кузбасс,2022,январь-сентябрь,842543.0,9,2022-09-01,False,791552.0,659345.0,433972.0,,788797.3333333334,684933.8333333334,551237.1111111111,9,3,2022,244,0,осень
Кемеровская область - Кузбасс,2022,январь-октябрь*,941249.0,10,2022-10-01,False,842543.0,732297.0,514773.0,,858448.0,756013.1666666666,590238.3,10,4,2022,274,0,осень
Кемеровская область - Кузбасс,2022,январь-ноябрь*,1037222.0,11,2022-11-01,False,941249.0,791552.0,569093.0,,940338.0,834034.6666666666,630873.1818181818,11,4,2022,305,0,осень
Кемеровская область - Кузбасс,2022,январь-декабрь*,1131655.0,12,2022-12-01,False,1037222.0,842543.0,659345.0,,1036708.6666666666,912753.0,672605.0,12,4,2022,335,1,зима
Кемеровская область - Кузбасс,2023,январь,110440.0,1,2023-01-01,False,1131655.0,941249.0,732297.0,149807.0,759772.3333333334,809110.1666666666,669324.4166666666,1,1,2023,1,1,зима
Кемеровская область - Кузбасс,2023,январь-февраль,239653.0,2,2023-02-01,False,110440.0,1037222.0,791552.0,267752.0,493916.0,717127.0,666982.8333333334,2,1,2023,32,1,зима
Кемеровская область - Кузбасс,2023,январь-март,389197.0,3,2023-03-01,False,239653.0,1131655.0,842543.0,433972.0,246430.0,641569.3333333334,663251.5833333334,3,1,2023,60,1,весна
Кемеровская область - Кузбасс,2023,январь-апрель,471506.0,4,2023-04-01,False,389197.0,110440.0,941249.0,514773.0,366785.3333333333,563278.8333333334,659646.0,4,2,2023,91,0,весна
Кемеровская область - Кузбасс,2023,январь-май,546711.0,5,2023-05-01,False,471506.0,239653.0,1037222.0,569093.0,469138.0,481527.0,657780.8333333334,5,2,2023,121,1,весна
Кемеровская область - Кузбасс,2023,январь-июнь,641713.0,6,2023-06-01,False,546711.0,389197.0,1131655.0,659345.0,553310.0,399870.0,656311.5,6,2,2023,152,0,лето
Кемеровская область - Кузбасс,2023,январь-июль,738012.0,7,2023-07-01,False,641713.0,471506.0,110440.0,732297.0,642145.3333333334,504465.3333333333,656787.75,7,3,2023,182,0,лето
Кемеровская область - Кузбасс,2023,январь-август,840205.0,8,2023-08-01,False,738012.0,546711.0,239653.0,791552.0,739976.6666666666,604557.3333333334,660842.1666666666,8,3,2023,213,0,лето
Кемеровская область - Кузбасс,2023,январь-сентябрь,904070.0,9,2023-09-01,False,840205.0,641713.0,389197.0,842543.0,827429.0,690369.5,665969.4166666666,9,3,2023,244,0,осень
Кемеровская область - Кузбасс,2024,январь,200669.0,1,2024-01-01,False,904070.0,738012.0,471506.0,941249.0,648314.6666666666,645230.0,604254.4166666666,1,1,2024,1,1,зима
Кемеровская область - Кузбасс,2024,январь-февраль,395819.0,2,2024-02-01,False,200669.0,840205.0,546711.0,1037222.0,500186.0,620081.3333333334,550804.1666666666,2,1,2024,32,1,зима
Кемеровская область - Кузбасс,2024,январь-март,640185.0,3,2024-03-01,False,395819.0,904070.0,641713.0,1131655.0,412224.3333333333,619826.6666666666,509848.3333333333,3,1,2024,61,1,весна
Кемеровская область - Кузбасс,2024,январь-апрель,699846.0,4,2024-04-01,False,640185.0,200669.0,738012.0,110440.0,578616.6666666666,613465.6666666666,558965.5,4,2,2024,92,0,весна
Кемеровская область - Кузбасс,2024,январь-май,757230.0,5,2024-05-01,False,699846.0,395819.0,840205.0,239653.0,699087.0,599636.5,602096.9166666666,5,2,2024,122,1,весна
Кемеровская область - Кузбасс,2024,январь-июнь,856604.0,6,2024-06-01,False,757230.0,640185.0,904070.0,389197.0,771226.6666666666,591725.5,641047.5,6,2,2024,153,0,лето
Кемеровская область - Кузбасс,2024,январь-июль,993338.0,7,2024-07-01,False,856604.0,699846.0,200669.0,471506.0,869057.3333333334,723837.0,684533.5,7,3,2024,183,0,лето
Кемеровская область - Кузбасс,2024,январь-август,1111480.0,8,2024-08-01,False,993338.0,757230.0,395819.0,546711.0,987140.6666666666,843113.8333333334,731597.5833333334,8,3,2024,214,0,лето
Кемеровская область - Кузбасс,2024,январь-сентябрь,1194597.0,9,2024-09-01,False,1111480.0,856604.0,640185.0,641713.0,1099805.0,935515.8333333334,777671.25,9,3,2024,245,0,осень
Кемеровская область - Кузбасс,2025,январь,140083.0,1,2025-01-01,False,1194597.0,993338.0,699846.0,738012.0,815386.6666666666,842222.0,727843.8333333334,1,1,2025,1,1,зима
Кемеровская область - Кузбасс,2025,январь-февраль,274521.0,2,2025-02-01,False,140083.0,1111480.0,757230.0,840205.0,536400.3333333334,761770.5,680703.5,2,1,2025,32,1,зима
Кемеровская область - Кузбасс,2025,январь-март,429210.0,3,2025-03-01,False,274521.0,1194597.0,856604.0,904070.0,281271.3333333333,690538.1666666666,641131.8333333334,3,1,2025,60,1,весна
Кемеровская область - Кузбасс,2025,январь-апрель,504734.0,4,2025-04-01,False,429210.0,140083.0,993338.0,200669.0,402821.6666666667,609104.1666666666,666470.5833333334,4,2,2025,91,0,весна
Кемеровская область - Кузбасс,2025,январь-май,578731.0,5,2025-05-01,False,504734.0,274521.0,1111480.0,395819.0,504225.0,520312.6666666667,681713.25,5,2,2025,121,1,весна
Кемеровская область - Кузбасс,2025,январь-июнь,705308.0,6,2025-06-01,False,578731.0,429210.0,1194597.0,640185.0,596257.6666666666,438764.5,687140.1666666666,6,2,2025,152,0,лето
Кемеровская область - Кузбасс,2025,январь-июль,848897.0,7,2025-07-01,False,705308.0,504734.0,140083.0,699846.0,710978.6666666666,556900.1666666666,699561.0833333334,7,3,2025,182,0,лето
Кемеровская область - Кузбасс,2025,январь-август,959453.0,8,2025-08-01,False,848897.0,578731.0,274521.0,757230.0,837886.0,671055.5,716413.0,8,3,2025,213,0,лето
Кемеровская область - Кузбасс,2025,январь-сентябрь,1034950.0,9,2025-09-01,False,959453.0,705308.0,429210.0,856604.0,947766.6666666666,772012.1666666666,731275.1666666666,9,3,2025,244,0,осень
Кировская область,2022,январь,38095.0,1,2022-01-01,False,,,,,38095.0,38095.0,38095.0,1,1,2022,1,1,зима
Кировская область,2022,январь-февраль,69668.0,2,2022-02-01,False,38095.0,,,,53881.5,53881.5,53881.5,2,1,2022,32,1,зима
Кировская область,2022,январь-март,112124.0,3,2022-03-01,False,69668.0,,,,73295.66666666667,73295.66666666667,73295.66666666667,3,1,2022,60,1,весна
Кировская область,2022,январь-апрель,180173.0,4,2022-04-01,False,112124.0,38095.0,,,120655.0,100015.0,100015.0,4,2,2022,91,0,весна
Кировская область,2022,январь-май,240773.0,5,2022-05-01,False,180173.0,69668.0,,,177690.0,128166.6,128166.6,5,2,2022,121,1,весна
Кировская область,2022,январь-июнь,317292.0,6,2022-06-01,False,240773.0,112124.0,,,246079.33333333334,159687.5,159687.5,6,2,2022,152,0,лето
Кировская область,2022,январь-июль,413629.0,7,2022-07-01,False,317292.0,180173.0,38095.0,,323898.0,222276.5,195964.85714285713,7,3,2022,182,0,лето
Кировская область,2022,январь-август,516790.0,8,2022-08-01,False,413629.0,240773.0,69668.0,,415903.6666666667,296796.8333333333,236068.0,8,3,2022,213,0,лето
Кировская область,2022,январь-сентябрь,565186.0,9,2022-09-01,False,516790.0,317292.0,112124.0,,498535.0,372307.1666666667,272636.6666666667,9,3,2022,244,0,осень
Кировская область,2022,январь-октябрь*,621268.0,10,2022-10-01,False,565186.0,413629.0,180173.0,,567748.0,445823.0,307499.8,10,4,2022,274,0,осень
Кировская область,2022,январь-ноябрь*,673164.0,11,2022-11-01,False,621268.0,516790.0,240773.0,,619872.6666666666,517888.1666666667,340742.0,11,4,2022,305,0,осень
Кировская область,2022,январь-декабрь*,723056.0,12,2022-12-01,False,673164.0,565186.0,317292.0,,672496.0,585515.5,372601.5,12,4,2022,335,1,зима
Кировская область,2023,январь,58188.0,1,2023-01-01,False,723056.0,621268.0,413629.0,38095.0,484802.6666666667,526275.3333333334,374275.9166666667,1,1,2023,1,1,зима
Кировская область,2023,январь-февраль,118246.0,2,2023-02-01,False,58188.0,673164.0,516790.0,69668.0,299830.0,459851.3333333333,378324.0833333333,2,1,2023,32,1,зима
Кировская область,2023,январь-март,187982.0,3,2023-03-01,False,118246.0,723056.0,565186.0,112124.0,121472.0,396984.0,384645.5833333333,3,1,2023,60,1,весна
Кировская область,2023,январь-апрель,235518.0,4,2023-04-01,False,187982.0,58188.0,621268.0,180173.0,180582.0,332692.3333333333,389257.6666666667,4,2,2023,91,0,весна
Кировская область,2023,январь-май,279680.0,5,2023-05-01,False,235518.0,118246.0,673164.0,240773.0,234393.33333333334,267111.6666666667,392499.9166666667,5,2,2023,121,1,весна
Кировская область,2023,январь-июнь,343560.0,6,2023-06-01,False,279680.0,187982.0,723056.0,317292.0,286252.6666666667,203862.33333333334,394688.9166666667,6,2,2023,152,0,лето
Кировская область,2023,январь-июль,432175.0,7,2023-07-01,False,343560.0,235518.0,58188.0,413629.0,351805.0,266193.5,396234.4166666667,7,3,2023,182,0,лето
Кировская область,2023,январь-август,522571.0,8,2023-08-01,False,432175.0,279680.0,118246.0,516790.0,432768.6666666667,333581.0,396716.1666666667,8,3,2023,213,0,лето
Кировская область,2023,январь-сентябрь,575919.0,9,2023-09-01,False,522571.0,343560.0,187982.0,565186.0,510221.6666666667,398237.1666666667,397610.5833333333,9,3,2023,244,0,осень
Кировская область,2024,январь,42530.0,1,2024-01-01,False,575919.0,432175.0,235518.0,621268.0,380340.0,366072.5,349382.4166666667,1,1,2024,1,1,зима
Кировская область,2024,январь-февраль,84695.0,2,2024-02-01,False,42530.0,522571.0,279680.0,673164.0,234381.33333333334,333575.0,300343.3333333333,2,1,2024,32,1,зима
Кировская область,2024,январь-март,132736.0,3,2024-03-01,False,84695.0,575919.0,343560.0,723056.0,86653.66666666667,298437.6666666667,251150.0,3,1,2024,61,1,весна
Кировская область,2024,январь-апрель,205894.0,4,2024-04-01,False,132736.0,42530.0,432175.0,58188.0,141108.33333333334,260724.16666666666,263458.8333333333,4,2,2024,92,0,весна
Кировская область,2024,январь-май,265848.0,5,2024-05-01,False,205894.0,84695.0,522571.0,118246.0,201492.66666666666,217937.0,275759.0,5,2,2024,122,1,весна
Кировская область,2024,январь-июнь,357243.0,6,2024-06-01,False,265848.0,132736.0,575919.0,187982.0,276328.3333333333,181491.0,289864.0833333333,6,2,2024,153,0,лето
Кировская область,2024,январь-июль,479560.0,7,2024-07-01,False,357243.0,205894.0,42530.0,235518.0,367550.3333333333,254329.33333333334,310200.9166666667,7,3,2024,183,0,лето
Кировская область,2024,январь-август,610490.0,8,2024-08-01,False,479560.0,265848.0,84695.0,279680.0,482431.0,341961.8333333333,337768.4166666667,8,3,2024,214,0,лето
Кировская область,2024,январь-сентябрь,696250.0,9,2024-09-01,False,610490.0,357243.0,132736.0,343560.0,595433.3333333334,435880.8333333333,367159.25,9,3,2024,245,0,осень
Кировская область,2025,январь,53627.0,1,2025-01-01,False,696250.0,479560.0,205894.0,432175.0,453455.6666666667,410503.0,335613.5833333333,1,1,2025,1,1,зима
Кировская область,2025,январь-февраль,99755.0,2,2025-02-01,False,53627.0,610490.0,265848.0,522571.0,283210.6666666667,382820.8333333333,300378.9166666667,2,1,2025,32,1,зима
Кировская область,2025,январь-март,152798.0,3,2025-03-01,False,99755.0,696250.0,357243.0,575919.0,102060.0,348746.6666666667,265118.8333333333,3,1,2025,60,1,весна
Кировская область,2025,январь-апрель,220630.0,4,2025-04-01,False,152798.0,53627.0,479560.0,42530.0,157727.66666666666,305591.6666666667,279960.5,4,2,2025,91,0,весна
Кировская область,2025,январь-май,284142.0,5,2025-05-01,False,220630.0,99755.0,610490.0,84695.0,219190.0,251200.33333333334,296581.0833333333,5,2,2025,121,1,весна
Кировская область,2025,январь-июнь,382524.0,6,2025-06-01,False,284142.0,152798.0,696250.0,132736.0,295765.3333333333,198912.66666666666,317396.75,6,2,2025,152,0,лето
Кировская область,2025,январь-июль,490677.0,7,2025-07-01,False,382524.0,220630.0,53627.0,205894.0,385781.0,271754.3333333333,341128.6666666667,7,3,2025,182,0,лето
Кировская область,2025,январь-август,599885.0,8,2025-08-01,False,490677.0,284142.0,99755.0,265848.0,491028.6666666667,355109.3333333333,368965.0833333333,8,3,2025,213,0,лето
Кировская область,2025,январь-сентябрь,662188.0,9,2025-09-01,False,599885.0,382524.0,152798.0,357243.0,584250.0,440007.6666666667,394377.1666666667,9,3,2025,244,0,осень
Костромская область,2022,январь,19301.0,1,2022-01-01,False,,,,,19301.0,19301.0,19301.0,1,1,2022,1,1,зима
Костромская область,2022,январь-февраль,34264.0,2,2022-02-01,False,19301.0,,,,26782.5,26782.5,26782.5,2,1,2022,32,1,зима
Костромская область,2022,январь-март,62226.0,3,2022-03-01,False,34264.0,,,,38597.0,38597.0,38597.0,3,1,2022,60,1,весна
Костромская область,2022,январь-апрель,91482.0,4,2022-04-01,False,62226.0,19301.0,,,62657.333333333336,51818.25,51818.25,4,2,2022,91,0,весна
Костромская область,2022,январь-май,117445.0,5,2022-05-01,False,91482.0,34264.0,,,90384.33333333333,64943.6,64943.6,5,2,2022,121,1,весна
Костромская область,2022,январь-июнь,162096.0,6,2022-06-01,False,117445.0,62226.0,,,123674.33333333333,81135.66666666667,81135.66666666667,6,2,2022,152,0,лето
Костромская область,2022,январь-июль,221518.0,7,2022-07-01,False,162096.0,91482.0,19301.0,,167019.66666666666,114838.5,101190.28571428571,7,3,2022,182,0,лето
Костромская область,2022,январь-август,282054.0,8,2022-08-01,False,221518.0,117445.0,34264.0,,221889.33333333334,156136.83333333334,123798.25,8,3,2022,213,0,лето
Костромская область,2022,январь-сентябрь,313111.0,9,2022-09-01,False,282054.0,162096.0,62226.0,,272227.6666666667,197951.0,144833.0,9,3,2022,244,0,осень
Костромская область,2022,январь-октябрь*,347920.0,10,2022-10-01,False,313111.0,221518.0,91482.0,,314361.6666666667,240690.66666666666,165141.7,10,4,2022,274,0,осень
Костромская область,2022,январь-ноябрь*,380925.0,11,2022-11-01,False,347920.0,282054.0,117445.0,,347318.6666666667,284604.0,184758.36363636365,11,4,2022,305,0,осень
Костромская область,2022,январь-декабрь*,410277.0,12,2022-12-01,False,380925.0,313111.0,162096.0,,379707.3333333333,325967.5,203551.58333333334,12,4,2022,335,1,зима
Костромская область,2023,январь,20482.0,1,2023-01-01,False,410277.0,347920.0,221518.0,19301.0,270561.3333333333,292461.5,203650.0,1,1,2023,1,1,зима
Костромская область,2023,январь-февраль,42288.0,2,2023-02-01,False,20482.0,380925.0,282054.0,34264.0,157682.33333333334,252500.5,204318.66666666666,2,1,2023,32,1,зима
Костромская область,2023,январь-март,72505.0,3,2023-03-01,False,42288.0,410277.0,313111.0,62226.0,45091.666666666664,212399.5,205175.25,3,1,2023,60,1,весна
Костромская область,2023,январь-апрель,109922.0,4,2023-04-01,False,72505.0,20482.0,347920.0,91482.0,74905.0,172733.16666666666,206711.91666666666,4,2,2023,91,0,весна
Костромская область,2023,январь-май,141272.0,5,2023-05-01,False,109922.0,42288.0,380925.0,117445.0,107899.66666666667,132791.0,208697.5,5,2,2023,121,1,весна
Костромская область,2023,январь-июнь,204346.0,6,2023-06-01,False,141272.0,72505.0,410277.0,162096.0,151846.66666666666,98469.16666666667,212218.33333333334,6,2,2023,152,0,лето
Костромская область,2023,январь-июль,273117.0,7,2023-07-01,False,204346.0,109922.0,20482.0,221518.0,206245.0,140575.0,216518.25,7,3,2023,182,0,лето
Костромская область,2023,январь-август,325849.0,8,2023-08-01,False,273117.0,141272.0,42288.0,282054.0,267770.6666666667,187835.16666666666,220167.83333333334,8,3,2023,213,0,лето
Костромская область,2023,январь-сентябрь,349941.0,9,2023-09-01,False,325849.0,204346.0,72505.0,313111.0,316302.3333333333,234074.5,223237.0,9,3,2023,244,0,осень
Костромская область,2024,январь,19346.0,1,2024-01-01,False,349941.0,273117.0,109922.0,347920.0,231712.0,218978.5,195855.83333333334,1,1,2024,1,1,зима
Костромская область,2024,январь-февраль,34508.0,2,2024-02-01,False,19346.0,325849.0,141272.0,380925.0,134598.33333333334,201184.5,166987.75,2,1,2024,32,1,зима
Костромская область,2024,январь-март,61632.0,3,2024-03-01,False,34508.0,349941.0,204346.0,410277.0,38495.333333333336,177398.83333333334,137934.0,3,1,2024,61,1,весна
Костромская область,2024,январь-апрель,87075.0,4,2024-04-01,False,61632.0,19346.0,273117.0,20482.0,61071.666666666664,146391.83333333334,143483.41666666666,4,2,2024,92,0,весна
Костромская область,2024,январь-май,111414.0,5,2024-05-01,False,87075.0,34508.0,325849.0,42288.0,86707.0,110652.66666666667,149243.91666666666,5,2,2024,122,1,весна
Костромская область,2024,январь-июнь,164533.0,6,2024-06-01,False,111414.0,61632.0,349941.0,72505.0,121007.33333333333,79751.33333333333,156912.91666666666,6,2,2024,153,0,лето
Костромская область,2024,январь-июль,245828.0,7,2024-07-01,False,164533.0,87075.0,19346.0,109922.0,173925.0,117498.33333333333,168238.41666666666,7,3,2024,183,0,лето
Костромская область,2024,январь-август,308586.0,8,2024-08-01,False,245828.0,111414.0,34508.0,141272.0,239649.0,163178.0,182181.25,8,3,2024,214,0,лето
Костромская область,2024,январь-сентябрь,341840.0,9,2024-09-01,False,308586.0,164533.0,61632.0,204346.0,298751.3333333333,209879.33333333334,193639.08333333334,9,3,2024,245,0,осень
Костромская область,2025,январь,23113.0,1,2025-01-01,False,341840.0,245828.0,87075.0,273117.0,224513.0,199219.0,172805.41666666666,1,1,2025,1,1,зима
Костромская область,2025,январь-февраль,58107.0,2,2025-02-01,False,23113.0,308586.0,111414.0,325849.0,141020.0,190334.5,150493.58333333334,2,1,2025,32,1,зима
Костромская область,2025,январь-март,97957.0,3,2025-03-01,False,58107.0,341840.0,164533.0,349941.0,59725.666666666664,179238.5,129494.91666666667,3,1,2025,60,1,весна
Костромская область,2025,январь-апрель,148564.0,4,2025-04-01,False,97957.0,23113.0,245828.0,19346.0,101542.66666666667,163027.83333333334,140263.08333333334,4,2,2025,91,0,весна
Костромская область,2025,январь-май,204493.0,5,2025-05-01,False,148564.0,58107.0,308586.0,34508.0,150338.0,145679.0,154428.5,5,2,2025,121,1,весна
Костромская область,2025,январь-июнь,317629.0,6,2025-06-01,False,204493.0,97957.0,341840.0,61632.0,223562.0,141643.83333333334,175761.58333333334,6,2,2025,152,0,лето
Костромская область,2025,январь-июль,452614.0,7,2025-07-01,False,317629.0,148564.0,23113.0,87075.0,324912.0,213227.33333333334,206223.16666666666,7,3,2025,182,0,лето
Костромская область,2025,январь-август,571896.0,8,2025-08-01,False,452614.0,204493.0,58107.0,111414.0,447379.6666666667,298858.8333333333,244596.66666666666,8,3,2025,213,0,лето
Костромская область,2025,январь-сентябрь,644444.0,9,2025-09-01,False,571896.0,317629.0,97957.0,164533.0,556318.0,389940.0,284589.25,9,3,2025,244,0,осень
Краснодарский край,2022,январь,646352.0,1,2022-01-01,False,,,,,646352.0,646352.0,646352.0,1,1,2022,1,1,зима
Краснодарский край,2022,январь-февраль,1203318.0,2,2022-02-01,False,646352.0,,,,924835.0,924835.0,924835.0,2,1,2022,32,1,зима
Краснодарский край,2022,январь-март,1911046.0,3,2022-03-01,False,1203318.0,,,,1253572.0,1253572.0,1253572.0,3,1,2022,60,1,весна
Краснодарский край,2022,январь-апрель,4047103.0,4,2022-04-01,False,1911046.0,646352.0,,,2387155.6666666665,1951954.75,1951954.75,4,2,2022,91,0,весна
Краснодарский край,2022,январь-май,6145048.0,5,2022-05-01,False,4047103.0,1203318.0,,,4034399.0,2790573.4,2790573.4,5,2,2022,121,1,весна
Краснодарский край,2022,январь-июнь,8343948.0,6,2022-06-01,False,6145048.0,1911046.0,,,6178699.666666667,3716135.8333333335,3716135.8333333335,6,2,2022,152,0,лето
Краснодарский край,2022,январь-июль,11667826.0,7,2022-07-01,False,8343948.0,4047103.0,646352.0,,8718940.666666666,5553048.166666667,4852091.571428572,7,3,2022,182,0,лето
Краснодарский край,2022,январь-август,14387706.0,8,2022-08-01,False,11667826.0,6145048.0,1203318.0,,11466493.333333334,7750446.166666667,6044043.375,8,3,2022,213,0,лето
Краснодарский край,2022,январь-сентябрь,16284658.0,9,2022-09-01,False,14387706.0,8343948.0,1911046.0,,14113396.666666666,10146048.166666666,7181889.444444444,9,3,2022,244,0,осень
Краснодарский край,2022,январь-октябрь*,17939491.0,10,2022-10-01,False,16284658.0,11667826.0,4047103.0,,16203951.666666666,12461446.166666666,8257649.6,10,4,2022,274,0,осень
Краснодарский край,2022,январь-ноябрь*,19183999.0,11,2022-11-01,False,17939491.0,14387706.0,6145048.0,,17802716.0,14634604.666666666,9250954.090909092,11,4,2022,305,0,осень
Краснодарский край,2022,январь-декабрь*,20121753.0,12,2022-12-01,False,19183999.0,16284658.0,8343948.0,,19081747.666666668,16597572.166666666,10156854.0,12,4,2022,335,1,зима
Краснодарский край,2023,январь,739893.0,1,2023-01-01,False,20121753.0,17939491.0,11667826.0,646352.0,13348548.333333334,14776250.0,10164649.083333334,1,1,2023,1,1,зима
Краснодарский край,2023,январь-февраль,1495326.0,2,2023-02-01,False,739893.0,19183999.0,14387706.0,1203318.0,7452324.0,12627520.0,10188983.083333334,2,1,2023,32,1,зима
Краснодарский край,2023,январь-март,2506427.0,3,2023-03-01,False,1495326.0,20121753.0,16284658.0,1911046.0,1580548.6666666667,10331148.166666666,10238598.166666666,3,1,2023,60,1,весна
Краснодарский край,2023,январь-апрель,4097112.0,4,2023-04-01,False,2506427.0,739893.0,17939491.0,4047103.0,2699621.6666666665,8024085.0,10242765.583333334,4,2,2023,91,0,весна
Краснодарский край,2023,январь-май,5724716.0,5,2023-05-01,False,4097112.0,1495326.0,19183999.0,6145048.0,4109418.3333333335,5780871.166666667,10207737.916666666,5,2,2023,121,1,весна
Краснодарский край,2023,январь-июнь,7506644.0,6,2023-06-01,False,5724716.0,2506427.0,20121753.0,8343948.0,5776157.333333333,3678353.0,10137962.583333334,6,2,2023,152,0,лето
Краснодарский край,2023,январь-июль,10555399.0,7,2023-07-01,False,7506644.0,4097112.0,739893.0,11667826.0,7928919.666666667,5314270.666666667,10045260.333333334,7,3,2023,182,0,лето
Краснодарский край,2023,январь-август,13776772.0,8,2023-08-01,False,10555399.0,5724716.0,1495326.0,14387706.0,10612938.333333334,7361178.333333333,9994349.166666666,8,3,2023,213,0,лето
Краснодарский край,2023,январь-сентябрь,16468251.0,9,2023-09-01,False,13776772.0,7506644.0,2506427.0,16284658.0,13600140.666666666,9688149.0,10009648.583333334,9,3,2023,244,0,осень
Краснодарский край,2024,январь,729884.0,1,2024-01-01,False,16468251.0,10555399.0,4097112.0,17939491.0,10324969.0,9126944.333333334,8575514.666666666,1,1,2024,1,1,зима
Краснодарский край,2024,январь-февраль,1502737.0,2,2024-02-01,False,729884.0,13776772.0,5724716.0,19183999.0,6233624.0,8423281.166666666,7102076.166666667,2,1,2024,32,1,зима
Краснодарский край,2024,январь-март,2517662.0,3,2024-03-01,False,1502737.0,16468251.0,7506644.0,20121753.0,1583427.6666666667,7591784.166666667,5635068.583333333,3,1,2024,61,1,весна
Краснодарский край,2024,январь-апрель,3937432.0,4,2024-04-01,False,2517662.0,729884.0,10555399.0,739893.0,2652610.3333333335,6488789.666666667,5901530.166666667,4,2,2024,92,0,весна
Краснодарский край,2024,январь-май,5394807.0,5,2024-05-01,False,3937432.0,1502737.0,13776772.0,1495326.0,3949967.0,5091795.5,6226486.916666667,5,2,2024,122,1,весна
Краснодарский край,2024,январь-июнь,7257629.0,6,2024-06-01,False,5394807.0,2517662.0,16468251.0,2506427.0,5529956.0,3556691.8333333335,6622420.416666667,6,2,2024,153,0,лето
Краснодарский край,2024,январь-июль,10268429.0,7,2024-07-01,False,7257629.0,3937432.0,729884.0,4097112.0,7640288.333333333,5146449.333333333,7136696.833333333,7,3,2024,183,0,лето
Краснодарский край,2024,январь-август,13428060.0,8,2024-08-01,False,10268429.0,5394807.0,1502737.0,5724716.0,10318039.333333334,7134003.166666667,7778642.166666667,8,3,2024,214,0,лето
Краснодарский край,2024,январь-сентябрь,16093352.0,9,2024-09-01,False,13428060.0,7257629.0,2517662.0,7506644.0,13263280.333333334,9396618.166666666,8494201.166666666,9,3,2024,245,0,осень
Краснодарский край,2025,январь,966338.0,1,2025-01-01,False,16093352.0,10268429.0,3937432.0,10555399.0,10162583.333333334,8901435.833333334,7695112.75,1,1,2025,1,1,зима
Краснодарский край,2025,январь-февраль,1820276.0,2,2025-02-01,False,966338.0,13428060.0,5394807.0,13776772.0,6293322.0,8305680.666666667,6698738.083333333,2,1,2025,32,1,зима
Краснодарский край,2025,январь-март,2975865.0,3,2025-03-01,False,1820276.0,16093352.0,7257629.0,16468251.0,1920826.3333333333,7592053.333333333,5574372.583333333,3,1,2025,60,1,весна
Краснодарский край,2025,январь-апрель,4397065.0,4,2025-04-01,False,2975865.0,966338.0,10268429.0,729884.0,3064402.0,6613492.666666667,5879971.0,4,2,2025,91,0,весна
Краснодарский край,2025,январь-май,6032154.0,5,2025-05-01,False,4397065.0,1820276.0,13428060.0,1502737.0,4468361.333333333,5380841.666666667,6257422.416666667,5,2,2025,121,1,весна
Краснодарский край,2025,январь-июнь,8015625.0,6,2025-06-01,False,6032154.0,2975865.0,16093352.0,2517662.0,6148281.333333333,4034553.8333333335,6715586.0,6,2,2025,152,0,лето
Краснодарский край,2025,январь-июль,10699549.0,7,2025-07-01,False,8015625.0,4397065.0,966338.0,3937432.0,8249109.333333333,5656755.666666667,7279095.75,7,3,2025,182,0,лето
Краснодарский край,2025,январь-август,13517152.0,8,2025-08-01,False,10699549.0,6032154.0,1820276.0,5394807.0,10744108.666666666,7606235.0,7955957.833333333,8,3,2025,213,0,лето
Краснодарский край,2025,январь-сентябрь,15875665.0,9,2025-09-01,False,13517152.0,8015625.0,2975865.0,7257629.0,13364122.0,9756201.666666666,8674127.5,9,3,2025,244,0,осень
Красноярский край,2022,январь,106598.0,1,2022-01-01,False,,,,,106598.0,106598.0,106598.0,1,1,2022,1,1,зима
Красноярский край,2022,январь-февраль,186851.0,2,2022-02-01,False,106598.0,,,,146724.5,146724.5,146724.5,2,1,2022,32,1,зима
Красноярский край,2022,январь-март,295138.0,3,2022-03-01,False,186851.0,,,,196195.66666666666,196195.66666666666,196195.66666666666,3,1,2022,60,1,весна
Красноярский край,2022,январь-апрель,453244.0,4,2022-04-01,False,295138.0,106598.0,,,311744.3333333333,260457.75,260457.75,4,2,2022,91,0,весна
Красноярский край,2022,январь-май,594340.0,5,2022-05-01,False,453244.0,186851.0,,,447574.0,327234.2,327234.2,5,2,2022,121,1,весна
Красноярский край,2022,январь-июнь,784235.0,6,2022-06-01,False,594340.0,295138.0,,,610606.3333333334,403401.0,403401.0,6,2,2022,152,0,лето
Красноярский край,2022,январь-июль,963102.0,7,2022-07-01,False,784235.0,453244.0,106598.0,,780559.0,546151.6666666666,483358.28571428574,7,3,2022,182,0,лето
Красноярский край,2022,январь-август,1130789.0,8,2022-08-01,False,963102.0,594340.0,186851.0,,959375.3333333334,703474.6666666666,564287.125,8,3,2022,213,0,лето
Красноярский край,2022,январь-сентябрь,1267658.0,9,2022-09-01,False,1130789.0,784235.0,295138.0,,1120516.3333333333,865561.3333333334,642439.4444444445,9,3,2022,244,0,осень
Красноярский край,2022,январь-октябрь*,1342421.0,10,2022-10-01,False,1267658.0,963102.0,453244.0,,1246956.0,1013757.5,712437.6,10,4,2022,274,0,осень
Красноярский край,2022,январь-ноябрь*,1420029.0,11,2022-11-01,False,1342421.0,1130789.0,594340.0,,1343369.3333333333,1151372.3333333333,776764.0909090909,11,4,2022,305,0,осень
Красноярский край,2022,январь-декабрь*,1492467.0,12,2022-12-01,False,1420029.0,1267658.0,784235.0,,1418305.6666666667,1269411.0,836406.0,12,4,2022,335,1,зима
Красноярский край,2023,январь,125011.0,1,2023-01-01,False,1492467.0,1342421.0,963102.0,106598.0,1012502.3333333334,1129729.1666666667,837940.4166666666,1,1,2023,1,1,зима
Красноярский край,2023,январь-февраль,257155.0,2,2023-02-01,False,125011.0,1420029.0,1130789.0,186851.0,624877.6666666666,984123.5,843799.0833333334,2,1,2023,32,1,зима
Красноярский край,2023,январь-март,409381.0,3,2023-03-01,False,257155.0,1492467.0,1267658.0,295138.0,263849.0,841077.3333333334,853319.3333333334,3,1,2023,60,1,весна
Красноярский край,2023,январь-апрель,634455.0,4,2023-04-01,False,409381.0,125011.0,1342421.0,453244.0,433663.6666666667,723083.0,868420.25,4,2,2023,91,0,весна
Красноярский край,2023,январь-май,837446.0,5,2023-05-01,False,634455.0,257155.0,1420029.0,594340.0,627094.0,625985.8333333334,888679.0833333334,5,2,2023,121,1,весна
Красноярский край,2023,январь-июнь,1140855.0,6,2023-06-01,False,837446.0,409381.0,1492467.0,784235.0,870918.6666666666,567383.8333333334,918397.4166666666,6,2,2023,152,0,лето
Красноярский край,2023,январь-июль,1386093.0,7,2023-07-01,False,1140855.0,634455.0,125011.0,963102.0,1121464.6666666667,777564.1666666666,953646.6666666666,7,3,2023,182,0,лето
Красноярский край,2023,январь-август,1621523.0,8,2023-08-01,False,1386093.0,837446.0,257155.0,1130789.0,1382823.6666666667,1004958.8333333334,994541.1666666666,8,3,2023,213,0,лето
Красноярский край,2023,январь-сентябрь,1789351.0,9,2023-09-01,False,1621523.0,1140855.0,409381.0,1267658.0,1598989.0,1234953.8333333333,1038015.5833333334,9,3,2023,244,0,осень
Красноярский край,2024,январь,123751.0,1,2024-01-01,False,1789351.0,1386093.0,634455.0,1342421.0,1178208.3333333333,1149836.5,936459.75,1,1,2024,1,1,зима
Красноярский край,2024,январь-февраль,243459.0,2,2024-02-01,False,123751.0,1621523.0,837446.0,1420029.0,718853.6666666666,1050838.6666666667,838412.25,2,1,2024,32,1,зима
Красноярский край,2024,январь-март,380930.0,3,2024-03-01,False,243459.0,1789351.0,1140855.0,1492467.0,249380.0,924184.5,745784.1666666666,3,1,2024,61,1,весна
Красноярский край,2024,январь-апрель,509690.0,4,2024-04-01,False,380930.0,123751.0,1386093.0,125011.0,378026.3333333333,778117.3333333334,777840.75,4,2,2024,92,0,весна
Красноярский край,2024,январь-май,639125.0,5,2024-05-01,False,509690.0,243459.0,1621523.0,257155.0,509915.0,614384.3333333334,809671.5833333334,5,2,2024,122,1,весна
Красноярский край,2024,январь-июнь,821301.0,6,2024-06-01,False,639125.0,380930.0,1789351.0,409381.0,656705.3333333334,453042.6666666667,843998.25,6,2,2024,153,0,лето
Красноярский край,2024,январь-июль,1086386.0,7,2024-07-01,False,821301.0,509690.0,123751.0,634455.0,848937.3333333334,613481.8333333334,881659.1666666666,7,3,2024,183,0,лето
Красноярский край,2024,январь-август,1332321.0,8,2024-08-01,False,1086386.0,639125.0,243459.0,837446.0,1080002.6666666667,794958.8333333334,922898.75,8,3,2024,214,0,лето
Красноярский край,2024,январь-сентябрь,1504448.0,9,2024-09-01,False,1332321.0,821301.0,380930.0,1140855.0,1307718.3333333333,982211.8333333334,953198.1666666666,9,3,2024,245,0,осень
Красноярский край,2025,январь,114640.0,1,2025-01-01,False,1504448.0,1086386.0,509690.0,1386093.0,983803.0,916370.1666666666,847243.75,1,1,2025,1,1,зима
Красноярский край,2025,январь-февраль,223213.0,2,2025-02-01,False,114640.0,1332321.0,639125.0,1621523.0,614100.3333333334,847051.5,730717.9166666666,2,1,2025,32,1,зима
Красноярский край,2025,январь-март,342975.0,3,2025-03-01,False,223213.0,1504448.0,821301.0,1789351.0,226942.66666666666,767330.5,610186.5833333334,3,1,2025,60,1,весна
Красноярский край,2025,январь-апрель,470573.0,4,2025-04-01,False,342975.0,114640.0,1086386.0,123751.0,345587.0,664695.0,639088.4166666666,4,2,2025,91,0,весна
Красноярский край,2025,январь-май,623416.0,5,2025-05-01,False,470573.0,223213.0,1332321.0,243459.0,478988.0,546544.1666666666,670751.5,5,2,2025,121,1,весна
Красноярский край,2025,январь-июнь,807296.0,6,2025-06-01,False,623416.0,342975.0,1504448.0,380930.0,633761.6666666666,430352.1666666667,706282.0,6,2,2025,152,0,лето
Красноярский край,2025,январь-июль,1039517.0,7,2025-07-01,False,807296.0,470573.0,114640.0,509690.0,823409.6666666666,584498.3333333334,750434.25,7,3,2025,182,0,лето
Красноярский край,2025,январь-август,1258058.0,8,2025-08-01,False,1039517.0,623416.0,223213.0,639125.0,1034957.0,756972.5,802012.0,8,3,2025,213,0,лето
Красноярский край,2025,январь-сентябрь,1404465.0,9,2025-09-01,False,1258058.0,807296.0,342975.0,821301.0,1234013.3333333333,933887.5,850609.0,9,3,2025,244,0,осень
Курганская область,2022,январь,53340.0,1,2022-01-01,False,,,,,53340.0,53340.0,53340.0,1,1,2022,1,1,зима
Курганская область,2022,январь-февраль,83990.0,2,2022-02-01,False,53340.0,,,,68665.0,68665.0,68665.0,2,1,2022,32,1,зима
Курганская область,2022,январь-март,129675.0,3,2022-03-01,False,83990.0,,,,89001.66666666667,89001.66666666667,89001.66666666667,3,1,2022,60,1,весна
Курганская область,2022,январь-апрель,221636.0,4,2022-04-01,False,129675.0,53340.0,,,145100.33333333334,122160.25,122160.25,4,2,2022,91,0,весна
Курганская область,2022,январь-май,291672.0,5,2022-05-01,False,221636.0,83990.0,,,214327.66666666666,156062.6,156062.6,5,2,2022,121,1,весна
Курганская область,2022,январь-июнь,401520.0,6,2022-06-01,False,291672.0,129675.0,,,304942.6666666667,196972.16666666666,196972.16666666666,6,2,2022,152,0,лето
Курганская область,2022,январь-июль,497297.0,7,2022-07-01,False,401520.0,221636.0,53340.0,,396829.6666666667,270965.0,239875.7142857143,7,3,2022,182,0,лето
Курганская область,2022,январь-август,572378.0,8,2022-08-01,False,497297.0,291672.0,83990.0,,490398.3333333333,352363.0,281438.5,8,3,2022,213,0,лето
Курганская область,2022,январь-сентябрь,600991.0,9,2022-09-01,False,572378.0,401520.0,129675.0,,556888.6666666666,430915.6666666667,316944.3333333333,9,3,2022,244,0,осень
Курганская область,2022,январь-октябрь*,626249.0,10,2022-10-01,False,600991.0,497297.0,221636.0,,599872.6666666666,498351.1666666667,347874.8,10,4,2022,274,0,осень
Курганская область,2022,январь-ноябрь*,649651.0,11,2022-11-01,False,626249.0,572378.0,291672.0,,625630.3333333334,558014.3333333334,375309.0,11,4,2022,305,0,осень
Курганская область,2022,январь-декабрь*,672289.0,12,2022-12-01,False,649651.0,600991.0,401520.0,,649396.3333333334,603142.5,400057.3333333333,12,4,2022,335,1,зима
Курганская область,2023,январь,48204.0,1,2023-01-01,False,672289.0,626249.0,497297.0,53340.0,456714.6666666667,528293.6666666666,399629.3333333333,1,1,2023,1,1,зима
Курганская область,2023,январь-февраль,91407.0,2,2023-02-01,False,48204.0,649651.0,572378.0,83990.0,270633.3333333333,448131.8333333333,400247.4166666667,2,1,2023,32,1,зима
Курганская область,2023,январь-март,138914.0,3,2023-03-01,False,91407.0,672289.0,600991.0,129675.0,92841.66666666667,371119.0,401017.3333333333,3,1,2023,60,1,весна
Курганская область,2023,январь-апрель,184739.0,4,2023-04-01,False,138914.0,48204.0,626249.0,221636.0,138353.33333333334,297534.0,397942.5833333333,4,2,2023,91,0,весна
Курганская область,2023,январь-май,234600.0,5,2023-05-01,False,184739.0,91407.0,649651.0,291672.0,186084.33333333334,228358.83333333334,393186.5833333333,5,2,2023,121,1,весна
Курганская область,2023,январь-июнь,307325.0,6,2023-06-01,False,234600.0,138914.0,672289.0,401520.0,242221.33333333334,167531.5,385337.0,6,2,2023,152,0,лето
Курганская область,2023,январь-июль,393571.0,7,2023-07-01,False,307325.0,184739.0,48204.0,497297.0,311832.0,225092.66666666666,376693.1666666667,7,3,2023,182,0,лето
Курганская область,2023,январь-август,465304.0,8,2023-08-01,False,393571.0,234600.0,91407.0,572378.0,388733.3333333333,287408.8333333333,367770.3333333333,8,3,2023,213,0,лето
Курганская область,2023,январь-сентябрь,497246.0,9,2023-09-01,False,465304.0,307325.0,138914.0,600991.0,452040.3333333333,347130.8333333333,359124.9166666667,9,3,2023,244,0,осень
Курганская область,2024,январь,22013.0,1,2024-01-01,False,497246.0,393571.0,184739.0,626249.0,328187.6666666667,320009.8333333333,308771.9166666667,1,1,2024,1,1,зима
Курганская область,2024,январь-февраль,38538.0,2,2024-02-01,False,22013.0,465304.0,234600.0,649651.0,185932.33333333334,287332.8333333333,257845.83333333334,2,1,2024,32,1,зима
Курганская область,2024,январь-март,61846.0,3,2024-03-01,False,38538.0,497246.0,307325.0,672289.0,40799.0,246419.66666666666,206975.58333333334,3,1,2024,61,1,весна
Курганская область,2024,январь-апрель,79833.0,4,2024-04-01,False,61846.0,22013.0,393571.0,48204.0,60072.333333333336,194130.0,209611.33333333334,4,2,2024,92,0,весна
Курганская область,2024,январь-май,95201.0,5,2024-05-01,False,79833.0,38538.0,465304.0,91407.0,78960.0,132446.16666666666,209927.5,5,2,2024,122,1,весна
Курганская область,2024,январь-июнь,130995.0,6,2024-06-01,False,95201.0,61846.0,497246.0,138914.0,102009.66666666667,71404.33333333333,209267.58333333334,6,2,2024,153,0,лето
Курганская область,2024,январь-июль,184075.0,7,2024-07-01,False,130995.0,79833.0,22013.0,184739.0,136757.0,98414.66666666667,209212.25,7,3,2024,183,0,лето
Курганская область,2024,январь-август,227216.0,8,2024-08-01,False,184075.0,95201.0,38538.0,234600.0,180762.0,129861.0,208596.91666666666,8,3,2024,214,0,лето
Курганская область,2024,январь-сентябрь,252129.0,9,2024-09-01,False,227216.0,130995.0,61846.0,307325.0,221140.0,161574.83333333334,203997.25,9,3,2024,245,0,осень
Курганская область,2025,январь,28232.0,1,2025-01-01,False,252129.0,184075.0,79833.0,393571.0,169192.33333333334,152974.66666666666,173552.33333333334,1,1,2025,1,1,зима
Курганская область,2025,январь-февраль,50976.0,2,2025-02-01,False,28232.0,227216.0,95201.0,465304.0,110445.66666666667,145603.83333333334,139025.0,2,1,2025,32,1,зима
Курганская область,2025,январь-март,81164.0,3,2025-03-01,False,50976.0,252129.0,130995.0,497246.0,53457.333333333336,137298.66666666666,104351.5,3,1,2025,60,1,весна
Курганская область,2025,январь-апрель,98218.0,4,2025-04-01,False,81164.0,28232.0,184075.0,22013.0,76786.0,122989.16666666667,110701.91666666667,4,2,2025,91,0,весна
Курганская область,2025,январь-май,114385.0,5,2025-05-01,False,98218.0,50976.0,227216.0,38538.0,97922.33333333333,104184.0,117022.5,5,2,2025,121,1,весна
Курганская область,2025,январь-июнь,144439.0,6,2025-06-01,False,114385.0,81164.0,252129.0,61846.0,119014.0,86235.66666666667,123905.25,6,2,2025,152,0,лето
Курганская область,2025,январь-июль,191406.0,7,2025-07-01,False,144439.0,98218.0,28232.0,79833.0,150076.66666666666,113431.33333333333,133203.0,7,3,2025,182,0,лето
Курганская область,2025,январь-август,234012.0,8,2025-08-01,False,191406.0,114385.0,50976.0,95201.0,189952.33333333334,143937.33333333334,144770.58333333334,8,3,2025,213,0,лето
Курганская область,2025,январь-сентябрь,250601.0,9,2025-09-01,False,234012.0,144439.0,81164.0,130995.0,225339.66666666666,172176.83333333334,154737.75,9,3,2025,244,0,осень
Курская область,2022,январь,25064.0,1,2022-01-01,False,,,,,25064.0,25064.0,25064.0,1,1,2022,1,1,зима
Курская область,2022,январь-февраль,57694.0,2,2022-02-01,False,25064.0,,,,41379.0,41379.0,41379.0,2,1,2022,32,1,зима
Курская область,2022,январь-март,83402.0,3,2022-03-01,False,57694.0,,,,55386.666666666664,55386.666666666664,55386.666666666664,3,1,2022,60,1,весна
Курская область,2022,январь-апрель,120019.0,4,2022-04-01,False,83402.0,25064.0,,,87038.33333333333,71544.75,71544.75,4,2,2022,91,0,весна
Курская область,2022,январь-май,155154.0,5,2022-05-01,False,120019.0,57694.0,,,119525.0,88266.6,88266.6,5,2,2022,121,1,весна
Курская область,2022,январь-июнь,208089.0,6,2022-06-01,False,155154.0,83402.0,,,161087.33333333334,108237.0,108237.0,6,2,2022,152,0,лето
Курская область,2022,январь-июль,277795.0,7,2022-07-01,False,208089.0,120019.0,25064.0,,213679.33333333334,150358.83333333334,132459.57142857142,7,3,2022,182,0,лето
Курская область,2022,январь-август,323761.0,8,2022-08-01,False,277795.0,155154.0,57694.0,,269881.6666666667,194703.33333333334,156372.25,8,3,2022,213,0,лето
Курская область,2022,январь-сентябрь,347993.0,9,2022-09-01,False,323761.0,208089.0,83402.0,,316516.3333333333,238801.83333333334,177663.44444444444,9,3,2022,244,0,осень
Курская область,2022,январь-октябрь*,372105.0,10,2022-10-01,False,347993.0,277795.0,120019.0,,347953.0,280816.1666666667,197107.6,10,4,2022,274,0,осень
Курская область,2022,январь-ноябрь*,396261.0,11,2022-11-01,False,372105.0,323761.0,155154.0,,372119.6666666667,321000.6666666667,215212.45454545456,11,4,2022,305,0,осень
Курская область,2022,январь-декабрь*,414992.0,12,2022-12-01,False,396261.0,347993.0,208089.0,,394452.6666666667,355484.5,231860.75,12,4,2022,335,1,зима
Курская область,2023,январь,19847.0,1,2023-01-01,False,414992.0,372105.0,277795.0,25064.0,277033.3333333333,312493.1666666667,231426.0,1,1,2023,1,1,зима
Курская область,2023,январь-февраль,44781.0,2,2023-02-01,False,19847.0,396261.0,323761.0,57694.0,159873.33333333334,265996.5,230349.91666666666,2,1,2023,32,1,зима
Курская область,2023,январь-март,71205.0,3,2023-03-01,False,44781.0,414992.0,347993.0,83402.0,45277.666666666664,219865.16666666666,229333.5,3,1,2023,60,1,весна
Курская область,2023,январь-апрель,107489.0,4,2023-04-01,False,71205.0,19847.0,372105.0,120019.0,74491.66666666667,175762.5,228289.33333333334,4,2,2023,91,0,весна
Курская область,2023,январь-май,146850.0,5,2023-05-01,False,107489.0,44781.0,396261.0,155154.0,108514.66666666667,134194.0,227597.33333333334,5,2,2023,121,1,весна
Курская область,2023,январь-июнь,207213.0,6,2023-06-01,False,146850.0,71205.0,414992.0,208089.0,153850.66666666666,99564.16666666667,227524.33333333334,6,2,2023,152,0,лето
Курская область,2023,январь-июль,280530.0,7,2023-07-01,False,207213.0,107489.0,19847.0,277795.0,211531.0,143011.33333333334,227752.25,7,3,2023,182,0,лето
Курская область,2023,январь-август,345230.0,8,2023-08-01,False,280530.0,146850.0,44781.0,323761.0,277657.6666666667,193086.16666666666,229541.33333333334,8,3,2023,213,0,лето
Курская область,2023,январь-сентябрь,374912.0,9,2023-09-01,False,345230.0,207213.0,71205.0,347993.0,333557.3333333333,243704.0,231784.58333333334,9,3,2023,244,0,осень
Курская область,2024,январь,22403.0,1,2024-01-01,False,374912.0,280530.0,107489.0,372105.0,247515.0,229523.0,202642.75,1,1,2024,1,1,зима
Курская область,2024,январь-февраль,52892.0,2,2024-02-01,False,22403.0,345230.0,146850.0,396261.0,150069.0,213863.33333333334,174028.66666666666,2,1,2024,32,1,зима
Курская область,2024,январь-март,84141.0,3,2024-03-01,False,52892.0,374912.0,207213.0,414992.0,53145.333333333336,193351.33333333334,146457.75,3,1,2024,61,1,весна
Курская область,2024,январь-апрель,104958.0,4,2024-04-01,False,84141.0,22403.0,280530.0,19847.0,80663.66666666667,164089.33333333334,153550.33333333334,4,2,2024,92,0,весна
Курская область,2024,январь-май,123038.0,5,2024-05-01,False,104958.0,52892.0,345230.0,44781.0,104045.66666666667,127057.33333333333,160071.75,5,2,2024,122,1,весна
Курская область,2024,январь-июнь,157125.0,6,2024-06-01,False,123038.0,84141.0,374912.0,71205.0,128373.66666666667,90759.5,167231.75,6,2,2024,153,0,лето
Курская область,2024,январь-июль,241895.0,7,2024-07-01,False,157125.0,104958.0,22403.0,107489.0,174019.33333333334,127341.5,178432.25,7,3,2024,183,0,лето
Курская область,2024,январь-август,306572.0,8,2024-08-01,False,241895.0,123038.0,52892.0,146850.0,235197.33333333334,169621.5,191742.41666666666,8,3,2024,214,0,лето
Курская область,2024,январь-сентябрь,347115.0,9,2024-09-01,False,306572.0,157125.0,84141.0,207213.0,298527.3333333333,213450.5,203400.91666666666,9,3,2024,245,0,осень
Курская область,2025,январь,24207.0,1,2025-01-01,False,347115.0,241895.0,104958.0,280530.0,225964.66666666666,199992.0,182040.66666666666,1,1,2025,1,1,зима
Курская область,2025,январь-февраль,48868.0,2,2025-02-01,False,24207.0,306572.0,123038.0,345230.0,140063.33333333334,187630.33333333334,157343.83333333334,2,1,2025,32,1,зима
Курская область,2025,январь-март,76172.0,3,2025-03-01,False,48868.0,347115.0,157125.0,374912.0,49749.0,174138.16666666666,132448.83333333334,3,1,2025,60,1,весна
Курская область,2025,январь-апрель,111295.0,4,2025-04-01,False,76172.0,24207.0,241895.0,22403.0,78778.33333333333,152371.5,139856.5,4,2,2025,91,0,весна
Курская область,2025,январь-май,147418.0,5,2025-05-01,False,111295.0,48868.0,306572.0,52892.0,111628.33333333333,125845.83333333333,147733.66666666666,5,2,2025,121,1,весна
Курская область,2025,январь-июнь,206012.0,6,2025-06-01,False,147418.0,76172.0,347115.0,84141.0,154908.33333333334,102328.66666666667,157889.58333333334,6,2,2025,152,0,лето
Курская область,2025,январь-июль,268610.0,7,2025-07-01,False,206012.0,111295.0,24207.0,104958.0,207346.66666666666,143062.5,171527.25,7,3,2025,182,0,лето
Курская область,2025,январь-август,317745.0,8,2025-08-01,False,268610.0,147418.0,48868.0,123038.0,264122.3333333333,187875.33333333334,187752.83333333334,8,3,2025,213,0,лето
Курская область,2025,январь-сентябрь,349528.0,9,2025-09-01,False,317745.0,206012.0,76172.0,157125.0,311961.0,233434.66666666666,203786.41666666666,9,3,2025,244,0,осень
Ленинградская область,2022,январь,698385.0,1,2022-01-01,False,,,,,698385.0,698385.0,698385.0,1,1,2022,1,1,зима
Ленинградская область,2022,январь-февраль,1292327.0,2,2022-02-01,False,698385.0,,,,995356.0,995356.0,995356.0,2,1,2022,32,1,зима
Ленинградская область,2022,январь-март,2062319.0,3,2022-03-01,False,1292327.0,,,,1351010.3333333333,1351010.3333333333,1351010.3333333333,3,1,2022,60,1,весна
Ленинградская область,2022,январь-апрель,3649556.0,4,2022-04-01,False,2062319.0,698385.0,,,2334734.0,1925646.75,1925646.75,4,2,2022,91,0,весна
Ленинградская область,2022,январь-май,5243598.0,5,2022-05-01,False,3649556.0,1292327.0,,,3651824.3333333335,2589237.0,2589237.0,5,2,2022,121,1,весна
Ленинградская область,2022,январь-июнь,7486239.0,6,2022-06-01,False,5243598.0,2062319.0,,,5459797.666666667,3405404.0,3405404.0,6,2,2022,152,0,лето
Ленинградская область,2022,январь-июль,10194325.0,7,2022-07-01,False,7486239.0,3649556.0,698385.0,,7641387.333333333,4988060.666666667,4375249.857142857,7,3,2022,182,0,лето
Ленинградская область,2022,январь-август,12367669.0,8,2022-08-01,False,10194325.0,5243598.0,1292327.0,,10016077.666666666,6833951.0,5374302.25,8,3,2022,213,0,лето
Ленинградская область,2022,январь-сентябрь,13643438.0,9,2022-09-01,False,12367669.0,7486239.0,2062319.0,,12068477.333333334,8764137.5,6293095.111111111,9,3,2022,244,0,осень
Ленинградская область,2022,январь-октябрь*,14161694.0,10,2022-10-01,False,13643438.0,10194325.0,3649556.0,,13390933.666666666,10516160.5,7079955.0,10,4,2022,274,0,осень
Ленинградская область,2022,январь-ноябрь*,14630478.0,11,2022-11-01,False,14161694.0,12367669.0,5243598.0,,14145203.333333334,12080640.5,7766366.181818182,11,4,2022,305,0,осень
Ленинградская область,2022,январь-декабрь*,15205197.0,12,2022-12-01,True,14630478.0,13643438.0,7486239.0,,14665789.666666666,13367133.5,8386268.75,12,4,2022,335,1,зима
Ленинградская область,2023,январь,668902.0,1,2023-01-01,False,15205197.0,14161694.0,10194325.0,698385.0,10168192.333333334,11779563.0,8383811.833333333,1,1,2023,1,1,зима
Ленинградская область,2023,январь-февраль,1341496.0,2,2023-02-01,False,668902.0,14630478.0,12367669.0,1292327.0,5738531.666666667,9941867.5,8387909.25,2,1,2023,32,1,зима
Ленинградская область,2023,январь-март,1980660.0,3,2023-03-01,False,1341496.0,15205197.0,13643438.0,2062319.0,1330352.6666666667,7998071.166666667,8381104.333333333,3,1,2023,60,1,весна
Ленинградская область,2023,январь-апрель,2642143.0,4,2023-04-01,False,1980660.0,668902.0,14161694.0,3649556.0,1988099.6666666667,6078146.0,8297153.25,4,2,2023,91,0,весна
Ленинградская область,2023,январь-май,3399433.0,5,2023-05-01,False,2642143.0,1341496.0,14630478.0,5243598.0,2674078.6666666665,4206305.166666667,8143472.833333333,5,2,2023,121,1,весна
Ленинградская область,2023,январь-июнь,4496172.0,6,2023-06-01,False,3399433.0,1980660.0,15205197.0,7486239.0,3512582.6666666665,2421467.6666666665,7894300.583333333,6,2,2023,152,0,лето
Ленинградская область,2023,январь-июль,5921145.0,7,2023-07-01,False,4496172.0,2642143.0,668902.0,10194325.0,4605583.333333333,3296841.5,7538202.25,7,3,2023,182,0,лето
Ленинградская область,2023,январь-август,7274289.0,8,2023-08-01,False,5921145.0,3399433.0,1341496.0,12367669.0,5897202.0,4285640.333333333,7113753.916666667,8,3,2023,213,0,лето
Ленинградская область,2023,январь-сентябрь,8250174.0,9,2023-09-01,False,7274289.0,4496172.0,1980660.0,13643438.0,7148536.0,5330559.333333333,6664315.25,9,3,2023,244,0,осень
Ленинградская область,2024,январь,620367.0,1,2024-01-01,False,8250174.0,5921145.0,2642143.0,14161694.0,5381610.0,4993596.666666667,5535871.333333333,1,1,2024,1,1,зима
Ленинградская область,2024,январь-февраль,1193673.0,2,2024-02-01,False,620367.0,7274289.0,3399433.0,14630478.0,3354738.0,4625970.0,4416137.583333333,2,1,2024,32,1,зима
Ленинградская область,2024,январь-март,1821247.0,3,2024-03-01,False,1193673.0,8250174.0,4496172.0,15205197.0,1211762.3333333333,4180149.1666666665,3300808.4166666665,3,1,2024,61,1,весна
Ленинградская область,2024,январь-апрель,2356847.0,4,2024-04-01,False,1821247.0,620367.0,5921145.0,668902.0,1790589.0,3586099.5,3441470.5,4,2,2024,92,0,весна
Ленинградская область,2024,январь-май,3001989.0,5,2024-05-01,False,2356847.0,1193673.0,7274289.0,1341496.0,2393361.0,2874049.5,3579844.9166666665,5,2,2024,122,1,весна
Ленинградская область,2024,январь-июнь,4080042.0,6,2024-06-01,False,3001989.0,1821247.0,8250174.0,1980660.0,3146292.6666666665,2179027.5,3754793.4166666665,6,2,2024,153,0,лето
Ленинградская область,2024,январь-июль,5405612.0,7,2024-07-01,False,4080042.0,2356847.0,620367.0,2642143.0,4162547.6666666665,2976568.3333333335,3985082.5,7,3,2024,183,0,лето
Ленинградская область,2024,январь-август,6723218.0,8,2024-08-01,False,5405612.0,3001989.0,1193673.0,3399433.0,5402957.333333333,3898159.1666666665,4262064.583333333,8,3,2024,214,0,лето
Ленинградская область,2024,январь-сентябрь,7538371.0,9,2024-09-01,False,6723218.0,4080042.0,1821247.0,4496172.0,6555733.666666667,4851013.166666667,4515581.166666667,9,3,2024,245,0,осень
Ленинградская область,2025,январь,439556.0,1,2025-01-01,False,7538371.0,5405612.0,2356847.0,5921145.0,4900381.666666667,4531464.666666667,4058782.0833333335,1,1,2025,1,1,зима
Ленинградская область,2025,январь-февраль,827975.0,2,2025-02-01,False,439556.0,6723218.0,3001989.0,7274289.0,2935300.6666666665,4169129.0,3521589.25,2,1,2025,32,1,зима
Ленинградская область,2025,январь-март,1221118.0,3,2025-03-01,False,827975.0,7538371.0,4080042.0,8250174.0,829549.6666666666,3692641.6666666665,2935834.5833333335,3,1,2025,60,1,весна
Ленинградская область,2025,январь-апрель,1858118.0,4,2025-04-01,False,1221118.0,439556.0,5405612.0,620367.0,1302403.6666666667,3101392.6666666665,3038980.5,4,2,2025,91,0,весна
Ленинградская область,2025,январь-май,2631135.0,5,2025-05-01,False,1858118.0,827975.0,6723218.0,1193673.0,1903457.0,2419378.8333333335,3158769.0,5,2,2025,121,1,весна
Ленинградская область,2025,январь-июнь,3863756.0,6,2025-06-01,False,2631135.0,1221118.0,7538371.0,1821247.0,2784336.3333333335,1806943.0,3328978.0833333335,6,2,2025,152,0,лето
Ленинградская область,2025,январь-июль,4803006.0,7,2025-07-01,False,3863756.0,1858118.0,439556.0,2356847.0,3765965.6666666665,2534184.6666666665,3532824.6666666665,7,3,2025,182,0,лето
Ленинградская область,2025,январь-август,5697705.0,8,2025-08-01,False,4803006.0,2631135.0,827975.0,3001989.0,4788155.666666667,3345806.3333333335,3757467.6666666665,8,3,2025,213,0,лето
Ленинградская область,2025,январь-сентябрь,6383554.0,9,2025-09-01,False,5697705.0,3863756.0,1221118.0,4080042.0,5628088.333333333,4206212.333333333,3949427.0,9,3,2025,244,0,осень
Липецкая область,2022,январь,26908.0,1,2022-01-01,False,,,,,26908.0,26908.0,26908.0,1,1,2022,1,1,зима
Липецкая область,2022,январь-февраль,48059.0,2,2022-02-01,False,26908.0,,,,37483.5,37483.5,37483.5,2,1,2022,32,1,зима
Липецкая область,2022,январь-март,69064.0,3,2022-03-01,False,48059.0,,,,48010.333333333336,48010.333333333336,48010.333333333336,3,1,2022,60,1,весна
Липецкая область,2022,январь-апрель,129781.0,4,2022-04-01,False,69064.0,26908.0,,,82301.33333333333,68453.0,68453.0,4,2,2022,91,0,весна
Липецкая область,2022,январь-май,205331.0,5,2022-05-01,False,129781.0,48059.0,,,134725.33333333334,95828.6,95828.6,5,2,2022,121,1,весна
Липецкая область,2022,январь-июнь,268579.0,6,2022-06-01,False,205331.0,69064.0,,,201230.33333333334,124620.33333333333,124620.33333333333,6,2,2022,152,0,лето
Липецкая область,2022,январь-июль,336912.0,7,2022-07-01,False,268579.0,129781.0,26908.0,,270274.0,176287.66666666666,154947.7142857143,7,3,2022,182,0,лето
Липецкая область,2022,январь-август,411570.0,8,2022-08-01,False,336912.0,205331.0,48059.0,,339020.3333333333,236872.83333333334,187025.5,8,3,2022,213,0,лето
Липецкая область,2022,январь-сентябрь,445677.0,9,2022-09-01,False,411570.0,268579.0,69064.0,,398053.0,299641.6666666667,215764.55555555556,9,3,2022,244,0,осень
Липецкая область,2022,январь-октябрь*,475708.0,10,2022-10-01,False,445677.0,336912.0,129781.0,,444318.3333333333,357296.1666666667,241758.9,10,4,2022,274,0,осень
Липецкая область,2022,январь-ноябрь*,504660.0,11,2022-11-01,False,475708.0,411570.0,205331.0,,475348.3333333333,407184.3333333333,265659.0,11,4,2022,305,0,осень
Липецкая область,2022,январь-декабрь*,528756.0,12,2022-12-01,False,504660.0,445677.0,268579.0,,503041.3333333333,450547.1666666667,287583.75,12,4,2022,335,1,зима
Липецкая область,2023,январь,28941.0,1,2023-01-01,False,528756.0,475708.0,336912.0,26908.0,354119.0,399218.6666666667,287753.1666666667,1,1,2023,1,1,зима
Липецкая область,2023,январь-февраль,55876.0,2,2023-02-01,False,28941.0,504660.0,411570.0,48059.0,204524.33333333334,339936.3333333333,288404.5833333333,2,1,2023,32,1,зима
Липецкая область,2023,январь-март,82469.0,3,2023-03-01,False,55876.0,528756.0,445677.0,69064.0,55762.0,279401.6666666667,289521.6666666667,3,1,2023,60,1,весна
Липецкая область,2023,январь-апрель,122635.0,4,2023-04-01,False,82469.0,28941.0,475708.0,129781.0,86993.33333333333,220556.16666666666,288926.1666666667,4,2,2023,91,0,весна
Липецкая область,2023,январь-май,172393.0,5,2023-05-01,False,122635.0,55876.0,504660.0,205331.0,125832.33333333333,165178.33333333334,286181.3333333333,5,2,2023,121,1,весна
Липецкая область,2023,январь-июнь,253880.0,6,2023-06-01,False,172393.0,82469.0,528756.0,268579.0,182969.33333333334,119365.66666666667,284956.4166666667,6,2,2023,152,0,лето
Липецкая область,2023,январь-июль,349702.0,7,2023-07-01,False,253880.0,122635.0,28941.0,336912.0,258658.33333333334,172825.83333333334,286022.25,7,3,2023,182,0,лето
Липецкая область,2023,январь-август,441777.0,8,2023-08-01,False,349702.0,172393.0,55876.0,411570.0,348453.0,237142.66666666666,288539.5,8,3,2023,213,0,лето
Липецкая область,2023,январь-сентябрь,491383.0,9,2023-09-01,False,441777.0,253880.0,82469.0,445677.0,427620.6666666667,305295.0,292348.3333333333,9,3,2023,244,0,осень
Липецкая область,2024,январь,28989.0,1,2024-01-01,False,491383.0,349702.0,122635.0,475708.0,320716.3333333333,289687.3333333333,255121.75,1,1,2024,1,1,зима
Липецкая область,2024,январь-февраль,50650.0,2,2024-02-01,False,28989.0,441777.0,172393.0,504660.0,190340.66666666666,269396.8333333333,217287.58333333334,2,1,2024,32,1,зима
Липецкая область,2024,январь-март,74699.0,3,2024-03-01,False,50650.0,491383.0,253880.0,528756.0,51446.0,239533.33333333334,179449.5,3,1,2024,61,1,весна
Липецкая область,2024,январь-апрель,94076.0,4,2024-04-01,False,74699.0,28989.0,349702.0,28941.0,73141.66666666667,196929.0,184877.41666666666,4,2,2024,92,0,весна
Липецкая область,2024,январь-май,117919.0,5,2024-05-01,False,94076.0,50650.0,441777.0,55876.0,95564.66666666667,142952.66666666666,190047.66666666666,5,2,2024,122,1,весна
Липецкая область,2024,январь-июнь,170128.0,6,2024-06-01,False,117919.0,74699.0,491383.0,82469.0,127374.33333333333,89410.16666666667,197352.58333333334,6,2,2024,153,0,лето
Липецкая область,2024,январь-июль,240657.0,7,2024-07-01,False,170128.0,94076.0,28989.0,122635.0,176234.66666666666,124688.16666666667,207187.75,7,3,2024,183,0,лето
Липецкая область,2024,январь-август,310915.0,8,2024-08-01,False,240657.0,117919.0,50650.0,172393.0,240566.66666666666,168065.66666666666,218731.25,8,3,2024,214,0,лето
Липецкая область,2024,январь-сентябрь,338047.0,9,2024-09-01,False,310915.0,170128.0,74699.0,253880.0,296539.6666666667,211957.0,225745.16666666666,9,3,2024,245,0,осень
Липецкая область,2025,январь,26898.0,1,2025-01-01,False,338047.0,240657.0,94076.0,349702.0,225286.66666666666,200760.66666666666,198844.83333333334,1,1,2025,1,1,зима
Липецкая область,2025,январь-февраль,46072.0,2,2025-02-01,False,26898.0,310915.0,117919.0,441777.0,137005.66666666666,188786.16666666666,165869.41666666666,2,1,2025,32,1,зима
Липецкая область,2025,январь-март,69515.0,3,2025-03-01,False,46072.0,338047.0,170128.0,491383.0,47495.0,172017.33333333334,130713.75,3,1,2025,60,1,весна
Липецкая область,2025,январь-апрель,91507.0,4,2025-04-01,False,69515.0,26898.0,240657.0,28989.0,69031.33333333333,147159.0,135923.58333333334,4,2,2025,91,0,весна
Липецкая область,2025,январь-май,125315.0,5,2025-05-01,False,91507.0,46072.0,310915.0,50650.0,95445.66666666667,116225.66666666667,142145.66666666666,5,2,2025,121,1,весна
Липецкая область,2025,январь-июнь,197108.0,6,2025-06-01,False,125315.0,69515.0,338047.0,74699.0,137976.66666666666,92735.83333333333,152346.41666666666,6,2,2025,152,0,лето
Липецкая область,2025,январь-июль,271039.0,7,2025-07-01,False,197108.0,91507.0,26898.0,94076.0,197820.66666666666,133426.0,167093.33333333334,7,3,2025,182,0,лето
Липецкая область,2025,январь-август,343580.0,8,2025-08-01,False,271039.0,125315.0,46072.0,117919.0,270575.6666666667,183010.66666666666,185898.41666666666,8,3,2025,213,0,лето
Липецкая область,2025,январь-сентябрь,367505.0,9,2025-09-01,False,343580.0,197108.0,69515.0,170128.0,327374.6666666667,232675.66666666666,202346.5,9,3,2025,244,0,осень
Магаданская область,2022,январь,3282.0,1,2022-01-01,False,,,,,3282.0,3282.0,3282.0,1,1,2022,1,1,зима
Магаданская область,2022,январь-февраль,6308.0,2,2022-02-01,False,3282.0,,,,4795.0,4795.0,4795.0,2,1,2022,32,1,зима
Магаданская область,2022,январь-март,11638.0,3,2022-03-01,False,6308.0,,,,7076.0,7076.0,7076.0,3,1,2022,60,1,весна
Магаданская область,2022,январь-апрель,17722.0,4,2022-04-01,False,11638.0,3282.0,,,11889.333333333334,9737.5,9737.5,4,2,2022,91,0,весна
Магаданская область,2022,январь-май,22141.0,5,2022-05-01,False,17722.0,6308.0,,,17167.0,12218.2,12218.2,5,2,2022,121,1,весна
Магаданская область,2022,январь-июнь,27303.0,6,2022-06-01,False,22141.0,11638.0,,,22388.666666666668,14732.333333333334,14732.333333333334,6,2,2022,152,0,лето
Магаданская область,2022,январь-июль,30813.0,7,2022-07-01,False,27303.0,17722.0,3282.0,,26752.333333333332,19320.833333333332,17029.571428571428,7,3,2022,182,0,лето
Магаданская область,2022,январь-август,36220.0,8,2022-08-01,False,30813.0,22141.0,6308.0,,31445.333333333332,24306.166666666668,19428.375,8,3,2022,213,0,лето
Магаданская область,2022,январь-сентябрь,38317.0,9,2022-09-01,False,36220.0,27303.0,11638.0,,35116.666666666664,28752.666666666668,21527.11111111111,9,3,2022,244,0,осень
Магаданская область,2022,январь-октябрь*,41957.0,10,2022-10-01,False,38317.0,30813.0,17722.0,,38831.333333333336,32791.833333333336,23570.1,10,4,2022,274,0,осень
Магаданская область,2022,январь-ноябрь*,49054.0,11,2022-11-01,False,41957.0,36220.0,22141.0,,43109.333333333336,37277.333333333336,25886.81818181818,11,4,2022,305,0,осень
Магаданская область,2022,январь-декабрь*,54132.0,12,2022-12-01,False,49054.0,38317.0,27303.0,,48381.0,41748.833333333336,28240.583333333332,12,4,2022,335,1,зима
Магаданская область,2023,январь,6073.0,1,2023-01-01,False,54132.0,41957.0,30813.0,3282.0,36419.666666666664,37625.5,28473.166666666668,1,1,2023,1,1,зима
Магаданская область,2023,январь-февраль,11256.0,2,2023-02-01,False,6073.0,49054.0,36220.0,6308.0,23820.333333333332,33464.833333333336,28885.5,2,1,2023,32,1,зима
Магаданская область,2023,январь-март,17065.0,3,2023-03-01,False,11256.0,54132.0,38317.0,11638.0,11464.666666666666,29922.833333333332,29337.75,3,1,2023,60,1,весна
Магаданская область,2023,январь-апрель,25301.0,4,2023-04-01,False,17065.0,6073.0,41957.0,17722.0,17874.0,27146.833333333332,29969.333333333332,4,2,2023,91,0,весна
Магаданская область,2023,январь-май,31643.0,5,2023-05-01,False,25301.0,11256.0,49054.0,22141.0,24669.666666666668,24245.0,30761.166666666668,5,2,2023,121,1,весна
Магаданская область,2023,январь-июнь,38707.0,6,2023-06-01,False,31643.0,17065.0,54132.0,27303.0,31883.666666666668,21674.166666666668,31711.5,6,2,2023,152,0,лето
Магаданская область,2023,январь-июль,46666.0,7,2023-07-01,False,38707.0,25301.0,6073.0,30813.0,39005.333333333336,28439.666666666668,33032.583333333336,7,3,2023,182,0,лето
Магаданская область,2023,январь-август,54586.0,8,2023-08-01,False,46666.0,31643.0,11256.0,36220.0,46653.0,35661.333333333336,34563.083333333336,8,3,2023,213,0,лето
Магаданская область,2023,январь-сентябрь,59282.0,9,2023-09-01,False,54586.0,38707.0,17065.0,38317.0,53511.333333333336,42697.5,36310.166666666664,9,3,2023,244,0,осень
Магаданская область,2024,январь,5813.0,1,2024-01-01,False,59282.0,46666.0,25301.0,41957.0,39893.666666666664,39449.5,33298.166666666664,1,1,2024,1,1,зима
Магаданская область,2024,январь-февраль,11850.0,2,2024-02-01,False,5813.0,54586.0,31643.0,49054.0,25648.333333333332,36150.666666666664,30197.833333333332,2,1,2024,32,1,зима
Магаданская область,2024,январь-март,18793.0,3,2024-03-01,False,11850.0,59282.0,38707.0,54132.0,12152.0,32831.666666666664,27252.916666666668,3,1,2024,61,1,весна
Магаданская область,2024,январь-апрель,27860.0,4,2024-04-01,False,18793.0,5813.0,46666.0,6073.0,19501.0,29697.333333333332,29068.5,4,2,2024,92,0,весна
Магаданская область,2024,январь-май,33445.0,5,2024-05-01,False,27860.0,11850.0,54586.0,11256.0,26699.333333333332,26173.833333333332,30917.583333333332,5,2,2024,122,1,весна
Магаданская область,2024,январь-июнь,41594.0,6,2024-06-01,False,33445.0,18793.0,59282.0,17065.0,34299.666666666664,23225.833333333332,32961.666666666664,6,2,2024,153,0,лето
Магаданская область,2024,январь-июль,53659.0,7,2024-07-01,False,41594.0,27860.0,5813.0,25301.0,42899.333333333336,31200.166666666668,35324.833333333336,7,3,2024,183,0,лето
Магаданская область,2024,январь-август,71147.0,8,2024-08-01,False,53659.0,33445.0,11850.0,31643.0,55466.666666666664,41083.0,38616.833333333336,8,3,2024,214,0,лето
Магаданская область,2024,январь-сентябрь,78333.0,9,2024-09-01,False,71147.0,41594.0,18793.0,38707.0,67713.0,51006.333333333336,41919.0,9,3,2024,245,0,осень
Магаданская область,2025,январь,7026.0,1,2025-01-01,False,78333.0,53659.0,27860.0,46666.0,52168.666666666664,47534.0,38615.666666666664,1,1,2025,1,1,зима
Магаданская область,2025,январь-февраль,19845.0,2,2025-02-01,False,7026.0,71147.0,33445.0,54586.0,35068.0,45267.333333333336,35720.583333333336,2,1,2025,32,1,зима
Магаданская область,2025,январь-март,29722.0,3,2025-03-01,False,19845.0,78333.0,41594.0,59282.0,18864.333333333332,43288.666666666664,33257.25,3,1,2025,60,1,весна
Магаданская область,2025,январь-апрель,37505.0,4,2025-04-01,False,29722.0,7026.0,53659.0,5813.0,29024.0,40596.333333333336,35898.25,4,2,2025,91,0,весна
Магаданская область,2025,январь-май,45582.0,5,2025-05-01,False,37505.0,19845.0,71147.0,11850.0,37603.0,36335.5,38709.25,5,2,2025,121,1,весна
Магаданская область,2025,январь-июнь,54364.0,6,2025-06-01,False,45582.0,29722.0,78333.0,18793.0,45817.0,32340.666666666668,41673.5,6,2,2025,152,0,лето
Магаданская область,2025,январь-июль,67938.0,7,2025-07-01,False,54364.0,37505.0,7026.0,27860.0,55961.333333333336,42492.666666666664,45013.333333333336,7,3,2025,182,0,лето
Магаданская область,2025,январь-август,84085.0,8,2025-08-01,False,67938.0,45582.0,19845.0,33445.0,68795.66666666667,53199.333333333336,49233.333333333336,8,3,2025,213,0,лето
Магаданская область,2025,январь-сентябрь,90723.0,9,2025-09-01,False,84085.0,54364.0,29722.0,41594.0,80915.33333333333,63366.166666666664,53327.416666666664,9,3,2025,244,0,осень
Московская область,2022,январь,673985.0,1,2022-01-01,False,,,,,673985.0,673985.0,673985.0,1,1,2022,1,1,зима
Московская область,2022,январь-февраль,1214316.0,2,2022-02-01,False,673985.0,,,,944150.5,944150.5,944150.5,2,1,2022,32,1,зима
Московская область,2022,январь-март,1774819.0,3,2022-03-01,False,1214316.0,,,,1221040.0,1221040.0,1221040.0,3,1,2022,60,1,весна
Московская область,2022,январь-апрель,2932828.0,4,2022-04-01,False,1774819.0,673985.0,,,1973987.6666666667,1648987.0,1648987.0,4,2,2022,91,0,весна
Московская область,2022,январь-май,4296763.0,5,2022-05-01,False,2932828.0,1214316.0,,,3001470.0,2178542.2,2178542.2,5,2,2022,121,1,весна
Московская область,2022,январь-июнь,5817116.0,6,2022-06-01,False,4296763.0,1774819.0,,,4348902.333333333,2784971.1666666665,2784971.1666666665,6,2,2022,152,0,лето
Московская область,2022,январь-июль,9008569.0,7,2022-07-01,False,5817116.0,2932828.0,673985.0,,6374149.333333333,4174068.5,3674056.5714285714,7,3,2022,182,0,лето
Московская область,2022,январь-август,11317131.0,8,2022-08-01,False,9008569.0,4296763.0,1214316.0,,8714272.0,5857871.0,4629440.875,8,3,2022,213,0,лето
Московская область,2022,январь-сентябрь,13422351.0,9,2022-09-01,False,11317131.0,5817116.0,1774819.0,,11249350.333333334,7799126.333333333,5606430.888888889,9,3,2022,244,0,осень
Московская область,2022,январь-октябрь*,14065460.0,10,2022-10-01,False,13422351.0,9008569.0,2932828.0,,12934980.666666666,9654565.0,6452333.8,10,4,2022,274,0,осень
Московская область,2022,январь-ноябрь*,14631457.0,11,2022-11-01,False,14065460.0,11317131.0,4296763.0,,14039756.0,11377014.0,7195890.454545454,11,4,2022,305,0,осень
Московская область,2022,январь-декабрь*,15211970.0,12,2022-12-01,False,14631457.0,13422351.0,5817116.0,,14636295.666666666,12942823.0,7863897.083333333,12,4,2022,335,1,зима
Московская область,2023,январь,953406.0,1,2023-01-01,False,15211970.0,14065460.0,9008569.0,673985.0,10265611.0,11600295.833333334,7887182.166666667,1,1,2023,1,1,зима
Московская область,2023,январь-февраль,1844950.0,2,2023-02-01,False,953406.0,14631457.0,11317131.0,1214316.0,6003442.0,10021599.0,7939735.0,2,1,2023,32,1,зима
Московская область,2023,январь-март,2765507.0,3,2023-03-01,False,1844950.0,15211970.0,13422351.0,1774819.0,1854621.0,8245458.333333333,8022292.333333333,3,1,2023,60,1,весна
Московская область,2023,январь-апрель,4771962.0,4,2023-04-01,False,2765507.0,953406.0,14065460.0,2932828.0,3127473.0,6696542.0,8175553.5,4,2,2023,91,0,весна
Московская область,2023,январь-май,6651056.0,5,2023-05-01,False,4771962.0,1844950.0,14631457.0,4296763.0,4729508.333333333,5366475.166666667,8371744.583333333,5,2,2023,121,1,весна
Московская область,2023,январь-июнь,8829073.0,6,2023-06-01,False,6651056.0,2765507.0,15211970.0,5817116.0,6750697.0,4302659.0,8622741.0,6,2,2023,152,0,лето
Московская область,2023,январь-июль,10650919.0,7,2023-07-01,False,8829073.0,4771962.0,953406.0,9008569.0,8710349.333333334,5918911.166666667,8759603.5,7,3,2023,182,0,лето
Московская область,2023,январь-август,12558041.0,8,2023-08-01,False,10650919.0,6651056.0,1844950.0,11317131.0,10679344.333333334,7704426.333333333,8863012.666666666,8,3,2023,213,0,лето
Московская область,2023,январь-сентябрь,14244986.0,9,2023-09-01,False,12558041.0,8829073.0,2765507.0,13422351.0,12484648.666666666,9617672.833333334,8931565.583333334,9,3,2023,244,0,осень
Московская область,2024,январь,961476.0,1,2024-01-01,False,14244986.0,10650919.0,4771962.0,14065460.0,9254834.333333334,8982591.833333334,7839566.916666667,1,1,2024,1,1,зима
Московская область,2024,январь-февраль,1968330.0,2,2024-02-01,False,961476.0,12558041.0,6651056.0,14631457.0,5724930.666666667,8202137.5,6784306.333333333,2,1,2024,32,1,зима
Московская область,2024,январь-март,2939417.0,3,2024-03-01,False,1968330.0,14244986.0,8829073.0,15211970.0,1956407.6666666667,7220528.166666667,5761593.583333333,3,1,2024,61,1,весна
Московская область,2024,январь-апрель,4629474.0,4,2024-04-01,False,2939417.0,961476.0,10650919.0,953406.0,3179073.6666666665,6216954.0,6067932.583333333,4,2,2024,92,0,весна
Московская область,2024,январь-май,6303788.0,5,2024-05-01,False,4629474.0,1968330.0,12558041.0,1844950.0,4624226.333333333,5174578.5,6439502.416666667,5,2,2024,122,1,весна
Московская область,2024,январь-июнь,8199527.0,6,2024-06-01,False,6303788.0,2939417.0,14244986.0,2765507.0,6377596.333333333,4167002.0,6892337.416666667,6,2,2024,153,0,лето
Московская область,2024,январь-июль,10231715.0,7,2024-07-01,False,8199527.0,4629474.0,961476.0,4771962.0,8245010.0,5712041.833333333,7347316.833333333,7,3,2024,183,0,лето
Московская область,2024,январь-август,12254772.0,8,2024-08-01,False,10231715.0,6303788.0,1968330.0,6651056.0,10228671.333333334,7426448.833333333,7814293.166666667,8,3,2024,214,0,лето
Московская область,2024,январь-сентябрь,13889575.0,9,2024-09-01,False,12254772.0,8199527.0,2939417.0,8829073.0,12125354.0,9251475.166666666,8236001.666666667,9,3,2024,245,0,осень
Московская область,2025,январь,1875363.0,1,2025-01-01,False,13889575.0,10231715.0,4629474.0,10650919.0,9339903.333333334,8792456.666666666,7504705.333333333,1,1,2025,1,1,зима
Московская область,2025,январь-февраль,3707241.0,2,2025-02-01,False,1875363.0,12254772.0,6303788.0,12558041.0,6490726.333333333,8359698.833333333,6767138.666666667,2,1,2025,32,1,зима
Московская область,2025,январь-март,5586844.0,3,2025-03-01,False,3707241.0,13889575.0,8199527.0,14244986.0,3723149.3333333335,7924251.666666667,6045626.833333333,3,1,2025,60,1,весна
Московская область,2025,январь-апрель,7303438.0,4,2025-04-01,False,5586844.0,1875363.0,10231715.0,961476.0,5532507.666666667,7436205.5,6574123.666666667,4,2,2025,91,0,весна
Московская область,2025,январь-май,9063214.0,5,2025-05-01,False,7303438.0,3707241.0,12254772.0,1968330.0,7317832.0,6904279.166666667,7165364.0,5,2,2025,121,1,весна
Московская область,2025,январь-июнь,10879995.0,6,2025-06-01,False,9063214.0,5586844.0,13889575.0,2939417.0,9082215.666666666,6402682.5,7827078.833333333,6,2,2025,152,0,лето
Московская область,2025,январь-июль,13415438.0,7,2025-07-01,False,10879995.0,7303438.0,1875363.0,4629474.0,11119549.0,8326028.333333333,8559242.5,7,3,2025,182,0,лето
Московская область,2025,январь-август,15764650.0,8,2025-08-01,False,13415438.0,9063214.0,3707241.0,6303788.0,13353361.0,10335596.5,9347647.666666666,8,3,2025,213,0,лето
Московская область,2025,январь-сентябрь,17736878.0,9,2025-09-01,False,15764650.0,10879995.0,5586844.0,8199527.0,15638988.666666666,12360602.166666666,10142426.916666666,9,3,2025,244,0,осень
Мурманская область,2022,январь,38711.0,1,2022-01-01,False,,,,,38711.0,38711.0,38711.0,1,1,2022,1,1,зима
Мурманская область,2022,январь-февраль,73682.0,2,2022-02-01,False,38711.0,,,,56196.5,56196.5,56196.5,2,1,2022,32,1,зима
Мурманская область,2022,январь-март,109449.0,3,2022-03-01,False,73682.0,,,,73947.33333333333,73947.33333333333,73947.33333333333,3,1,2022,60,1,весна
Мурманская область,2022,январь-апрель,151736.0,4,2022-04-01,False,109449.0,38711.0,,,111622.33333333333,93394.5,93394.5,4,2,2022,91,0,весна
Мурманская область,2022,январь-май,188072.0,5,2022-05-01,False,151736.0,73682.0,,,149752.33333333334,112330.0,112330.0,5,2,2022,121,1,весна
Мурманская область,2022,январь-июнь,226775.0,6,2022-06-01,False,188072.0,109449.0,,,188861.0,131404.16666666666,131404.16666666666,6,2,2022,152,0,лето
Мурманская область,2022,январь-июль,295300.0,7,2022-07-01,False,226775.0,151736.0,38711.0,,236715.66666666666,174169.0,154817.85714285713,7,3,2022,182,0,лето
Мурманская область,2022,январь-август,362162.0,8,2022-08-01,False,295300.0,188072.0,73682.0,,294745.6666666667,222249.0,180735.875,8,3,2022,213,0,лето
Мурманская область,2022,январь-сентябрь,415557.0,9,2022-09-01,False,362162.0,226775.0,109449.0,,357673.0,273267.0,206827.11111111112,9,3,2022,244,0,осень
Мурманская область,2022,январь-октябрь*,463892.0,10,2022-10-01,False,415557.0,295300.0,151736.0,,413870.3333333333,325293.0,232533.6,10,4,2022,274,0,осень
Мурманская область,2022,январь-ноябрь*,517192.0,11,2022-11-01,False,463892.0,362162.0,188072.0,,465547.0,380146.3333333333,258411.63636363635,11,4,2022,305,0,осень
Мурманская область,2022,январь-декабрь*,572946.0,12,2022-12-01,False,517192.0,415557.0,226775.0,,518010.0,437841.5,284622.8333333333,12,4,2022,335,1,зима
Мурманская область,2023,январь,58939.0,1,2023-01-01,False,572946.0,463892.0,295300.0,38711.0,383025.6666666667,398448.0,286308.5,1,1,2023,1,1,зима
Мурманская область,2023,январь-февраль,121783.0,2,2023-02-01,False,58939.0,517192.0,362162.0,73682.0,251222.66666666666,358384.8333333333,290316.9166666667,2,1,2023,32,1,зима
Мурманская область,2023,январь-март,184662.0,3,2023-03-01,False,121783.0,572946.0,415557.0,109449.0,121794.66666666667,319902.3333333333,296584.6666666667,3,1,2023,60,1,весна
Мурманская область,2023,январь-апрель,250716.0,4,2023-04-01,False,184662.0,58939.0,463892.0,151736.0,185720.33333333334,284373.0,304833.0,4,2,2023,91,0,весна
Мурманская область,2023,январь-май,308991.0,5,2023-05-01,False,250716.0,121783.0,517192.0,188072.0,248123.0,249672.83333333334,314909.5833333333,5,2,2023,121,1,весна
Мурманская область,2023,январь-июнь,369469.0,6,2023-06-01,False,308991.0,184662.0,572946.0,226775.0,309725.3333333333,215760.0,326800.75,6,2,2023,152,0,лето
Мурманская область,2023,январь-июль,421095.0,7,2023-07-01,False,369469.0,250716.0,58939.0,295300.0,366518.3333333333,276119.3333333333,337283.6666666667,7,3,2023,182,0,лето
Мурманская область,2023,январь-август,472315.0,8,2023-08-01,False,421095.0,308991.0,121783.0,362162.0,420959.6666666667,334541.3333333333,346463.0833333333,8,3,2023,213,0,лето
Мурманская область,2023,январь-сентябрь,511926.0,9,2023-09-01,False,472315.0,369469.0,184662.0,415557.0,468445.3333333333,389085.3333333333,354493.8333333333,9,3,2023,244,0,осень
Мурманская область,2024,январь,59299.0,1,2024-01-01,False,511926.0,421095.0,250716.0,463892.0,347846.6666666667,357182.5,320777.75,1,1,2024,1,1,зима
Мурманская область,2024,январь-февраль,124404.0,2,2024-02-01,False,59299.0,472315.0,308991.0,517192.0,231876.33333333334,326418.0,288045.4166666667,2,1,2024,32,1,зима
Мурманская область,2024,январь-март,185161.0,3,2024-03-01,False,124404.0,511926.0,369469.0,572946.0,122954.66666666667,295700.0,255730.0,3,1,2024,61,1,весна
Мурманская область,2024,январь-апрель,239059.0,4,2024-04-01,False,185161.0,59299.0,421095.0,58939.0,182874.66666666666,265360.6666666667,270740.0,4,2,2024,92,0,весна
Мурманская область,2024,январь-май,284728.0,5,2024-05-01,False,239059.0,124404.0,472315.0,121783.0,236316.0,234096.16666666666,284318.75,5,2,2024,122,1,весна
Мурманская область,2024,январь-июнь,338437.0,6,2024-06-01,False,284728.0,185161.0,511926.0,184662.0,287408.0,205181.33333333334,297133.3333333333,6,2,2024,153,0,лето
Мурманская область,2024,январь-июль,433191.0,7,2024-07-01,False,338437.0,239059.0,59299.0,250716.0,352118.6666666667,267496.6666666667,312339.5833333333,7,3,2024,183,0,лето
Мурманская область,2024,январь-август,524516.0,8,2024-08-01,False,433191.0,284728.0,124404.0,308991.0,432048.0,334182.0,330300.0,8,3,2024,214,0,лето
Мурманская область,2024,январь-сентябрь,598101.0,9,2024-09-01,False,524516.0,338437.0,185161.0,369469.0,518602.6666666667,403005.3333333333,349352.6666666667,9,3,2024,245,0,осень
Мурманская область,2025,январь,79537.0,1,2025-01-01,False,598101.0,433191.0,239059.0,421095.0,400718.0,376418.3333333333,320889.5,1,1,2025,1,1,зима
Мурманская область,2025,январь-февраль,154732.0,2,2025-02-01,False,79537.0,524516.0,284728.0,472315.0,277456.6666666667,354752.3333333333,294424.25,2,1,2025,32,1,зима
Мурманская область,2025,январь-март,225589.0,3,2025-03-01,False,154732.0,598101.0,338437.0,511926.0,153286.0,335944.3333333333,270562.8333333333,3,1,2025,60,1,весна
Мурманская область,2025,январь-апрель,276153.0,4,2025-04-01,False,225589.0,79537.0,433191.0,59299.0,218824.66666666666,309771.3333333333,288634.0,4,2,2025,91,0,весна
Мурманская область,2025,январь-май,324366.0,5,2025-05-01,False,276153.0,154732.0,524516.0,124404.0,275369.3333333333,276413.0,305297.5,5,2,2025,121,1,весна
Мурманская область,2025,январь-июнь,368644.0,6,2025-06-01,False,324366.0,225589.0,598101.0,185161.0,323054.3333333333,238170.16666666666,320587.75,6,2,2025,152,0,лето
Мурманская область,2025,январь-июль,430088.0,7,2025-07-01,False,368644.0,276153.0,79537.0,239059.0,374366.0,296595.3333333333,336506.8333333333,7,3,2025,182,0,лето
Мурманская область,2025,январь-август,490660.0,8,2025-08-01,False,430088.0,324366.0,154732.0,284728.0,429797.3333333333,352583.3333333333,353667.8333333333,8,3,2025,213,0,лето
Мурманская область,2025,январь-сентябрь,535837.0,9,2025-09-01,False,490660.0,368644.0,225589.0,338437.0,485528.3333333333,404291.3333333333,370117.8333333333,9,3,2025,244,0,осень
Ненецкий автономный округ,2022,январь,714.0,1,2022-01-01,False,,,,,714.0,714.0,714.0,1,1,2022,1,1,зима
Ненецкий автономный округ,2022,январь-февраль,1547.0,2,2022-02-01,False,714.0,,,,1130.5,1130.5,1130.5,2,1,2022,32,1,зима
Ненецкий автономный округ,2022,январь-март,4998.0,3,2022-03-01,False,1547.0,,,,2419.6666666666665,2419.6666666666665,2419.6666666666665,3,1,2022,60,1,весна
Ненецкий автономный округ,2022,январь-апрель,5484.0,4,2022-04-01,False,4998.0,714.0,,,4009.6666666666665,3185.75,3185.75,4,2,2022,91,0,весна
Ненецкий автономный округ,2022,январь-май,6457.0,5,2022-05-01,False,5484.0,1547.0,,,5646.333333333333,3840.0,3840.0,5,2,2022,121,1,весна
Ненецкий автономный округ,2022,январь-июнь,7673.0,6,2022-06-01,False,6457.0,4998.0,,,6538.0,4478.833333333333,4478.833333333333,6,2,2022,152,0,лето
Ненецкий автономный округ,2022,январь-июль,10082.0,7,2022-07-01,False,7673.0,5484.0,714.0,,8070.666666666667,6040.166666666667,5279.285714285715,7,3,2022,182,0,лето
Ненецкий автономный округ,2022,январь-август,12261.0,8,2022-08-01,False,10082.0,6457.0,1547.0,,10005.333333333334,7825.833333333333,6152.0,8,3,2022,213,0,лето
Ненецкий автономный округ,2022,январь-сентябрь,14899.0,9,2022-09-01,False,12261.0,7673.0,4998.0,,12414.0,9476.0,7123.888888888889,9,3,2022,244,0,осень
Ненецкий автономный округ,2022,январь-октябрь*,16166.0,10,2022-10-01,False,14899.0,10082.0,5484.0,,14442.0,11256.333333333334,8028.1,10,4,2022,274,0,осень
Ненецкий автономный округ,2022,январь-ноябрь*,16849.0,11,2022-11-01,False,16166.0,12261.0,6457.0,,15971.333333333334,12988.333333333334,8830.0,11,4,2022,305,0,осень
Ненецкий автономный округ,2022,январь-декабрь*,17628.0,12,2022-12-01,False,16849.0,14899.0,7673.0,,16881.0,14647.5,9563.166666666666,12,4,2022,335,1,зима
Ненецкий автономный округ,2023,январь,1113.0,1,2023-01-01,False,17628.0,16166.0,10082.0,714.0,11863.333333333334,13152.666666666666,9596.416666666666,1,1,2023,1,1,зима
Ненецкий автономный округ,2023,январь-февраль,3179.0,2,2023-02-01,False,1113.0,16849.0,12261.0,1547.0,7306.666666666667,11639.0,9732.416666666666,2,1,2023,32,1,зима
Ненецкий автономный округ,2023,январь-март,8106.0,3,2023-03-01,False,3179.0,17628.0,14899.0,4998.0,4132.666666666667,10506.833333333334,9991.416666666666,3,1,2023,60,1,весна
Ненецкий автономный округ,2023,январь-апрель,10498.0,4,2023-04-01,False,8106.0,1113.0,16166.0,5484.0,7261.0,9562.166666666666,10409.25,4,2,2023,91,0,весна
Ненецкий автономный округ,2023,январь-май,11844.0,5,2023-05-01,False,10498.0,3179.0,16849.0,6457.0,10149.333333333334,8728.0,10858.166666666666,5,2,2023,121,1,весна
Ненецкий автономный округ,2023,январь-июнь,15880.0,6,2023-06-01,False,11844.0,8106.0,17628.0,7673.0,12740.666666666666,8436.666666666666,11542.083333333334,6,2,2023,152,0,лето
Ненецкий автономный округ,2023,январь-июль,16022.0,7,2023-07-01,False,15880.0,10498.0,1113.0,10082.0,14582.0,10921.5,12037.083333333334,7,3,2023,182,0,лето
Ненецкий автономный округ,2023,январь-август,18703.0,8,2023-08-01,False,16022.0,11844.0,3179.0,12261.0,16868.333333333332,13508.833333333334,12573.916666666666,8,3,2023,213,0,лето
Ненецкий автономный округ,2023,январь-сентябрь,20397.0,9,2023-09-01,False,18703.0,15880.0,8106.0,14899.0,18374.0,15557.333333333334,13032.083333333334,9,3,2023,244,0,осень
Ненецкий автономный округ,2024,январь,4712.0,1,2024-01-01,False,20397.0,16022.0,10498.0,16166.0,14604.0,14593.0,12077.583333333334,1,1,2024,1,1,зима
Ненецкий автономный округ,2024,январь-февраль,6928.0,2,2024-02-01,False,4712.0,18703.0,11844.0,16849.0,10679.0,13773.666666666666,11250.833333333334,2,1,2024,32,1,зима
Ненецкий автономный округ,2024,январь-март,10808.0,3,2024-03-01,False,6928.0,20397.0,15880.0,17628.0,7482.666666666667,12928.333333333334,10682.5,3,1,2024,61,1,весна
Ненецкий автономный округ,2024,январь-апрель,11224.0,4,2024-04-01,False,10808.0,4712.0,16022.0,1113.0,9653.333333333334,12128.666666666666,11525.083333333334,4,2,2024,92,0,весна
Ненецкий автономный округ,2024,январь-май,12474.0,5,2024-05-01,False,11224.0,6928.0,18703.0,3179.0,11502.0,11090.5,12299.666666666666,5,2,2024,122,1,весна
Ненецкий автономный округ,2024,январь-июнь,18100.0,6,2024-06-01,False,12474.0,10808.0,20397.0,8106.0,13932.666666666666,10707.666666666666,13132.5,6,2,2024,153,0,лето
Ненецкий автономный округ,2024,январь-июль,20211.0,7,2024-07-01,False,18100.0,11224.0,4712.0,10498.0,16928.333333333332,13290.833333333334,13941.916666666666,7,3,2024,183,0,лето
Ненецкий автономный округ,2024,январь-август,21970.0,8,2024-08-01,False,20211.0,12474.0,6928.0,11844.0,20093.666666666668,15797.833333333334,14785.75,8,3,2024,214,0,лето
Ненецкий автономный округ,2024,январь-сентябрь,28307.0,9,2024-09-01,False,21970.0,18100.0,10808.0,15880.0,23496.0,18714.333333333332,15821.333333333334,9,3,2024,245,0,осень
Ненецкий автономный округ,2025,январь,2964.0,1,2025-01-01,False,28307.0,20211.0,11224.0,16022.0,17747.0,17337.666666666668,14733.166666666666,1,1,2025,1,1,зима
Ненецкий автономный округ,2025,январь-февраль,8887.0,2,2025-02-01,False,2964.0,21970.0,12474.0,18703.0,13386.0,16739.833333333332,13915.166666666666,2,1,2025,32,1,зима
Ненецкий автономный округ,2025,январь-март,14442.0,3,2025-03-01,False,8887.0,28307.0,18100.0,20397.0,8764.333333333334,16130.166666666666,13418.916666666666,3,1,2025,60,1,весна
Ненецкий автономный округ,2025,январь-апрель,15303.0,4,2025-04-01,False,14442.0,2964.0,20211.0,4712.0,12877.333333333334,15312.166666666666,14301.5,4,2,2025,91,0,весна
Ненецкий автономный округ,2025,январь-май,17886.0,5,2025-05-01,False,15303.0,8887.0,21970.0,6928.0,15877.0,14631.5,15214.666666666666,5,2,2025,121,1,весна
Ненецкий автономный округ,2025,январь-июнь,19896.0,6,2025-06-01,False,17886.0,14442.0,28307.0,10808.0,17695.0,13229.666666666666,15972.0,6,2,2025,152,0,лето
Ненецкий автономный округ,2025,январь-июль,22597.0,7,2025-07-01,False,19896.0,15303.0,2964.0,11224.0,20126.333333333332,16501.833333333332,16919.75,7,3,2025,182,0,лето
Ненецкий автономный округ,2025,январь-август,24143.0,8,2025-08-01,False,22597.0,17886.0,8887.0,12474.0,22212.0,19044.5,17892.166666666668,8,3,2025,213,0,лето
Ненецкий автономный округ,2025,январь-сентябрь,30708.0,9,2025-09-01,False,24143.0,19896.0,14442.0,18100.0,25816.0,21755.5,18942.833333333332,9,3,2025,244,0,осень
Нижегородская область,2022,январь,119046.0,1,2022-01-01,False,,,,,119046.0,119046.0,119046.0,1,1,2022,1,1,зима
Нижегородская область,2022,январь-февраль,202548.0,2,2022-02-01,False,119046.0,,,,160797.0,160797.0,160797.0,2,1,2022,32,1,зима
Нижегородская область,2022,январь-март,308917.0,3,2022-03-01,False,202548.0,,,,210170.33333333334,210170.33333333334,210170.33333333334,3,1,2022,60,1,весна
Нижегородская область,2022,январь-апрель,532479.0,4,2022-04-01,False,308917.0,119046.0,,,347981.3333333333,290747.5,290747.5,4,2,2022,91,0,весна
Нижегородская область,2022,январь-май,793920.0,5,2022-05-01,False,532479.0,202548.0,,,545105.3333333334,391382.0,391382.0,5,2,2022,121,1,весна
Нижегородская область,2022,январь-июнь,1054774.0,6,2022-06-01,False,793920.0,308917.0,,,793724.3333333334,501947.3333333333,501947.3333333333,6,2,2022,152,0,лето
Нижегородская область,2022,январь-июль,1250474.0,7,2022-07-01,False,1054774.0,532479.0,119046.0,,1033056.0,690518.6666666666,608879.7142857143,7,3,2022,182,0,лето
Нижегородская область,2022,январь-август,1433972.0,8,2022-08-01,False,1250474.0,793920.0,202548.0,,1246406.6666666667,895756.0,712016.25,8,3,2022,213,0,лето
Нижегородская область,2022,январь-сентябрь,1563869.0,9,2022-09-01,False,1433972.0,1054774.0,308917.0,,1416105.0,1104914.6666666667,806666.5555555555,9,3,2022,244,0,осень
Нижегородская область,2022,январь-октябрь*,1803922.0,10,2022-10-01,False,1563869.0,1250474.0,532479.0,,1600587.6666666667,1316821.8333333333,906392.1,10,4,2022,274,0,осень
Нижегородская область,2022,январь-ноябрь*,2027215.0,11,2022-11-01,False,1803922.0,1433972.0,793920.0,,1798335.3333333333,1522371.0,1008285.0909090909,11,4,2022,305,0,осень
Нижегородская область,2022,январь-декабрь*,2214371.0,12,2022-12-01,False,2027215.0,1563869.0,1054774.0,,2015169.3333333333,1715637.1666666667,1108792.25,12,4,2022,335,1,зима
Нижегородская область,2023,январь,170878.0,1,2023-01-01,False,2214371.0,1803922.0,1250474.0,119046.0,1470821.3333333333,1535704.5,1113111.5833333333,1,1,2023,1,1,зима
Нижегородская область,2023,январь-февраль,332029.0,2,2023-02-01,False,170878.0,2027215.0,1433972.0,202548.0,905759.3333333334,1352047.3333333333,1123901.6666666667,2,1,2023,32,1,зима
Нижегородская область,2023,январь-март,502130.0,3,2023-03-01,False,332029.0,2214371.0,1563869.0,308917.0,335012.3333333333,1175090.8333333333,1140002.75,3,1,2023,60,1,весна
Нижегородская область,2023,январь-апрель,674215.0,4,2023-04-01,False,502130.0,170878.0,1803922.0,532479.0,502791.3333333333,986806.3333333334,1151814.0833333333,4,2,2023,91,0,весна
Нижегородская область,2023,январь-май,856936.0,5,2023-05-01,False,674215.0,332029.0,2027215.0,793920.0,677760.3333333334,791759.8333333334,1157065.4166666667,5,2,2023,121,1,весна
Нижегородская область,2023,январь-июнь,1068240.0,6,2023-06-01,False,856936.0,502130.0,2214371.0,1054774.0,866463.6666666666,600738.0,1158187.5833333333,6,2,2023,152,0,лето
Нижегородская область,2023,январь-июль,1364581.0,7,2023-07-01,False,1068240.0,674215.0,170878.0,1250474.0,1096585.6666666667,799688.5,1167696.5,7,3,2023,182,0,лето
Нижегородская область,2023,январь-август,1650908.0,8,2023-08-01,False,1364581.0,856936.0,332029.0,1433972.0,1361243.0,1019501.6666666666,1185774.5,8,3,2023,213,0,лето
Нижегородская область,2023,январь-сентябрь,1827301.0,9,2023-09-01,False,1650908.0,1068240.0,502130.0,1563869.0,1614263.3333333333,1240363.5,1207727.1666666667,9,3,2023,244,0,осень
Нижегородская область,2024,январь,175805.0,1,2024-01-01,False,1827301.0,1364581.0,674215.0,1803922.0,1218004.6666666667,1157295.1666666667,1072050.75,1,1,2024,1,1,зима
Нижегородская область,2024,январь-февраль,341358.0,2,2024-02-01,False,175805.0,1650908.0,856936.0,2027215.0,781488.0,1071365.5,931562.6666666666,2,1,2024,32,1,зима
Нижегородская область,2024,январь-март,540631.0,3,2024-03-01,False,341358.0,1827301.0,1068240.0,2214371.0,352598.0,983430.6666666666,792084.3333333334,3,1,2024,61,1,весна
Нижегородская область,2024,январь-апрель,775651.0,4,2024-04-01,False,540631.0,175805.0,1364581.0,170878.0,552546.6666666666,885275.6666666666,842482.0833333334,4,2,2024,92,0,весна
Нижегородская область,2024,январь-май,1061021.0,5,2024-05-01,False,775651.0,341358.0,1650908.0,332029.0,792434.3333333334,786961.1666666666,903231.4166666666,5,2,2024,122,1,весна
Нижегородская область,2024,январь-июнь,1429381.0,6,2024-06-01,False,1061021.0,540631.0,1827301.0,502130.0,1088684.3333333333,720641.1666666666,980502.3333333334,6,2,2024,153,0,лето
Нижегородская область,2024,январь-июль,1696699.0,7,2024-07-01,False,1429381.0,775651.0,175805.0,674215.0,1395700.3333333333,974123.5,1065709.3333333333,7,3,2024,183,0,лето
Нижегородская область,2024,январь-август,1958259.0,8,2024-08-01,False,1696699.0,1061021.0,341358.0,856936.0,1694779.6666666667,1243607.0,1157486.25,8,3,2024,214,0,лето
Нижегородская область,2024,январь-сентябрь,2123084.0,9,2024-09-01,False,1958259.0,1429381.0,540631.0,1068240.0,1926014.0,1507349.1666666667,1245389.9166666667,9,3,2024,245,0,осень
Нижегородская область,2025,январь,215003.0,1,2025-01-01,False,2123084.0,1696699.0,775651.0,1364581.0,1432115.3333333333,1413907.8333333333,1149591.75,1,1,2025,1,1,зима
Нижегородская область,2025,январь-февраль,401676.0,2,2025-02-01,False,215003.0,1958259.0,1061021.0,1650908.0,913254.3333333334,1304017.0,1045489.0833333334,2,1,2025,32,1,зима
Нижегородская область,2025,январь-март,614290.0,3,2025-03-01,False,401676.0,2123084.0,1429381.0,1827301.0,410323.0,1168168.5,944404.8333333334,3,1,2025,60,1,весна
Нижегородская область,2025,январь-апрель,781036.0,4,2025-04-01,False,614290.0,215003.0,1696699.0,175805.0,599000.6666666666,1015558.0,994840.75,4,2,2025,91,0,весна
Нижегородская область,2025,январь-май,982873.0,5,2025-05-01,False,781036.0,401676.0,1958259.0,341358.0,792733.0,852993.6666666666,1048300.3333333334,5,2,2025,121,1,весна
Нижегородская область,2025,январь-июнь,1245610.0,6,2025-06-01,False,982873.0,614290.0,2123084.0,540631.0,1003173.0,706748.0,1107048.5833333333,6,2,2025,152,0,лето
Нижегородская область,2025,январь-июль,1818651.0,7,2025-07-01,False,1245610.0,781036.0,215003.0,775651.0,1349044.6666666667,974022.6666666666,1193965.25,7,3,2025,182,0,лето
Нижегородская область,2025,январь-август,2378789.0,8,2025-08-01,False,1818651.0,982873.0,401676.0,1061021.0,1814350.0,1303541.5,1303779.25,8,3,2025,213,0,лето
Нижегородская область,2025,январь-сентябрь,2757564.0,9,2025-09-01,False,2378789.0,1245610.0,614290.0,1429381.0,2318334.6666666665,1660753.8333333333,1414461.1666666667,9,3,2025,244,0,осень
Новгородская область,2022,январь,28119.0,1,2022-01-01,False,,,,,28119.0,28119.0,28119.0,1,1,2022,1,1,зима
Новгородская область,2022,январь-февраль,48262.0,2,2022-02-01,False,28119.0,,,,38190.5,38190.5,38190.5,2,1,2022,32,1,зима
Новгородская область,2022,январь-март,80567.0,3,2022-03-01,False,48262.0,,,,52316.0,52316.0,52316.0,3,1,2022,60,1,весна
Новгородская область,2022,январь-апрель,180332.0,4,2022-04-01,False,80567.0,28119.0,,,103053.66666666667,84320.0,84320.0,4,2,2022,91,0,весна
Новгородская область,2022,январь-май,309260.0,5,2022-05-01,False,180332.0,48262.0,,,190053.0,129308.0,129308.0,5,2,2022,121,1,весна
Новгородская область,2022,январь-июнь,434377.0,6,2022-06-01,False,309260.0,80567.0,,,307989.6666666667,180152.83333333334,180152.83333333334,6,2,2022,152,0,лето
Новгородская область,2022,январь-июль,597088.0,7,2022-07-01,False,434377.0,180332.0,28119.0,,446908.3333333333,274981.0,239715.0,7,3,2022,182,0,лето
Новгородская область,2022,январь-август,763348.0,8,2022-08-01,False,597088.0,309260.0,48262.0,,598271.0,394162.0,305169.125,8,3,2022,213,0,лето
Новгородская область,2022,январь-сентябрь,878205.0,9,2022-09-01,False,763348.0,434377.0,80567.0,,746213.6666666666,527101.6666666666,368839.77777777775,9,3,2022,244,0,осень
Новгородская область,2022,январь-октябрь*,969835.0,10,2022-10-01,False,878205.0,597088.0,180332.0,,870462.6666666666,658685.5,428939.3,10,4,2022,274,0,осень
Новгородская область,2022,январь-ноябрь*,1050736.0,11,2022-11-01,False,969835.0,763348.0,309260.0,,966258.6666666666,782264.8333333334,485466.2727272727,11,4,2022,305,0,осень
Новгородская область,2022,январь-декабрь*,1108949.0,12,2022-12-01,False,1050736.0,878205.0,434377.0,,1043173.3333333334,894693.5,537423.1666666666,12,4,2022,335,1,зима
Новгородская область,2023,январь,56755.0,1,2023-01-01,False,1108949.0,969835.0,597088.0,28119.0,738813.3333333334,804638.0,539809.5,1,1,2023,1,1,зима
Новгородская область,2023,январь-февраль,111107.0,2,2023-02-01,False,56755.0,1050736.0,763348.0,48262.0,425603.6666666667,695931.1666666666,545046.5833333334,2,1,2023,32,1,зима
Новгородская область,2023,январь-март,166125.0,3,2023-03-01,False,111107.0,1108949.0,878205.0,80567.0,111329.0,577251.1666666666,552176.4166666666,3,1,2023,60,1,весна
Новгородская область,2023,январь-апрель,345704.0,4,2023-04-01,False,166125.0,56755.0,969835.0,180332.0,207645.33333333334,473229.3333333333,565957.4166666666,4,2,2023,91,0,весна
Новгородская область,2023,январь-май,568651.0,5,2023-05-01,False,345704.0,111107.0,1050736.0,309260.0,360160.0,392881.8333333333,587573.3333333334,5,2,2023,121,1,весна
Новгородская область,2023,январь-июнь,818520.0,6,2023-06-01,False,568651.0,166125.0,1108949.0,434377.0,577625.0,344477.0,619585.25,6,2,2023,152,0,лето
Новгородская область,2023,январь-июль,973250.0,7,2023-07-01,False,818520.0,345704.0,56755.0,597088.0,786807.0,497226.1666666667,650932.0833333334,7,3,2023,182,0,лето
Новгородская область,2023,январь-август,1144032.0,8,2023-08-01,False,973250.0,568651.0,111107.0,763348.0,978600.6666666666,669380.3333333334,682655.75,8,3,2023,213,0,лето
Новгородская область,2023,январь-сентябрь,1259018.0,9,2023-09-01,False,1144032.0,818520.0,166125.0,878205.0,1125433.3333333333,851529.1666666666,714390.1666666666,9,3,2023,244,0,осень
Новгородская область,2024,январь,47645.0,1,2024-01-01,False,1259018.0,973250.0,345704.0,969835.0,816898.3333333334,801852.6666666666,637541.0,1,1,2024,1,1,зима
Новгородская область,2024,январь-февраль,90615.0,2,2024-02-01,False,47645.0,1144032.0,568651.0,1050736.0,465759.3333333333,722180.0,557530.9166666666,2,1,2024,32,1,зима
Новгородская область,2024,январь-март,146376.0,3,2024-03-01,False,90615.0,1259018.0,818520.0,1108949.0,94878.66666666667,610156.0,477316.5,3,1,2024,61,1,весна
Новгородская область,2024,январь-апрель,385343.0,4,2024-04-01,False,146376.0,47645.0,973250.0,56755.0,207444.66666666666,512171.5,504698.8333333333,4,2,2024,92,0,весна
Новгородская область,2024,январь-май,675212.0,5,2024-05-01,False,385343.0,90615.0,1144032.0,111107.0,402310.3333333333,434034.8333333333,551707.5833333334,5,2,2024,122,1,весна
Новгородская область,2024,январь-июнь,1013405.0,6,2024-06-01,False,675212.0,146376.0,1259018.0,166125.0,691320.0,393099.3333333333,622314.25,6,2,2024,153,0,лето
Новгородская область,2024,январь-июль,1379305.0,7,2024-07-01,False,1013405.0,385343.0,47645.0,345704.0,1022640.6666666666,615042.6666666666,708447.6666666666,7,3,2024,183,0,лето
Новгородская область,2024,январь-август,1735673.0,8,2024-08-01,False,1379305.0,675212.0,90615.0,568651.0,1376127.6666666667,889219.0,805699.5,8,3,2024,214,0,лето
Новгородская область,2024,январь-сентябрь,2034974.0,9,2024-09-01,False,1735673.0,1013405.0,146376.0,818520.0,1716650.6666666667,1203985.3333333333,907070.6666666666,9,3,2024,245,0,осень
Новгородская область,2025,январь,81627.0,1,2025-01-01,False,2034974.0,1379305.0,385343.0,973250.0,1284091.3333333333,1153366.0,832768.75,1,1,2025,1,1,зима
Новгородская область,2025,январь-февраль,147836.0,2,2025-02-01,False,81627.0,1735673.0,675212.0,1144032.0,754812.3333333334,1065470.0,749752.4166666666,2,1,2025,32,1,зима
Новгородская область,2025,январь-март,238415.0,3,2025-03-01,False,147836.0,2034974.0,1013405.0,1259018.0,155959.33333333334,936305.0,664702.1666666666,3,1,2025,60,1,весна
Новгородская область,2025,январь-апрель,378875.0,4,2025-04-01,False,238415.0,81627.0,1379305.0,47645.0,255042.0,769566.6666666666,692304.6666666666,4,2,2025,91,0,весна
Новгородская область,2025,январь-май,564309.0,5,2025-05-01,False,378875.0,147836.0,1735673.0,90615.0,393866.3333333333,574339.3333333334,731779.1666666666,5,2,2025,121,1,весна
Новгородская область,2025,январь-июнь,764138.0,6,2025-06-01,False,564309.0,238415.0,2034974.0,146376.0,569107.3333333334,362533.3333333333,783259.3333333334,6,2,2025,152,0,лето
Новгородская область,2025,январь-июль,901934.0,7,2025-07-01,False,764138.0,378875.0,81627.0,385343.0,743460.3333333334,499251.1666666667,826308.5833333334,7,3,2025,182,0,лето
Новгородская область,2025,январь-август,1023485.0,8,2025-08-01,False,901934.0,564309.0,147836.0,675212.0,896519.0,645192.6666666666,855331.3333333334,8,3,2025,213,0,лето
Новгородская область,2025,январь-сентябрь,1111011.0,9,2025-09-01,False,1023485.0,764138.0,238415.0,1013405.0,1012143.3333333334,790625.3333333334,863465.1666666666,9,3,2025,244,0,осень
Новосибирская область,2022,январь,91413.0,1,2022-01-01,False,,,,,91413.0,91413.0,91413.0,1,1,2022,1,1,зима
Новосибирская область,2022,январь-февраль,197030.0,2,2022-02-01,False,91413.0,,,,144221.5,144221.5,144221.5,2,1,2022,32,1,зима
Новосибирская область,2022,январь-март,310865.0,3,2022-03-01,False,197030.0,,,,199769.33333333334,199769.33333333334,199769.33333333334,3,1,2022,60,1,весна
Новосибирская область,2022,январь-апрель,512535.0,4,2022-04-01,False,310865.0,91413.0,,,340143.3333333333,277960.75,277960.75,4,2,2022,91,0,весна
Новосибирская область,2022,январь-май,732464.0,5,2022-05-01,False,512535.0,197030.0,,,518621.3333333333,368861.4,368861.4,5,2,2022,121,1,весна
Новосибирская область,2022,январь-июнь,966490.0,6,2022-06-01,False,732464.0,310865.0,,,737163.0,468466.1666666667,468466.1666666667,6,2,2022,152,0,лето
Новосибирская область,2022,январь-июль,1157225.0,7,2022-07-01,False,966490.0,512535.0,91413.0,,952059.6666666666,646101.5,566860.2857142857,7,3,2022,182,0,лето
Новосибирская область,2022,январь-август,1333139.0,8,2022-08-01,False,1157225.0,732464.0,197030.0,,1152284.6666666667,835453.0,662645.125,8,3,2022,213,0,лето
Новосибирская область,2022,январь-сентябрь,1446450.0,9,2022-09-01,False,1333139.0,966490.0,310865.0,,1312271.3333333333,1024717.1666666666,749734.5555555555,9,3,2022,244,0,осень
Новосибирская область,2022,январь-октябрь*,1582930.0,10,2022-10-01,False,1446450.0,1157225.0,512535.0,,1454173.0,1203116.3333333333,833054.1,10,4,2022,274,0,осень
Новосибирская область,2022,январь-ноябрь*,1714107.0,11,2022-11-01,False,1582930.0,1333139.0,732464.0,,1581162.3333333333,1366723.5,913149.8181818182,11,4,2022,305,0,осень
Новосибирская область,2022,январь-декабрь*,1875638.0,12,2022-12-01,False,1714107.0,1446450.0,966490.0,,1724225.0,1518248.1666666667,993357.1666666666,12,4,2022,335,1,зима
Новосибирская область,2023,январь,110845.0,1,2023-01-01,False,1875638.0,1582930.0,1157225.0,91413.0,1233530.0,1343851.5,994976.5,1,1,2023,1,1,зима
Новосибирская область,2023,январь-февраль,204070.0,2,2023-02-01,False,110845.0,1714107.0,1333139.0,197030.0,730184.3333333334,1155673.3333333333,995563.1666666666,2,1,2023,32,1,зима
Новосибирская область,2023,январь-март,326741.0,3,2023-03-01,False,204070.0,1875638.0,1446450.0,310865.0,213885.33333333334,969055.1666666666,996886.1666666666,3,1,2023,60,1,весна
Новосибирская область,2023,январь-апрель,497396.0,4,2023-04-01,False,326741.0,110845.0,1582930.0,512535.0,342735.6666666667,788132.8333333334,995624.5833333334,4,2,2023,91,0,весна
Новосибирская область,2023,январь-май,692201.0,5,2023-05-01,False,497396.0,204070.0,1714107.0,732464.0,505446.0,617815.1666666666,992269.3333333334,5,2,2023,121,1,весна
Новосибирская область,2023,январь-июнь,942522.0,6,2023-06-01,False,692201.0,326741.0,1875638.0,966490.0,710706.3333333334,462295.8333333333,990272.0,6,2,2023,152,0,лето
Новосибирская область,2023,январь-июль,1375285.0,7,2023-07-01,False,942522.0,497396.0,110845.0,1157225.0,1003336.0,673035.8333333334,1008443.6666666666,7,3,2023,182,0,лето
Новосибирская область,2023,январь-август,1785986.0,8,2023-08-01,False,1375285.0,692201.0,204070.0,1333139.0,1367931.0,936688.5,1046180.9166666666,8,3,2023,213,0,лето
Новосибирская область,2023,январь-сентябрь,2005461.0,9,2023-09-01,False,1785986.0,942522.0,326741.0,1446450.0,1722244.0,1216475.1666666667,1092765.1666666667,9,3,2023,244,0,осень
Новосибирская область,2024,январь,118886.0,1,2024-01-01,False,2005461.0,1375285.0,497396.0,1582930.0,1303444.3333333333,1153390.1666666667,970761.5,1,1,2024,1,1,зима
Новосибирская область,2024,январь-февраль,241080.0,2,2024-02-01,False,118886.0,1785986.0,692201.0,1714107.0,788475.6666666666,1078203.3333333333,848009.25,2,1,2024,32,1,зима
Новосибирская область,2024,январь-март,380230.0,3,2024-03-01,False,241080.0,2005461.0,942522.0,1875638.0,246732.0,984488.0,723391.9166666666,3,1,2024,61,1,весна
Новосибирская область,2024,январь-апрель,550860.0,4,2024-04-01,False,380230.0,118886.0,1375285.0,110845.0,390723.3333333333,847083.8333333334,760059.8333333334,4,2,2024,92,0,весна
Новосибирская область,2024,январь-май,728174.0,5,2024-05-01,False,550860.0,241080.0,1785986.0,204070.0,553088.0,670781.8333333334,803735.1666666666,5,2,2024,122,1,весна
Новосибирская область,2024,январь-июнь,988135.0,6,2024-06-01,False,728174.0,380230.0,2005461.0,326741.0,755723.0,501227.5,858851.3333333334,6,2,2024,153,0,лето
Новосибирская область,2024,январь-июль,1683774.0,7,2024-07-01,False,988135.0,550860.0,118886.0,497396.0,1133361.0,762042.1666666666,957716.1666666666,7,3,2024,183,0,лето
Новосибирская область,2024,январь-август,2400193.0,8,2024-08-01,False,1683774.0,728174.0,241080.0,692201.0,1690700.6666666667,1121894.3333333333,1100048.8333333333,8,3,2024,214,0,лето
Новосибирская область,2024,январь-сентябрь,2804702.0,9,2024-09-01,False,2400193.0,988135.0,380230.0,942522.0,2296223.0,1525973.0,1255230.5,9,3,2024,245,0,осень
Новосибирская область,2025,январь,160405.0,1,2025-01-01,False,2804702.0,1683774.0,550860.0,1375285.0,1788433.3333333333,1460897.1666666667,1153990.5,1,1,2025,1,1,зима
Новосибирская область,2025,январь-февраль,329584.0,2,2025-02-01,False,160405.0,2400193.0,728174.0,1785986.0,1098230.3333333333,1394465.5,1032623.6666666666,2,1,2025,32,1,зима
Новосибирская область,2025,январь-март,534817.0,3,2025-03-01,False,329584.0,2804702.0,988135.0,2005461.0,341602.0,1318912.5,910070.0,3,1,2025,60,1,весна
Новосибирская область,2025,январь-апрель,825642.0,4,2025-04-01,False,534817.0,160405.0,1683774.0,118886.0,563347.6666666666,1175890.5,968966.3333333334,4,2,2025,91,0,весна
Новосибирская область,2025,январь-май,1156042.0,5,2025-05-01,False,825642.0,329584.0,2400193.0,241080.0,838833.6666666666,968532.0,1045213.1666666666,5,2,2025,121,1,весна
Новосибирская область,2025,январь-июнь,1554312.0,6,2025-06-01,False,1156042.0,534817.0,2804702.0,380230.0,1178665.3333333333,760133.6666666666,1143053.3333333333,6,2,2025,152,0,лето
Новосибирская область,2025,январь-июль,1945961.0,7,2025-07-01,False,1554312.0,825642.0,160405.0,550860.0,1552105.0,1057726.3333333333,1259311.75,7,3,2025,182,0,лето
Новосибирская область,2025,январь-август,2317056.0,8,2025-08-01,False,1945961.0,1156042.0,329584.0,728174.0,1939109.6666666667,1388971.6666666667,1391718.5833333333,8,3,2025,213,0,лето
Новосибирская область,2025,январь-сентябрь,2590869.0,9,2025-09-01,False,2317056.0,1554312.0,534817.0,988135.0,2284628.6666666665,1731647.0,1525279.75,9,3,2025,244,0,осень
Омская область,2022,январь,46110.0,1,2022-01-01,False,,,,,46110.0,46110.0,46110.0,1,1,2022,1,1,зима
Омская область,2022,январь-февраль,81530.0,2,2022-02-01,False,46110.0,,,,63820.0,63820.0,63820.0,2,1,2022,32,1,зима
Омская область,2022,январь-март,126183.0,3,2022-03-01,False,81530.0,,,,84607.66666666667,84607.66666666667,84607.66666666667,3,1,2022,60,1,весна
Омская область,2022,январь-апрель,176158.0,4,2022-04-01,False,126183.0,46110.0,,,127957.0,107495.25,107495.25,4,2,2022,91,0,весна
Омская область,2022,январь-май,243859.0,5,2022-05-01,False,176158.0,81530.0,,,182066.66666666666,134768.0,134768.0,5,2,2022,121,1,весна
Омская область,2022,январь-июнь,295100.0,6,2022-06-01,False,243859.0,126183.0,,,238372.33333333334,161490.0,161490.0,6,2,2022,152,0,лето
Омская область,2022,январь-июль,387386.0,7,2022-07-01,False,295100.0,176158.0,46110.0,,308781.6666666667,218369.33333333334,193760.85714285713,7,3,2022,182,0,лето
Омская область,2022,январь-август,484549.0,8,2022-08-01,False,387386.0,243859.0,81530.0,,389011.6666666667,285539.1666666667,230109.375,8,3,2022,213,0,лето
Омская область,2022,январь-сентябрь,531414.0,9,2022-09-01,False,484549.0,295100.0,126183.0,,467783.0,353077.6666666667,263587.6666666667,9,3,2022,244,0,осень
Омская область,2022,январь-октябрь*,602260.0,10,2022-10-01,False,531414.0,387386.0,176158.0,,539407.6666666666,424094.6666666667,297454.9,10,4,2022,274,0,осень
Омская область,2022,январь-ноябрь*,661339.0,11,2022-11-01,False,602260.0,484549.0,243859.0,,598337.6666666666,493674.6666666667,330535.2727272727,11,4,2022,305,0,осень
Омская область,2022,январь-декабрь*,705581.0,12,2022-12-01,False,661339.0,531414.0,295100.0,,656393.3333333334,562088.1666666666,361789.0833333333,12,4,2022,335,1,зима
Омская область,2023,январь,56359.0,1,2023-01-01,False,705581.0,602260.0,387386.0,46110.0,474426.3333333333,506917.0,362643.1666666667,1,1,2023,1,1,зима
Омская область,2023,январь-февраль,113647.0,2,2023-02-01,False,56359.0,661339.0,484549.0,81530.0,291862.3333333333,445100.0,365319.5833333333,2,1,2023,32,1,зима
Омская область,2023,январь-март,177765.0,3,2023-03-01,False,113647.0,705581.0,531414.0,126183.0,115923.66666666667,386158.5,369618.0833333333,3,1,2023,60,1,весна
Омская область,2023,январь-апрель,263410.0,4,2023-04-01,False,177765.0,56359.0,602260.0,176158.0,184940.66666666666,329683.5,376889.0833333333,4,2,2023,91,0,весна
Омская область,2023,январь-май,361282.0,5,2023-05-01,False,263410.0,113647.0,661339.0,243859.0,267485.6666666667,279674.0,386674.3333333333,5,2,2023,121,1,весна
Омская область,2023,январь-июнь,476078.0,6,2023-06-01,False,361282.0,177765.0,705581.0,295100.0,366923.3333333333,241423.5,401755.8333333333,6,2,2023,152,0,лето
Омская область,2023,январь-июль,582821.0,7,2023-07-01,False,476078.0,263410.0,56359.0,387386.0,473393.6666666667,329167.1666666667,418042.0833333333,7,3,2023,182,0,лето
Омская область,2023,январь-август,681807.0,8,2023-08-01,False,582821.0,361282.0,113647.0,484549.0,580235.3333333334,423860.5,434480.25,8,3,2023,213,0,лето
Омская область,2023,январь-сентябрь,748106.0,9,2023-09-01,False,681807.0,476078.0,177765.0,531414.0,670911.3333333334,518917.3333333333,452537.9166666667,9,3,2023,244,0,осень
Омская область,2024,январь,112631.0,1,2024-01-01,False,748106.0,582821.0,263410.0,602260.0,514181.3333333333,493787.5,411735.5,1,1,2024,1,1,зима
Омская область,2024,январь-февраль,216273.0,2,2024-02-01,False,112631.0,681807.0,361282.0,661339.0,359003.3333333333,469619.3333333333,374646.6666666667,2,1,2024,32,1,зима
Омская область,2024,январь-март,331146.0,3,2024-03-01,False,216273.0,748106.0,476078.0,705581.0,220016.66666666666,445464.0,343443.75,3,1,2024,61,1,весна
Омская область,2024,январь-апрель,406875.0,4,2024-04-01,False,331146.0,112631.0,582821.0,56359.0,318098.0,416139.6666666667,372653.4166666667,4,2,2024,92,0,весна
Омская область,2024,январь-май,493582.0,5,2024-05-01,False,406875.0,216273.0,681807.0,113647.0,410534.3333333333,384768.8333333333,404314.6666666667,5,2,2024,122,1,весна
Омская область,2024,январь-июнь,592922.0,6,2024-06-01,False,493582.0,331146.0,748106.0,177765.0,497793.0,358904.8333333333,438911.0833333333,6,2,2024,153,0,лето
Омская область,2024,январь-июль,723958.0,7,2024-07-01,False,592922.0,406875.0,112631.0,263410.0,603487.3333333334,460792.6666666667,477290.0833333333,7,3,2024,183,0,лето
Омская область,2024,январь-август,847959.0,8,2024-08-01,False,723958.0,493582.0,216273.0,361282.0,721613.0,566073.6666666666,517846.5,8,3,2024,214,0,лето
Омская область,2024,январь-сентябрь,920993.0,9,2024-09-01,False,847959.0,592922.0,331146.0,476078.0,830970.0,664381.5,554922.75,9,3,2024,245,0,осень
Омская область,2025,январь,95478.0,1,2025-01-01,False,920993.0,723958.0,406875.0,582821.0,621476.6666666666,612482.0,514310.8333333333,1,1,2025,1,1,зима
Омская область,2025,январь-февраль,187190.0,2,2025-02-01,False,95478.0,847959.0,493582.0,681807.0,401220.3333333333,561416.6666666666,473092.75,2,1,2025,32,1,зима
Омская область,2025,январь-март,266704.0,3,2025-03-01,False,187190.0,920993.0,592922.0,748106.0,183124.0,507047.0,432975.9166666667,3,1,2025,60,1,весна
Омская область,2025,январь-апрель,353517.0,4,2025-04-01,False,266704.0,95478.0,723958.0,112631.0,269137.0,445306.8333333333,453049.75,4,2,2025,91,0,весна
Омская область,2025,январь-май,448177.0,5,2025-05-01,False,353517.0,187190.0,847959.0,216273.0,356132.6666666667,378676.5,472375.0833333333,5,2,2025,121,1,весна
Омская область,2025,январь-июнь,582287.0,6,2025-06-01,False,448177.0,266704.0,920993.0,331146.0,461327.0,322225.5,493303.5,6,2,2025,152,0,лето
Омская область,2025,январь-июль,713042.0,7,2025-07-01,False,582287.0,353517.0,95478.0,406875.0,581168.6666666666,425152.8333333333,518817.4166666667,7,3,2025,182,0,лето
Омская область,2025,январь-август,832021.0,8,2025-08-01,False,713042.0,448177.0,187190.0,493582.0,709116.6666666666,532624.6666666666,547020.6666666666,8,3,2025,213,0,лето
Омская область,2025,январь-сентябрь,905095.0,9,2025-09-01,False,832021.0,582287.0,266704.0,592922.0,816719.3333333334,639023.1666666666,573035.0833333334,9,3,2025,244,0,осень
Оренбургская область,2022,январь,38720.0,1,2022-01-01,False,,,,,38720.0,38720.0,38720.0,1,1,2022,1,1,зима
Оренбургская область,2022,январь-февраль,65228.0,2,2022-02-01,False,38720.0,,,,51974.0,51974.0,51974.0,2,1,2022,32,1,зима
Оренбургская область,2022,январь-март,96598.0,3,2022-03-01,False,65228.0,,,,66848.66666666667,66848.66666666667,66848.66666666667,3,1,2022,60,1,весна
Оренбургская область,2022,январь-апрель,152053.0,4,2022-04-01,False,96598.0,38720.0,,,104626.33333333333,88149.75,88149.75,4,2,2022,91,0,весна
Оренбургская область,2022,январь-май,200118.0,5,2022-05-01,False,152053.0,65228.0,,,149589.66666666666,110543.4,110543.4,5,2,2022,121,1,весна
Оренбургская область,2022,январь-июнь,292637.0,6,2022-06-01,False,200118.0,96598.0,,,214936.0,140892.33333333334,140892.33333333334,6,2,2022,152,0,лето
Оренбургская область,2022,январь-июль,437152.0,7,2022-07-01,False,292637.0,152053.0,38720.0,,309969.0,207297.66666666666,183215.14285714287,7,3,2022,182,0,лето
Оренбургская область,2022,январь-август,539491.0,8,2022-08-01,False,437152.0,200118.0,65228.0,,423093.3333333333,286341.5,227749.625,8,3,2022,213,0,лето
Оренбургская область,2022,январь-сентябрь,594059.0,9,2022-09-01,False,539491.0,292637.0,96598.0,,523567.3333333333,369251.6666666667,268450.6666666667,9,3,2022,244,0,осень
Оренбургская область,2022,январь-октябрь*,635996.0,10,2022-10-01,False,594059.0,437152.0,152053.0,,589848.6666666666,449908.8333333333,305205.2,10,4,2022,274,0,осень
Оренбургская область,2022,январь-ноябрь*,662577.0,11,2022-11-01,False,635996.0,539491.0,200118.0,,630877.3333333334,526985.3333333334,337693.54545454547,11,4,2022,305,0,осень
Оренбургская область,2022,январь-декабрь*,695399.0,12,2022-12-01,False,662577.0,594059.0,292637.0,,664657.3333333334,594112.3333333334,367502.3333333333,12,4,2022,335,1,зима
Оренбургская область,2023,январь,30274.0,1,2023-01-01,False,695399.0,635996.0,437152.0,38720.0,462750.0,526299.3333333334,366798.5,1,1,2023,1,1,зима
Оренбургская область,2023,январь-февраль,62669.0,2,2023-02-01,False,30274.0,662577.0,539491.0,65228.0,262780.6666666667,446829.0,366585.25,2,1,2023,32,1,зима
Оренбургская область,2023,январь-март,94178.0,3,2023-03-01,False,62669.0,695399.0,594059.0,96598.0,62373.666666666664,363515.5,366383.5833333333,3,1,2023,60,1,весна
Оренбургская область,2023,январь-апрель,136739.0,4,2023-04-01,False,94178.0,30274.0,635996.0,152053.0,97862.0,280306.0,365107.4166666667,4,2,2023,91,0,весна
Оренбургская область,2023,январь-май,177662.0,5,2023-05-01,False,136739.0,62669.0,662577.0,200118.0,136193.0,199486.83333333334,363236.0833333333,5,2,2023,121,1,весна
Оренбургская область,2023,январь-июнь,274939.0,6,2023-06-01,False,177662.0,94178.0,695399.0,292637.0,196446.66666666666,129410.16666666667,361761.25,6,2,2023,152,0,лето
Оренбургская область,2023,январь-июль,465837.0,7,2023-07-01,False,274939.0,136739.0,30274.0,437152.0,306146.0,202004.0,364151.6666666667,7,3,2023,182,0,лето
Оренбургская область,2023,январь-август,623944.0,8,2023-08-01,False,465837.0,177662.0,62669.0,539491.0,454906.6666666667,295549.8333333333,371189.4166666667,8,3,2023,213,0,лето
Оренбургская область,2023,январь-сентябрь,700343.0,9,2023-09-01,False,623944.0,274939.0,94178.0,594059.0,596708.0,396577.3333333333,380046.4166666667,9,3,2023,244,0,осень
Оренбургская область,2024,январь,122448.0,1,2024-01-01,False,700343.0,465837.0,136739.0,635996.0,482245.0,394195.5,337250.75,1,1,2024,1,1,зима
Оренбургская область,2024,январь-февраль,209617.0,2,2024-02-01,False,122448.0,623944.0,177662.0,662577.0,344136.0,399521.3333333333,299504.0833333333,2,1,2024,32,1,зима
Оренбургская область,2024,январь-март,304773.0,3,2024-03-01,False,209617.0,700343.0,274939.0,695399.0,212279.33333333334,404493.6666666667,266951.9166666667,3,1,2024,61,1,весна
Оренбургская область,2024,январь-апрель,350063.0,4,2024-04-01,False,304773.0,122448.0,465837.0,30274.0,288151.0,385198.0,293601.0,4,2,2024,92,0,весна
Оренбургская область,2024,январь-май,391898.0,5,2024-05-01,False,350063.0,209617.0,623944.0,62669.0,348911.3333333333,346523.6666666667,321036.75,5,2,2024,122,1,весна
Оренбургская область,2024,январь-июнь,497568.0,6,2024-06-01,False,391898.0,304773.0,700343.0,94178.0,413176.3333333333,312727.8333333333,354652.5833333333,6,2,2024,153,0,лето
Оренбургская область,2024,январь-июль,653776.0,7,2024-07-01,False,497568.0,350063.0,122448.0,136739.0,514414.0,401282.5,397739.0,7,3,2024,183,0,лето
Оренбургская область,2024,январь-август,793587.0,8,2024-08-01,False,653776.0,391898.0,209617.0,177662.0,648310.3333333334,498610.8333333333,449066.0833333333,8,3,2024,214,0,лето
Оренбургская область,2024,январь-сентябрь,876710.0,9,2024-09-01,False,793587.0,497568.0,304773.0,274939.0,774691.0,593933.6666666666,499213.6666666667,9,3,2024,245,0,осень
Оренбургская область,2025,январь,51043.0,1,2025-01-01,False,876710.0,653776.0,350063.0,465837.0,573780.0,544097.0,464647.5,1,1,2025,1,1,зима
Оренбургская область,2025,январь-февраль,84575.0,2,2025-02-01,False,51043.0,793587.0,391898.0,623944.0,337442.6666666667,492876.5,419700.0833333333,2,1,2025,32,1,зима
Оренбургская область,2025,январь-март,119142.0,3,2025-03-01,False,84575.0,876710.0,497568.0,700343.0,84920.0,429805.5,371266.6666666667,3,1,2025,60,1,весна
Оренбургская область,2025,январь-апрель,166772.0,4,2025-04-01,False,119142.0,51043.0,653776.0,122448.0,123496.33333333333,348638.1666666667,374960.3333333333,4,2,2025,91,0,весна
Оренбургская область,2025,январь-май,219373.0,5,2025-05-01,False,166772.0,84575.0,793587.0,209617.0,168429.0,252935.83333333334,375773.3333333333,5,2,2025,121,1,весна
Оренбургская область,2025,январь-июнь,337780.0,6,2025-06-01,False,219373.0,119142.0,876710.0,304773.0,241308.33333333334,163114.16666666666,378523.9166666667,6,2,2025,152,0,лето
Оренбургская область,2025,январь-июль,554505.0,7,2025-07-01,False,337780.0,166772.0,51043.0,350063.0,370552.6666666667,247024.5,395560.75,7,3,2025,182,0,лето
Оренбургская область,2025,январь-август,736292.0,8,2025-08-01,False,554505.0,219373.0,84575.0,391898.0,542859.0,355644.0,424260.25,8,3,2025,213,0,лето
Оренбургская область,2025,январь-сентябрь,835358.0,9,2025-09-01,False,736292.0,337780.0,119142.0,497568.0,708718.3333333334,475013.3333333333,452409.4166666667,9,3,2025,244,0,осень
Орловская область,2022,январь,31714.0,1,2022-01-01,False,,,,,31714.0,31714.0,31714.0,1,1,2022,1,1,зима
Орловская область,2022,январь-февраль,54620.0,2,2022-02-01,False,31714.0,,,,43167.0,43167.0,43167.0,2,1,2022,32,1,зима
Орловская область,2022,январь-март,79319.0,3,2022-03-01,False,54620.0,,,,55217.666666666664,55217.666666666664,55217.666666666664,3,1,2022,60,1,весна
Орловская область,2022,январь-апрель,109321.0,4,2022-04-01,False,79319.0,31714.0,,,81086.66666666667,68743.5,68743.5,4,2,2022,91,0,весна
Орловская область,2022,январь-май,143722.0,5,2022-05-01,False,109321.0,54620.0,,,110787.33333333333,83739.2,83739.2,5,2,2022,121,1,весна
Орловская область,2022,январь-июнь,175311.0,6,2022-06-01,False,143722.0,79319.0,,,142784.66666666666,99001.16666666667,99001.16666666667,6,2,2022,152,0,лето
Орловская область,2022,январь-июль,214011.0,7,2022-07-01,False,175311.0,109321.0,31714.0,,177681.33333333334,129384.0,115431.14285714286,7,3,2022,182,0,лето
Орловская область,2022,январь-август,246358.0,8,2022-08-01,False,214011.0,143722.0,54620.0,,211893.33333333334,161340.33333333334,131797.0,8,3,2022,213,0,лето
Орловская область,2022,январь-сентябрь,274131.0,9,2022-09-01,False,246358.0,175311.0,79319.0,,244833.33333333334,193809.0,147611.88888888888,9,3,2022,244,0,осень
Орловская область,2022,январь-октябрь*,294326.0,10,2022-10-01,False,274131.0,214011.0,109321.0,,271605.0,224643.16666666666,162283.3,10,4,2022,274,0,осень
Орловская область,2022,январь-ноябрь*,313637.0,11,2022-11-01,False,294326.0,246358.0,143722.0,,294031.3333333333,252962.33333333334,176042.72727272726,11,4,2022,305,0,осень
Орловская область,2022,январь-декабрь*,327268.0,12,2022-12-01,False,313637.0,274131.0,175311.0,,311743.6666666667,278288.5,188644.83333333334,12,4,2022,335,1,зима
Орловская область,2023,январь,21533.0,1,2023-01-01,False,327268.0,294326.0,214011.0,31714.0,220812.66666666666,246208.83333333334,187796.41666666666,1,1,2023,1,1,зима
Орловская область,2023,январь-февраль,46781.0,2,2023-02-01,False,21533.0,313637.0,246358.0,54620.0,131860.66666666666,212946.0,187143.16666666666,2,1,2023,32,1,зима
Орловская область,2023,январь-март,69921.0,3,2023-03-01,False,46781.0,327268.0,274131.0,79319.0,46078.333333333336,178911.0,186360.0,3,1,2023,60,1,весна
Орловская область,2023,январь-апрель,108113.0,4,2023-04-01,False,69921.0,21533.0,294326.0,109321.0,74938.33333333333,147875.5,186259.33333333334,4,2,2023,91,0,весна
Орловская область,2023,январь-май,144941.0,5,2023-05-01,False,108113.0,46781.0,313637.0,143722.0,107658.33333333333,119759.5,186360.91666666666,5,2,2023,121,1,весна
Орловская область,2023,январь-июнь,186522.0,6,2023-06-01,False,144941.0,69921.0,327268.0,175311.0,146525.33333333334,96301.83333333333,187295.16666666666,6,2,2023,152,0,лето
Орловская область,2023,январь-июль,241999.0,7,2023-07-01,False,186522.0,108113.0,21533.0,214011.0,191154.0,133046.16666666666,189627.5,7,3,2023,182,0,лето
Орловская область,2023,январь-август,300817.0,8,2023-08-01,False,241999.0,144941.0,46781.0,246358.0,243112.66666666666,175385.5,194165.75,8,3,2023,213,0,лето
Орловская область,2023,январь-сентябрь,342482.0,9,2023-09-01,False,300817.0,186522.0,69921.0,274131.0,295099.3333333333,220812.33333333334,199861.66666666666,9,3,2023,244,0,осень
Орловская область,2024,январь,24193.0,1,2024-01-01,False,342482.0,241999.0,108113.0,294326.0,222497.33333333334,206825.66666666666,177350.58333333334,1,1,2024,1,1,зима
Орловская область,2024,январь-февраль,51211.0,2,2024-02-01,False,24193.0,300817.0,144941.0,313637.0,139295.33333333334,191204.0,155481.75,2,1,2024,32,1,зима
Орловская область,2024,январь-март,77583.0,3,2024-03-01,False,51211.0,342482.0,186522.0,327268.0,50995.666666666664,173047.5,134674.66666666666,3,1,2024,61,1,весна
Орловская область,2024,январь-апрель,101340.0,4,2024-04-01,False,77583.0,24193.0,241999.0,21533.0,76711.33333333333,149604.33333333334,141325.25,4,2,2024,92,0,весна
Орловская область,2024,январь-май,126398.0,5,2024-05-01,False,101340.0,51211.0,300817.0,46781.0,101773.66666666667,120534.5,147960.0,5,2,2024,122,1,весна
Орловская область,2024,январь-июнь,157001.0,6,2024-06-01,False,126398.0,77583.0,342482.0,69921.0,128246.33333333333,89621.0,155216.66666666666,6,2,2024,153,0,лето
Орловская область,2024,январь-июль,206405.0,7,2024-07-01,False,157001.0,101340.0,24193.0,108113.0,163268.0,119989.66666666667,163407.66666666666,7,3,2024,183,0,лето
Орловская область,2024,январь-август,258063.0,8,2024-08-01,False,206405.0,126398.0,51211.0,144941.0,207156.33333333334,154465.0,172834.5,8,3,2024,214,0,лето
Орловская область,2024,январь-сентябрь,291443.0,9,2024-09-01,False,258063.0,157001.0,77583.0,186522.0,251970.33333333334,190108.33333333334,181577.91666666666,9,3,2024,245,0,осень
Орловская область,2025,январь,19683.0,1,2025-01-01,False,291443.0,206405.0,101340.0,241999.0,189729.66666666666,176498.83333333334,163051.58333333334,1,1,2025,1,1,зима
Орловская область,2025,январь-февраль,39746.0,2,2025-02-01,False,19683.0,258063.0,126398.0,300817.0,116957.33333333333,162056.83333333334,141295.66666666666,2,1,2025,32,1,зима
Орловская область,2025,январь-март,64779.0,3,2025-03-01,False,39746.0,291443.0,157001.0,342482.0,41402.666666666664,146686.5,118153.75,3,1,2025,60,1,весна
Орловская область,2025,январь-апрель,90796.0,4,2025-04-01,False,64779.0,19683.0,206405.0,24193.0,65107.0,127418.33333333333,123704.0,4,2,2025,91,0,весна
Орловская область,2025,январь-май,118157.0,5,2025-05-01,False,90796.0,39746.0,258063.0,51211.0,91244.0,104100.66666666667,129282.83333333333,5,2,2025,121,1,весна
Орловская область,2025,январь-июнь,151396.0,6,2025-06-01,False,118157.0,64779.0,291443.0,77583.0,120116.33333333333,80759.5,135433.91666666666,6,2,2025,152,0,лето
Орловская область,2025,январь-июль,188641.0,7,2025-07-01,False,151396.0,90796.0,19683.0,101340.0,152731.33333333334,108919.16666666667,142709.0,7,3,2025,182,0,лето
Орловская область,2025,январь-август,232362.0,8,2025-08-01,False,188641.0,118157.0,39746.0,126398.0,190799.66666666666,141021.83333333334,151539.33333333334,8,3,2025,213,0,лето
Орловская область,2025,январь-сентябрь,265094.0,9,2025-09-01,False,232362.0,151396.0,64779.0,157001.0,228699.0,174407.66666666666,160547.08333333334,9,3,2025,244,0,осень
Пензенская область,2022,январь,14609.0,1,2022-01-01,False,,,,,14609.0,14609.0,14609.0,1,1,2022,1,1,зима
Пензенская область,2022,январь-февраль,28840.0,2,2022-02-01,False,14609.0,,,,21724.5,21724.5,21724.5,2,1,2022,32,1,зима
Пензенская область,2022,январь-март,50046.0,3,2022-03-01,False,28840.0,,,,31165.0,31165.0,31165.0,3,1,2022,60,1,весна
Пензенская область,2022,январь-апрель,70494.0,4,2022-04-01,False,50046.0,14609.0,,,49793.333333333336,40997.25,40997.25,4,2,2022,91,0,весна
Пензенская область,2022,январь-май,94242.0,5,2022-05-01,False,70494.0,28840.0,,,71594.0,51646.2,51646.2,5,2,2022,121,1,весна
Пензенская область,2022,январь-июнь,124600.0,6,2022-06-01,False,94242.0,50046.0,,,96445.33333333333,63805.166666666664,63805.166666666664,6,2,2022,152,0,лето
Пензенская область,2022,январь-июль,158590.0,7,2022-07-01,False,124600.0,70494.0,14609.0,,125810.66666666667,87802.0,77345.85714285714,7,3,2022,182,0,лето
Пензенская область,2022,январь-август,201307.0,8,2022-08-01,False,158590.0,94242.0,28840.0,,161499.0,116546.5,92841.0,8,3,2022,213,0,лето
Пензенская область,2022,январь-сентябрь,218063.0,9,2022-09-01,False,201307.0,124600.0,50046.0,,192653.33333333334,144549.33333333334,106754.55555555556,9,3,2022,244,0,осень
Пензенская область,2022,январь-октябрь*,232985.0,10,2022-10-01,False,218063.0,158590.0,70494.0,,217451.66666666666,171631.16666666666,119377.6,10,4,2022,274,0,осень
Пензенская область,2022,январь-ноябрь*,250174.0,11,2022-11-01,False,232985.0,201307.0,94242.0,,233740.66666666666,197619.83333333334,131268.18181818182,11,4,2022,305,0,осень
Пензенская область,2022,январь-декабрь*,263601.0,12,2022-12-01,False,250174.0,218063.0,124600.0,,248920.0,220786.66666666666,142295.91666666666,12,4,2022,335,1,зима
Пензенская область,2023,январь,25447.0,1,2023-01-01,False,263601.0,232985.0,158590.0,14609.0,179740.66666666666,198596.16666666666,143199.08333333334,1,1,2023,1,1,зима
Пензенская область,2023,январь-февраль,55464.0,2,2023-02-01,False,25447.0,250174.0,201307.0,28840.0,114837.33333333333,174289.0,145417.75,2,1,2023,32,1,зима
Пензенская область,2023,январь-март,82016.0,3,2023-03-01,False,55464.0,263601.0,218063.0,50046.0,54309.0,151614.5,148081.91666666666,3,1,2023,60,1,весна
Пензенская область,2023,январь-апрель,121491.0,4,2023-04-01,False,82016.0,25447.0,232985.0,70494.0,86323.66666666667,133032.16666666666,152331.66666666666,4,2,2023,91,0,весна
Пензенская область,2023,январь-май,157479.0,5,2023-05-01,False,121491.0,55464.0,250174.0,94242.0,120328.66666666667,117583.0,157601.41666666666,5,2,2023,121,1,весна
Пензенская область,2023,январь-июнь,231239.0,6,2023-06-01,False,157479.0,82016.0,263601.0,124600.0,170069.66666666666,112189.33333333333,166488.0,6,2,2023,152,0,лето
Пензенская область,2023,январь-июль,306566.0,7,2023-07-01,False,231239.0,121491.0,25447.0,158590.0,231761.33333333334,159042.5,178819.33333333334,7,3,2023,182,0,лето
Пензенская область,2023,январь-август,371118.0,8,2023-08-01,False,306566.0,157479.0,55464.0,201307.0,302974.3333333333,211651.5,192970.25,8,3,2023,213,0,лето
Пензенская область,2023,январь-сентябрь,404932.0,9,2023-09-01,False,371118.0,231239.0,82016.0,218063.0,360872.0,265470.8333333333,208542.66666666666,9,3,2023,244,0,осень
Пензенская область,2024,январь,26570.0,1,2024-01-01,False,404932.0,306566.0,121491.0,232985.0,267540.0,249650.66666666666,191341.41666666666,1,1,2024,1,1,зима
Пензенская область,2024,январь-февраль,57694.0,2,2024-02-01,False,26570.0,371118.0,157479.0,250174.0,163065.33333333334,233019.83333333334,175301.41666666666,2,1,2024,32,1,зима
Пензенская область,2024,январь-март,89939.0,3,2024-03-01,False,57694.0,404932.0,231239.0,263601.0,58067.666666666664,209469.83333333334,160829.58333333334,3,1,2024,61,1,весна
Пензенская область,2024,январь-апрель,126907.0,4,2024-04-01,False,89939.0,26570.0,306566.0,25447.0,91513.33333333333,179526.66666666666,169284.58333333334,4,2,2024,92,0,весна
Пензенская область,2024,январь-май,161452.0,5,2024-05-01,False,126907.0,57694.0,371118.0,55464.0,126099.33333333333,144582.33333333334,178116.91666666666,5,2,2024,122,1,весна
Пензенская область,2024,январь-июнь,232590.0,6,2024-06-01,False,161452.0,89939.0,404932.0,82016.0,173649.66666666666,115858.66666666667,190664.75,6,2,2024,153,0,лето
Пензенская область,2024,январь-июль,293880.0,7,2024-07-01,False,232590.0,126907.0,26570.0,121491.0,229307.33333333334,160410.33333333334,205030.5,7,3,2024,183,0,лето
Пензенская область,2024,январь-август,364586.0,8,2024-08-01,False,293880.0,161452.0,57694.0,157479.0,297018.6666666667,211559.0,222289.41666666666,8,3,2024,214,0,лето
Пензенская область,2024,январь-сентябрь,397400.0,9,2024-09-01,False,364586.0,232590.0,89939.0,231239.0,351955.3333333333,262802.5,236136.16666666666,9,3,2024,245,0,осень
Пензенская область,2025,январь,30161.0,1,2025-01-01,False,397400.0,293880.0,126907.0,306566.0,264049.0,246678.16666666666,213102.41666666666,1,1,2025,1,1,зима
Пензенская область,2025,январь-февраль,59994.0,2,2025-02-01,False,30161.0,364586.0,161452.0,371118.0,162518.33333333334,229768.5,187175.41666666666,2,1,2025,32,1,зима
Пензенская область,2025,январь-март,93828.0,3,2025-03-01,False,59994.0,397400.0,232590.0,404932.0,61327.666666666664,206641.5,161250.08333333334,3,1,2025,60,1,весна
Пензенская область,2025,январь-апрель,131426.0,4,2025-04-01,False,93828.0,30161.0,293880.0,26570.0,95082.66666666667,179565.83333333334,169988.08333333334,4,2,2025,91,0,весна
Пензенская область,2025,январь-май,168059.0,5,2025-05-01,False,131426.0,59994.0,364586.0,57694.0,131104.33333333334,146811.33333333334,179185.16666666666,5,2,2025,121,1,весна
Пензенская область,2025,январь-июнь,240267.0,6,2025-06-01,False,168059.0,93828.0,397400.0,89939.0,179917.33333333334,120622.5,191712.5,6,2,2025,152,0,лето
Пензенская область,2025,январь-июль,324274.0,7,2025-07-01,False,240267.0,131426.0,30161.0,126907.0,244200.0,169641.33333333334,208159.75,7,3,2025,182,0,лето
Пензенская область,2025,январь-август,396561.0,8,2025-08-01,False,324274.0,168059.0,59994.0,161452.0,320367.3333333333,225735.83333333334,227752.16666666666,8,3,2025,213,0,лето
Пензенская область,2025,январь-сентябрь,435118.0,9,2025-09-01,False,396561.0,240267.0,93828.0,232590.0,385317.6666666667,282617.5,244629.5,9,3,2025,244,0,осень
Пермский край,2022,январь,135910.0,1,2022-01-01,False,,,,,135910.0,135910.0,135910.0,1,1,2022,1,1,зима
Пермский край,2022,январь-февраль,241351.0,2,2022-02-01,False,135910.0,,,,188630.5,188630.5,188630.5,2,1,2022,32,1,зима
Пермский край,2022,январь-март,399389.0,3,2022-03-01,False,241351.0,,,,258883.33333333334,258883.33333333334,258883.33333333334,3,1,2022,60,1,весна
Пермский край,2022,январь-апрель,491963.0,4,2022-04-01,False,399389.0,135910.0,,,377567.6666666667,317153.25,317153.25,4,2,2022,91,0,весна
Пермский край,2022,январь-май,579957.0,5,2022-05-01,False,491963.0,241351.0,,,490436.3333333333,369714.0,369714.0,5,2,2022,121,1,весна
Пермский край,2022,январь-июнь,666878.0,6,2022-06-01,False,579957.0,399389.0,,,579599.3333333334,419241.3333333333,419241.3333333333,6,2,2022,152,0,лето
Пермский край,2022,январь-июль,800547.0,7,2022-07-01,False,666878.0,491963.0,135910.0,,682460.6666666666,530014.1666666666,473713.5714285714,7,3,2022,182,0,лето
Пермский край,2022,январь-август,923187.0,8,2022-08-01,False,800547.0,579957.0,241351.0,,796870.6666666666,643653.5,529897.75,8,3,2022,213,0,лето
Пермский край,2022,январь-сентябрь,1005865.0,9,2022-09-01,False,923187.0,666878.0,399389.0,,909866.3333333334,744732.8333333334,582783.0,9,3,2022,244,0,осень
Пермский край,2022,январь-октябрь*,1103297.0,10,2022-10-01,False,1005865.0,800547.0,491963.0,,1010783.0,846621.8333333334,634834.4,10,4,2022,274,0,осень
Пермский край,2022,январь-ноябрь*,1174671.0,11,2022-11-01,False,1103297.0,923187.0,579957.0,,1094611.0,945740.8333333334,683910.4545454546,11,4,2022,305,0,осень
Пермский край,2022,январь-декабрь*,1256472.0,12,2022-12-01,False,1174671.0,1005865.0,666878.0,,1178146.6666666667,1044006.5,731623.9166666666,12,4,2022,335,1,зима
Пермский край,2023,январь,77574.0,1,2023-01-01,False,1256472.0,1103297.0,800547.0,135910.0,836239.0,923511.0,726762.5833333334,1,1,2023,1,1,зима
Пермский край,2023,январь-февраль,158053.0,2,2023-02-01,False,77574.0,1174671.0,923187.0,241351.0,497366.3333333333,795988.6666666666,719821.0833333334,2,1,2023,32,1,зима
Пермский край,2023,январь-март,257016.0,3,2023-03-01,False,158053.0,1256472.0,1005865.0,399389.0,164214.33333333334,671180.5,707956.6666666666,3,1,2023,60,1,весна
Пермский край,2023,январь-апрель,340828.0,4,2023-04-01,False,257016.0,77574.0,1103297.0,491963.0,251965.66666666666,544102.3333333334,695362.0833333334,4,2,2023,91,0,весна
Пермский край,2023,январь-май,419165.0,5,2023-05-01,False,340828.0,158053.0,1174671.0,579957.0,339003.0,418184.6666666667,681962.75,5,2,2023,121,1,весна
Пермский край,2023,январь-июнь,529654.0,6,2023-06-01,False,419165.0,257016.0,1256472.0,666878.0,429882.3333333333,297048.3333333333,670527.4166666666,6,2,2023,152,0,лето
Пермский край,2023,январь-июль,693660.0,7,2023-07-01,False,529654.0,340828.0,77574.0,800547.0,547493.0,399729.3333333333,661620.1666666666,7,3,2023,182,0,лето
Пермский край,2023,январь-август,847753.0,8,2023-08-01,False,693660.0,419165.0,158053.0,923187.0,690355.6666666666,514679.3333333333,655334.0,8,3,2023,213,0,лето
Пермский край,2023,январь-сентябрь,957131.0,9,2023-09-01,False,847753.0,529654.0,257016.0,1005865.0,832848.0,631365.1666666666,651272.8333333334,9,3,2023,244,0,осень
Пермский край,2024,январь,77580.0,1,2024-01-01,False,957131.0,693660.0,340828.0,1103297.0,627488.0,587490.5,565796.4166666666,1,1,2024,1,1,зима
Пермский край,2024,январь-февраль,153639.0,2,2024-02-01,False,77580.0,847753.0,419165.0,1174671.0,396116.6666666667,543236.1666666666,480710.4166666667,2,1,2024,32,1,зима
Пермский край,2024,январь-март,238800.0,3,2024-03-01,False,153639.0,957131.0,529654.0,1256472.0,156673.0,494760.5,395904.4166666667,3,1,2024,61,1,весна
Пермский край,2024,январь-апрель,397982.0,4,2024-04-01,False,238800.0,77580.0,693660.0,77574.0,263473.6666666667,445480.8333333333,422605.0833333333,4,2,2024,92,0,весна
Пермский край,2024,январь-май,545119.0,5,2024-05-01,False,397982.0,153639.0,847753.0,158053.0,393967.0,395041.8333333333,454860.5833333333,5,2,2024,122,1,весна
Пермский край,2024,январь-июнь,745132.0,6,2024-06-01,False,545119.0,238800.0,957131.0,257016.0,562744.3333333334,359708.6666666667,495536.9166666667,6,2,2024,153,0,лето
Пермский край,2024,январь-июль,925067.0,7,2024-07-01,False,745132.0,397982.0,77580.0,340828.0,738439.3333333334,500956.5,544223.5,7,3,2024,183,0,лето
Пермский край,2024,январь-август,1089187.0,8,2024-08-01,False,925067.0,545119.0,153639.0,419165.0,919795.3333333334,656881.1666666666,600058.6666666666,8,3,2024,214,0,лето
Пермский край,2024,январь-сентябрь,1202744.0,9,2024-09-01,False,1089187.0,745132.0,238800.0,529654.0,1072332.6666666667,817538.5,656149.5,9,3,2024,245,0,осень
Пермский край,2025,январь,80853.0,1,2025-01-01,False,1202744.0,925067.0,397982.0,693660.0,790928.0,764683.6666666666,605082.25,1,1,2025,1,1,зима
Пермский край,2025,январь-февраль,159018.0,2,2025-02-01,False,80853.0,1089187.0,545119.0,847753.0,480871.6666666667,700333.5,547687.6666666666,2,1,2025,32,1,зима
Пермский край,2025,январь-март,252668.0,3,2025-03-01,False,159018.0,1202744.0,745132.0,957131.0,164179.66666666666,618256.1666666666,488982.4166666667,3,1,2025,60,1,весна
Пермский край,2025,январь-апрель,413787.0,4,2025-04-01,False,252668.0,80853.0,925067.0,77580.0,275157.6666666667,533042.8333333334,516999.6666666667,4,2,2025,91,0,весна
Пермский край,2025,январь-май,570284.0,5,2025-05-01,False,413787.0,159018.0,1089187.0,153639.0,412246.3333333333,446559.0,551720.0833333334,5,2,2025,121,1,весна
Пермский край,2025,январь-июнь,765051.0,6,2025-06-01,False,570284.0,252668.0,1202744.0,238800.0,583040.6666666666,373610.1666666667,595574.3333333334,6,2,2025,152,0,лето
Пермский край,2025,январь-июль,918549.0,7,2025-07-01,False,765051.0,413787.0,80853.0,397982.0,751294.6666666666,513226.1666666667,638954.9166666666,7,3,2025,182,0,лето
Пермский край,2025,январь-август,1064146.0,8,2025-08-01,False,918549.0,570284.0,159018.0,545119.0,915915.3333333334,664080.8333333334,682207.1666666666,8,3,2025,213,0,лето
Пермский край,2025,январь-сентябрь,1161676.0,9,2025-09-01,False,1064146.0,765051.0,252668.0,745132.0,1048123.6666666666,815582.1666666666,716919.1666666666,9,3,2025,244,0,осень
Приморский край,2022,январь,59935.0,1,2022-01-01,False,,,,,59935.0,59935.0,59935.0,1,1,2022,1,1,зима
Приморский край,2022,январь-февраль,106587.0,2,2022-02-01,False,59935.0,,,,83261.0,83261.0,83261.0,2,1,2022,32,1,зима
Приморский край,2022,январь-март,161571.0,3,2022-03-01,False,106587.0,,,,109364.33333333333,109364.33333333333,109364.33333333333,3,1,2022,60,1,весна
Приморский край,2022,январь-апрель,226486.0,4,2022-04-01,False,161571.0,59935.0,,,164881.33333333334,138644.75,138644.75,4,2,2022,91,0,весна
Приморский край,2022,январь-май,314123.0,5,2022-05-01,False,226486.0,106587.0,,,234060.0,173740.4,173740.4,5,2,2022,121,1,весна
Приморский край,2022,январь-июнь,396349.0,6,2022-06-01,False,314123.0,161571.0,,,312319.3333333333,210841.83333333334,210841.83333333334,6,2,2022,152,0,лето
Приморский край,2022,январь-июль,656552.0,7,2022-07-01,False,396349.0,226486.0,59935.0,,455674.6666666667,310278.0,274514.71428571426,7,3,2022,182,0,лето
Приморский край,2022,январь-август,990612.0,8,2022-08-01,False,656552.0,314123.0,106587.0,,681171.0,457615.5,364026.875,8,3,2022,213,0,лето
Приморский край,2022,январь-сентябрь,1198148.0,9,2022-09-01,False,990612.0,396349.0,161571.0,,948437.3333333334,630378.3333333334,456707.0,9,3,2022,244,0,осень
Приморский край,2022,январь-октябрь*,1280097.0,10,2022-10-01,False,1198148.0,656552.0,226486.0,,1156285.6666666667,805980.1666666666,539046.0,10,4,2022,274,0,осень
Приморский край,2022,январь-ноябрь*,1349603.0,11,2022-11-01,False,1280097.0,990612.0,314123.0,,1275949.3333333333,978560.1666666666,612733.0,11,4,2022,305,0,осень
Приморский край,2022,январь-декабрь*,1421914.0,12,2022-12-01,False,1349603.0,1198148.0,396349.0,,1350538.0,1149487.6666666667,680164.75,12,4,2022,335,1,зима
Приморский край,2023,январь,96876.0,1,2023-01-01,False,1421914.0,1280097.0,656552.0,59935.0,956131.0,1056208.3333333333,683243.1666666666,1,1,2023,1,1,зима
Приморский край,2023,январь-февраль,217879.0,2,2023-02-01,False,96876.0,1349603.0,990612.0,106587.0,578889.6666666666,927419.5,692517.5,2,1,2023,32,1,зима
Приморский край,2023,январь-март,340784.0,3,2023-03-01,False,217879.0,1421914.0,1198148.0,161571.0,218513.0,784525.5,707451.9166666666,3,1,2023,60,1,весна
Приморский край,2023,январь-апрель,474536.0,4,2023-04-01,False,340784.0,96876.0,1280097.0,226486.0,344399.6666666667,650265.3333333334,728122.75,4,2,2023,91,0,весна
Приморский край,2023,январь-май,646750.0,5,2023-05-01,False,474536.0,217879.0,1349603.0,314123.0,487356.6666666667,533123.1666666666,755841.6666666666,5,2,2023,121,1,весна
Приморский край,2023,январь-июнь,823918.0,6,2023-06-01,False,646750.0,340784.0,1421914.0,396349.0,648401.3333333334,433457.1666666667,791472.4166666666,6,2,2023,152,0,лето
Приморский край,2023,январь-июль,1110847.0,7,2023-07-01,False,823918.0,474536.0,96876.0,656552.0,860505.0,602452.3333333334,829330.3333333334,7,3,2023,182,0,лето
Приморский край,2023,январь-август,1406803.0,8,2023-08-01,False,1110847.0,646750.0,217879.0,990612.0,1113856.0,800606.3333333334,864012.9166666666,8,3,2023,213,0,лето
Приморский край,2023,январь-сентябрь,1672844.0,9,2023-09-01,False,1406803.0,823918.0,340784.0,1198148.0,1396831.3333333333,1022616.3333333334,903570.9166666666,9,3,2023,244,0,осень
Приморский край,2024,январь,97027.0,1,2024-01-01,False,1672844.0,1110847.0,474536.0,1280097.0,1058891.3333333333,959698.1666666666,804981.75,1,1,2024,1,1,зима
Приморский край,2024,январь-февраль,200466.0,2,2024-02-01,False,97027.0,1406803.0,646750.0,1349603.0,656779.0,885317.5,709220.3333333334,2,1,2024,32,1,зима
Приморский край,2024,январь-март,320716.0,3,2024-03-01,False,200466.0,1672844.0,823918.0,1421914.0,206069.66666666666,801450.5,617453.8333333334,3,1,2024,61,1,весна
Приморский край,2024,январь-апрель,440310.0,4,2024-04-01,False,320716.0,97027.0,1110847.0,96876.0,320497.3333333333,689694.3333333334,646073.3333333334,4,2,2024,92,0,весна
Приморский край,2024,январь-май,568286.0,5,2024-05-01,False,440310.0,200466.0,1406803.0,217879.0,443104.0,549941.5,675273.9166666666,5,2,2024,122,1,весна
Приморский край,2024,январь-июнь,717256.0,6,2024-06-01,False,568286.0,320716.0,1672844.0,340784.0,575284.0,390676.8333333333,706646.5833333334,6,2,2024,153,0,лето
Приморский край,2024,январь-июль,1118713.0,7,2024-07-01,False,717256.0,440310.0,97027.0,474536.0,801418.3333333334,560957.8333333334,760328.0,7,3,2024,183,0,лето
Приморский край,2024,январь-август,1587971.0,8,2024-08-01,False,1118713.0,568286.0,200466.0,646750.0,1141313.3333333333,792208.6666666666,838763.0833333334,8,3,2024,214,0,лето
Приморский край,2024,январь-сентябрь,1940884.0,9,2024-09-01,False,1587971.0,717256.0,320716.0,823918.0,1549189.3333333333,1062236.6666666667,931843.5833333334,9,3,2024,245,0,осень
Приморский край,2025,январь,97427.0,1,2025-01-01,False,1940884.0,1118713.0,440310.0,1110847.0,1208760.6666666667,1005089.5,847391.9166666666,1,1,2025,1,1,зима
Приморский край,2025,январь-февраль,187982.0,2,2025-02-01,False,97427.0,1587971.0,568286.0,1406803.0,742097.6666666666,941705.5,745823.5,2,1,2025,32,1,зима
Приморский край,2025,январь-март,298625.0,3,2025-03-01,False,187982.0,1940884.0,717256.0,1672844.0,194678.0,871933.6666666666,631305.25,3,1,2025,60,1,весна
Приморский край,2025,январь-апрель,456227.0,4,2025-04-01,False,298625.0,97427.0,1118713.0,97027.0,314278.0,761519.3333333334,661238.5833333334,4,2,2025,91,0,весна
Приморский край,2025,январь-май,618104.0,5,2025-05-01,False,456227.0,187982.0,1587971.0,200466.0,457652.0,599874.8333333334,696041.75,5,2,2025,121,1,весна
Приморский край,2025,январь-июнь,820629.0,6,2025-06-01,False,618104.0,298625.0,1940884.0,320716.0,631653.3333333334,413165.6666666667,737701.1666666666,6,2,2025,152,0,лето
Приморский край,2025,январь-июль,1280913.0,7,2025-07-01,False,820629.0,456227.0,97427.0,440310.0,906548.6666666666,610413.3333333334,807751.4166666666,7,3,2025,182,0,лето
Приморский край,2025,январь-август,1814425.0,8,2025-08-01,False,1280913.0,618104.0,187982.0,568286.0,1305322.3333333333,881487.1666666666,911596.3333333334,8,3,2025,213,0,лето
Приморский край,2025,январь-сентябрь,2258488.0,9,2025-09-01,False,1814425.0,820629.0,298625.0,717256.0,1784608.6666666667,1208131.0,1040032.3333333334,9,3,2025,244,0,осень
Псковская область,2022,январь,62418.0,1,2022-01-01,False,,,,,62418.0,62418.0,62418.0,1,1,2022,1,1,зима
Псковская область,2022,январь-февраль,99169.0,2,2022-02-01,False,62418.0,,,,80793.5,80793.5,80793.5,2,1,2022,32,1,зима
Псковская область,2022,январь-март,158408.0,3,2022-03-01,False,99169.0,,,,106665.0,106665.0,106665.0,3,1,2022,60,1,весна
Псковская область,2022,январь-апрель,247637.0,4,2022-04-01,False,158408.0,62418.0,,,168404.66666666666,141908.0,141908.0,4,2,2022,91,0,весна
Псковская область,2022,январь-май,378594.0,5,2022-05-01,False,247637.0,99169.0,,,261546.33333333334,189245.2,189245.2,5,2,2022,121,1,весна
Псковская область,2022,январь-июнь,483245.0,6,2022-06-01,False,378594.0,158408.0,,,369825.3333333333,238245.16666666666,238245.16666666666,6,2,2022,152,0,лето
Псковская область,2022,январь-июль,649698.0,7,2022-07-01,False,483245.0,247637.0,62418.0,,503845.6666666667,336125.1666666667,297024.14285714284,7,3,2022,182,0,лето
Псковская область,2022,январь-август,816371.0,8,2022-08-01,False,649698.0,378594.0,99169.0,,649771.3333333334,455658.8333333333,361942.5,8,3,2022,213,0,лето
Псковская область,2022,январь-сентябрь,926652.0,9,2022-09-01,False,816371.0,483245.0,158408.0,,797573.6666666666,583699.5,424688.0,9,3,2022,244,0,осень
Псковская область,2022,январь-октябрь*,966160.0,10,2022-10-01,False,926652.0,649698.0,247637.0,,903061.0,703453.3333333334,478835.2,10,4,2022,274,0,осень
Псковская область,2022,январь-ноябрь*,992785.0,11,2022-11-01,False,966160.0,816371.0,378594.0,,961865.6666666666,805818.5,525557.9090909091,11,4,2022,305,0,осень
Псковская область,2022,январь-декабрь*,1014754.0,12,2022-12-01,False,992785.0,926652.0,483245.0,,991233.0,894403.3333333334,566324.25,12,4,2022,335,1,зима
Псковская область,2023,январь,41749.0,1,2023-01-01,False,1014754.0,966160.0,649698.0,62418.0,683096.0,793078.5,564601.8333333334,1,1,2023,1,1,зима
Псковская область,2023,январь-февраль,81863.0,2,2023-02-01,False,41749.0,992785.0,816371.0,99169.0,379455.3333333333,670660.5,563159.6666666666,2,1,2023,32,1,зима
Псковская область,2023,январь-март,123040.0,3,2023-03-01,False,81863.0,1014754.0,926652.0,158408.0,82217.33333333333,536725.1666666666,560212.3333333334,3,1,2023,60,1,весна
Псковская область,2023,январь-апрель,189329.0,4,2023-04-01,False,123040.0,41749.0,966160.0,247637.0,131410.66666666666,407253.3333333333,555353.3333333334,4,2,2023,91,0,весна
Псковская область,2023,январь-май,277059.0,5,2023-05-01,False,189329.0,81863.0,992785.0,378594.0,196476.0,287965.6666666667,546892.0833333334,5,2,2023,121,1,весна
Псковская область,2023,январь-июнь,372856.0,6,2023-06-01,False,277059.0,123040.0,1014754.0,483245.0,279748.0,180982.66666666666,537693.0,6,2,2023,152,0,лето
Псковская область,2023,январь-июль,586883.0,7,2023-07-01,False,372856.0,189329.0,41749.0,649698.0,412266.0,271838.3333333333,532458.4166666666,7,3,2023,182,0,лето
Псковская область,2023,январь-август,797888.0,8,2023-08-01,False,586883.0,277059.0,81863.0,816371.0,585875.6666666666,391175.8333333333,530918.1666666666,8,3,2023,213,0,лето
Псковская область,2023,январь-сентябрь,951390.0,9,2023-09-01,False,797888.0,372856.0,123040.0,926652.0,778720.3333333334,529234.1666666666,532979.6666666666,9,3,2023,244,0,осень
Псковская область,2024,январь,96257.0,1,2024-01-01,False,951390.0,586883.0,189329.0,966160.0,615178.3333333334,513722.1666666667,460487.75,1,1,2024,1,1,зима
Псковская область,2024,январь-февраль,172115.0,2,2024-02-01,False,96257.0,797888.0,277059.0,992785.0,406587.3333333333,496231.5,392098.5833333333,2,1,2024,32,1,зима
Псковская область,2024,январь-март,266360.0,3,2024-03-01,False,172115.0,951390.0,372856.0,1014754.0,178244.0,478482.1666666667,329732.4166666667,3,1,2024,61,1,весна
Псковская область,2024,январь-апрель,417467.0,4,2024-04-01,False,266360.0,96257.0,586883.0,41749.0,285314.0,450246.1666666667,361042.25,4,2,2024,92,0,весна
Псковская область,2024,январь-май,624938.0,5,2024-05-01,False,417467.0,172115.0,797888.0,81863.0,436255.0,421421.1666666667,406298.5,5,2,2024,122,1,весна
Псковская область,2024,январь-июнь,861041.0,6,2024-06-01,False,624938.0,266360.0,951390.0,123040.0,634482.0,406363.0,467798.5833333333,6,2,2024,153,0,лето
Псковская область,2024,январь-июль,1012446.0,7,2024-07-01,False,861041.0,417467.0,96257.0,189329.0,832808.3333333334,559061.1666666666,536391.6666666666,7,3,2024,183,0,лето
Псковская область,2024,январь-август,1159521.0,8,2024-08-01,False,1012446.0,624938.0,172115.0,277059.0,1011002.6666666666,723628.8333333334,609930.1666666666,8,3,2024,214,0,лето
Псковская область,2024,январь-сентябрь,1258864.0,9,2024-09-01,False,1159521.0,861041.0,266360.0,372856.0,1143610.3333333333,889046.1666666666,683764.1666666666,9,3,2024,245,0,осень
Псковская область,2025,январь,106853.0,1,2025-01-01,False,1258864.0,1012446.0,417467.0,586883.0,841746.0,837277.1666666666,643761.6666666666,1,1,2025,1,1,зима
Псковская область,2025,январь-февраль,190510.0,2,2025-02-01,False,106853.0,1159521.0,624938.0,797888.0,518742.3333333333,764872.5,593146.8333333334,2,1,2025,32,1,зима
Псковская область,2025,январь-март,292130.0,3,2025-03-01,False,190510.0,1258864.0,861041.0,951390.0,196497.66666666666,670054.0,538208.5,3,1,2025,60,1,весна
Псковская область,2025,январь-апрель,393655.0,4,2025-04-01,False,292130.0,106853.0,1012446.0,96257.0,292098.3333333333,566922.1666666666,562991.6666666666,4,2,2025,91,0,весна
Псковская область,2025,январь-май,539580.0,5,2025-05-01,False,393655.0,190510.0,1159521.0,172115.0,408455.0,463598.6666666667,593613.75,5,2,2025,121,1,весна
Псковская область,2025,январь-июнь,714433.0,6,2025-06-01,False,539580.0,292130.0,1258864.0,266360.0,549222.6666666666,372860.1666666667,630953.1666666666,6,2,2025,152,0,лето
Псковская область,2025,январь-июль,886847.0,7,2025-07-01,False,714433.0,393655.0,106853.0,417467.0,713620.0,502859.1666666667,670068.1666666666,7,3,2025,182,0,лето
Псковская область,2025,январь-август,1059806.0,8,2025-08-01,False,886847.0,539580.0,190510.0,624938.0,887028.6666666666,647741.8333333334,706307.1666666666,8,3,2025,213,0,лето
Псковская область,2025,январь-сентябрь,1184391.0,9,2025-09-01,False,1059806.0,714433.0,292130.0,861041.0,1043681.3333333334,796452.0,733253.0,9,3,2025,244,0,осень
Республика Адыгея,2022,январь,19230.0,1,2022-01-01,False,,,,,19230.0,19230.0,19230.0,1,1,2022,1,1,зима
Республика Адыгея,2022,январь-февраль,31344.0,2,2022-02-01,False,19230.0,,,,25287.0,25287.0,25287.0,2,1,2022,32,1,зима
Республика Адыгея,2022,январь-март,43730.0,3,2022-03-01,False,31344.0,,,,31434.666666666668,31434.666666666668,31434.666666666668,3,1,2022,60,1,весна
Республика Адыгея,2022,январь-апрель,52019.0,4,2022-04-01,False,43730.0,19230.0,,,42364.333333333336,36580.75,36580.75,4,2,2022,91,0,весна
Республика Адыгея,2022,январь-май,58502.0,5,2022-05-01,False,52019.0,31344.0,,,51417.0,40965.0,40965.0,5,2,2022,121,1,весна
Республика Адыгея,2022,январь-июнь,69640.0,6,2022-06-01,False,58502.0,43730.0,,,60053.666666666664,45744.166666666664,45744.166666666664,6,2,2022,152,0,лето
Республика Адыгея,2022,январь-июль,86915.0,7,2022-07-01,False,69640.0,52019.0,19230.0,,71685.66666666667,57025.0,51625.71428571428,7,3,2022,182,0,лето
Республика Адыгея,2022,январь-август,102472.0,8,2022-08-01,False,86915.0,58502.0,31344.0,,86342.33333333333,68879.66666666667,57981.5,8,3,2022,213,0,лето
Республика Адыгея,2022,январь-сентябрь,110924.0,9,2022-09-01,False,102472.0,69640.0,43730.0,,100103.66666666667,80078.66666666667,63864.0,9,3,2022,244,0,осень
Республика Адыгея,2022,январь-октябрь*,120804.0,10,2022-10-01,False,110924.0,86915.0,52019.0,,111400.0,91542.83333333333,69558.0,10,4,2022,274,0,осень
Республика Адыгея,2022,январь-ноябрь*,126526.0,11,2022-11-01,False,120804.0,102472.0,58502.0,,119418.0,102880.16666666667,74736.90909090909,11,4,2022,305,0,осень
Республика Адыгея,2022,январь-декабрь*,132162.0,12,2022-12-01,False,126526.0,110924.0,69640.0,,126497.33333333333,113300.5,79522.33333333333,12,4,2022,335,1,зима
Республика Адыгея,2023,январь,8959.0,1,2023-01-01,False,132162.0,120804.0,86915.0,19230.0,89215.66666666667,100307.83333333333,78666.41666666667,1,1,2023,1,1,зима
Республика Адыгея,2023,январь-февраль,31782.0,2,2023-02-01,False,8959.0,126526.0,102472.0,31344.0,57634.333333333336,88526.16666666667,78702.91666666667,2,1,2023,32,1,зима
Республика Адыгея,2023,январь-март,47520.0,3,2023-03-01,False,31782.0,132162.0,110924.0,43730.0,29420.333333333332,77958.83333333333,79018.75,3,1,2023,60,1,весна
Республика Адыгея,2023,январь-апрель,73293.0,4,2023-04-01,False,47520.0,8959.0,120804.0,52019.0,50865.0,70040.33333333333,80791.58333333333,4,2,2023,91,0,весна
Республика Адыгея,2023,январь-май,104941.0,5,2023-05-01,False,73293.0,31782.0,126526.0,58502.0,75251.33333333333,66442.83333333333,84661.5,5,2,2023,121,1,весна
Республика Адыгея,2023,январь-июнь,134068.0,6,2023-06-01,False,104941.0,47520.0,132162.0,69640.0,104100.66666666667,66760.5,90030.5,6,2,2023,152,0,лето
Республика Адыгея,2023,январь-июль,178206.0,7,2023-07-01,False,134068.0,73293.0,8959.0,86915.0,139071.66666666666,94968.33333333333,97638.08333333333,7,3,2023,182,0,лето
Республика Адыгея,2023,январь-август,225567.0,8,2023-08-01,False,178206.0,104941.0,31782.0,102472.0,179280.33333333334,127265.83333333333,107896.0,8,3,2023,213,0,лето
Республика Адыгея,2023,январь-сентябрь,264138.0,9,2023-09-01,False,225567.0,134068.0,47520.0,110924.0,222637.0,163368.83333333334,120663.83333333333,9,3,2023,244,0,осень
Республика Адыгея,2024,январь,18669.0,1,2024-01-01,False,264138.0,178206.0,73293.0,120804.0,169458.0,154264.83333333334,112152.58333333333,1,1,2024,1,1,зима
Республика Адыгея,2024,январь-февраль,38062.0,2,2024-02-01,False,18669.0,225567.0,104941.0,126526.0,106956.33333333333,143118.33333333334,104780.58333333333,2,1,2024,32,1,зима
Республика Адыгея,2024,январь-март,60529.0,3,2024-03-01,False,38062.0,264138.0,134068.0,132162.0,39086.666666666664,130861.83333333333,98811.16666666667,3,1,2024,61,1,весна
Республика Адыгея,2024,январь-апрель,86786.0,4,2024-04-01,False,60529.0,18669.0,178206.0,8959.0,61792.333333333336,115625.16666666667,105296.75,4,2,2024,92,0,весна
Республика Адыгея,2024,январь-май,116551.0,5,2024-05-01,False,86786.0,38062.0,225567.0,31782.0,87955.33333333333,97455.83333333333,112360.83333333333,5,2,2024,122,1,весна
Республика Адыгея,2024,январь-июнь,146475.0,6,2024-06-01,False,116551.0,60529.0,264138.0,47520.0,116604.0,77845.33333333333,120607.08333333333,6,2,2024,153,0,лето
Республика Адыгея,2024,январь-июль,194998.0,7,2024-07-01,False,146475.0,86786.0,18669.0,73293.0,152674.66666666666,107233.5,130749.16666666667,7,3,2024,183,0,лето
Республика Адыгея,2024,январь-август,251753.0,8,2024-08-01,False,194998.0,116551.0,38062.0,104941.0,197742.0,142848.66666666666,142983.5,8,3,2024,214,0,лето
Республика Адыгея,2024,январь-сентябрь,288716.0,9,2024-09-01,False,251753.0,146475.0,60529.0,134068.0,245155.66666666666,180879.83333333334,155870.83333333334,9,3,2024,245,0,осень
Республика Адыгея,2025,январь,23992.0,1,2025-01-01,False,288716.0,194998.0,86786.0,178206.0,188153.66666666666,170414.16666666666,143019.66666666666,1,1,2025,1,1,зима
Республика Адыгея,2025,январь-февраль,59838.0,2,2025-02-01,False,23992.0,251753.0,116551.0,225567.0,124182.0,160962.0,129208.91666666667,2,1,2025,32,1,зима
Республика Адыгея,2025,январь-март,102107.0,3,2025-03-01,False,59838.0,288716.0,146475.0,264138.0,61979.0,153567.33333333334,115706.33333333333,3,1,2025,60,1,весна
Республика Адыгея,2025,январь-апрель,143077.0,4,2025-04-01,False,102107.0,23992.0,194998.0,18669.0,101674.0,144913.83333333334,126073.66666666667,4,2,2025,91,0,весна
Республика Адыгея,2025,январь-май,198004.0,5,2025-05-01,False,143077.0,59838.0,251753.0,38062.0,147729.33333333334,135955.66666666666,139402.16666666666,5,2,2025,121,1,весна
Республика Адыгея,2025,январь-июнь,248136.0,6,2025-06-01,False,198004.0,102107.0,288716.0,60529.0,196405.66666666666,129192.33333333333,155036.08333333334,6,2,2025,152,0,лето
Республика Адыгея,2025,январь-июль,291306.0,7,2025-07-01,False,248136.0,143077.0,23992.0,86786.0,245815.33333333334,173744.66666666666,172079.41666666666,7,3,2025,182,0,лето
Республика Адыгея,2025,январь-август,336685.0,8,2025-08-01,False,291306.0,198004.0,59838.0,116551.0,292042.3333333333,219885.83333333334,190423.91666666666,8,3,2025,213,0,лето
Республика Адыгея,2025,январь-сентябрь,370779.0,9,2025-09-01,False,336685.0,248136.0,102107.0,146475.0,332923.3333333333,264664.5,209115.91666666666,9,3,2025,244,0,осень
Республика Алтай,2022,январь,17429.0,1,2022-01-01,False,,,,,17429.0,17429.0,17429.0,1,1,2022,1,1,зима
Республика Алтай,2022,январь-февраль,35428.0,2,2022-02-01,False,17429.0,,,,26428.5,26428.5,26428.5,2,1,2022,32,1,зима
Республика Алтай,2022,январь-март,62297.0,3,2022-03-01,False,35428.0,,,,38384.666666666664,38384.666666666664,38384.666666666664,3,1,2022,60,1,весна
Республика Алтай,2022,январь-апрель,142241.0,4,2022-04-01,False,62297.0,17429.0,,,79988.66666666667,64348.75,64348.75,4,2,2022,91,0,весна
Республика Алтай,2022,январь-май,224580.0,5,2022-05-01,False,142241.0,35428.0,,,143039.33333333334,96395.0,96395.0,5,2,2022,121,1,весна
Республика Алтай,2022,январь-июнь,300195.0,6,2022-06-01,False,224580.0,62297.0,,,222338.66666666666,130361.66666666667,130361.66666666667,6,2,2022,152,0,лето
Республика Алтай,2022,январь-июль,358229.0,7,2022-07-01,False,300195.0,142241.0,17429.0,,294334.6666666667,187161.66666666666,162914.14285714287,7,3,2022,182,0,лето
Республика Алтай,2022,январь-август,414071.0,8,2022-08-01,False,358229.0,224580.0,35428.0,,357498.3333333333,250268.83333333334,194308.75,8,3,2022,213,0,лето
Республика Алтай,2022,январь-сентябрь,444949.0,9,2022-09-01,False,414071.0,300195.0,62297.0,,405749.6666666667,314044.1666666667,222157.66666666666,9,3,2022,244,0,осень
Республика Алтай,2022,январь-октябрь*,465896.0,10,2022-10-01,False,444949.0,358229.0,142241.0,,441638.6666666667,367986.6666666667,246531.5,10,4,2022,274,0,осень
Республика Алтай,2022,январь-ноябрь*,481942.0,11,2022-11-01,False,465896.0,414071.0,224580.0,,464262.3333333333,410880.3333333333,267932.45454545453,11,4,2022,305,0,осень
Республика Алтай,2022,январь-декабрь*,498448.0,12,2022-12-01,False,481942.0,444949.0,300195.0,,482095.3333333333,443922.5,287142.0833333333,12,4,2022,335,1,зима
Республика Алтай,2023,январь,11539.0,1,2023-01-01,False,498448.0,465896.0,358229.0,17429.0,330643.0,386140.8333333333,286651.25,1,1,2023,1,1,зима
Республика Алтай,2023,январь-февраль,30454.0,2,2023-02-01,False,11539.0,481942.0,414071.0,35428.0,180147.0,322204.6666666667,286236.75,2,1,2023,32,1,зима
Республика Алтай,2023,январь-март,41421.0,3,2023-03-01,False,30454.0,498448.0,444949.0,62297.0,27804.666666666668,254950.0,284497.0833333333,3,1,2023,60,1,весна
Республика Алтай,2023,январь-апрель,61405.0,4,2023-04-01,False,41421.0,11539.0,465896.0,142241.0,44426.666666666664,187534.83333333334,277760.75,4,2,2023,91,0,весна
Республика Алтай,2023,январь-май,87641.0,5,2023-05-01,False,61405.0,30454.0,481942.0,224580.0,63489.0,121818.0,266349.1666666667,5,2,2023,121,1,весна
Республика Алтай,2023,январь-июнь,145907.0,6,2023-06-01,False,87641.0,41421.0,498448.0,300195.0,98317.66666666667,63061.166666666664,253491.83333333334,6,2,2023,152,0,лето
Республика Алтай,2023,январь-июль,388965.0,7,2023-07-01,False,145907.0,61405.0,11539.0,358229.0,207504.33333333334,125965.5,256053.16666666666,7,3,2023,182,0,лето
Республика Алтай,2023,январь-август,653469.0,8,2023-08-01,False,388965.0,87641.0,30454.0,414071.0,396113.6666666667,229801.33333333334,276003.0,8,3,2023,213,0,лето
Республика Алтай,2023,январь-сентябрь,909729.0,9,2023-09-01,False,653469.0,145907.0,41421.0,444949.0,650721.0,374519.3333333333,314734.6666666667,9,3,2023,244,0,осень
Республика Алтай,2024,январь,35552.0,1,2024-01-01,False,909729.0,388965.0,61405.0,465896.0,532916.6666666666,370210.5,278872.6666666667,1,1,2024,1,1,зима
Республика Алтай,2024,январь-февраль,73564.0,2,2024-02-01,False,35552.0,653469.0,87641.0,481942.0,339615.0,367864.3333333333,244841.16666666666,2,1,2024,32,1,зима
Республика Алтай,2024,январь-март,117033.0,3,2024-03-01,False,73564.0,909729.0,145907.0,498448.0,75383.0,363052.0,213056.58333333334,3,1,2024,61,1,весна
Республика Алтай,2024,январь-апрель,185455.0,4,2024-04-01,False,117033.0,35552.0,388965.0,11539.0,125350.66666666667,329133.6666666667,227549.58333333334,4,2,2024,92,0,весна
Республика Алтай,2024,январь-май,284591.0,5,2024-05-01,False,185455.0,73564.0,653469.0,30454.0,195693.0,267654.0,248727.66666666666,5,2,2024,122,1,весна
Республика Алтай,2024,январь-июнь,338772.0,6,2024-06-01,False,284591.0,117033.0,909729.0,41421.0,269606.0,172494.5,273506.9166666667,6,2,2024,153,0,лето
Республика Алтай,2024,январь-июль,556191.0,7,2024-07-01,False,338772.0,185455.0,35552.0,61405.0,393184.6666666667,259267.66666666666,314739.0833333333,7,3,2024,183,0,лето
Республика Алтай,2024,январь-август,758129.0,8,2024-08-01,False,556191.0,284591.0,73564.0,87641.0,551030.6666666666,373361.8333333333,370613.0833333333,8,3,2024,214,0,лето
Республика Алтай,2024,январь-сентябрь,902456.0,9,2024-09-01,False,758129.0,338772.0,117033.0,145907.0,738925.3333333334,504265.6666666667,433658.8333333333,9,3,2024,245,0,осень
Республика Алтай,2025,январь,19125.0,1,2025-01-01,False,902456.0,556191.0,185455.0,388965.0,559903.3333333334,476544.0,402838.8333333333,1,1,2025,1,1,зима
Республика Алтай,2025,январь-февраль,61753.0,2,2025-02-01,False,19125.0,758129.0,284591.0,653469.0,327778.0,439404.3333333333,353529.1666666667,2,1,2025,32,1,зима
Республика Алтай,2025,январь-март,107896.0,3,2025-03-01,False,61753.0,902456.0,338772.0,909729.0,62924.666666666664,400925.0,286709.75,3,1,2025,60,1,весна
Республика Алтай,2025,январь-апрель,151095.0,4,2025-04-01,False,107896.0,19125.0,556191.0,35552.0,106914.66666666667,333409.0,296338.3333333333,4,2,2025,91,0,весна
Республика Алтай,2025,январь-май,228308.0,5,2025-05-01,False,151095.0,61753.0,758129.0,73564.0,162433.0,245105.5,309233.6666666667,5,2,2025,121,1,весна
Республика Алтай,2025,январь-июнь,315961.0,6,2025-06-01,False,228308.0,107896.0,902456.0,117033.0,231788.0,147356.33333333334,325811.0,6,2,2025,152,0,лето
Республика Алтай,2025,январь-июль,506174.0,7,2025-07-01,False,315961.0,151095.0,19125.0,185455.0,350147.6666666667,228531.16666666666,352537.5833333333,7,3,2025,182,0,лето
Республика Алтай,2025,январь-август,687291.0,8,2025-08-01,False,506174.0,228308.0,61753.0,284591.0,503142.0,332787.5,386095.9166666667,8,3,2025,213,0,лето
Республика Алтай,2025,январь-сентябрь,778739.0,9,2025-09-01,False,687291.0,315961.0,107896.0,338772.0,657401.3333333334,444594.6666666667,422759.8333333333,9,3,2025,244,0,осень
Республика Башкортостан,2022,январь,114294.0,1,2022-01-01,False,,,,,114294.0,114294.0,114294.0,1,1,2022,1,1,зима
Республика Башкортостан,2022,январь-февраль,207349.0,2,2022-02-01,False,114294.0,,,,160821.5,160821.5,160821.5,2,1,2022,32,1,зима
Республика Башкортостан,2022,январь-март,320300.0,3,2022-03-01,False,207349.0,,,,213981.0,213981.0,213981.0,3,1,2022,60,1,весна
Республика Башкортостан,2022,январь-апрель,478993.0,4,2022-04-01,False,320300.0,114294.0,,,335547.3333333333,280234.0,280234.0,4,2,2022,91,0,весна
Республика Башкортостан,2022,январь-май,661215.0,5,2022-05-01,False,478993.0,207349.0,,,486836.0,356430.2,356430.2,5,2,2022,121,1,весна
Республика Башкортостан,2022,январь-июнь,854572.0,6,2022-06-01,False,661215.0,320300.0,,,664926.6666666666,439453.8333333333,439453.8333333333,6,2,2022,152,0,лето
Республика Башкортостан,2022,январь-июль,1068846.0,7,2022-07-01,False,854572.0,478993.0,114294.0,,861544.3333333334,598545.8333333334,529367.0,7,3,2022,182,0,лето
Республика Башкортостан,2022,январь-август,1263386.0,8,2022-08-01,False,1068846.0,661215.0,207349.0,,1062268.0,774552.0,621119.375,8,3,2022,213,0,лето
Республика Башкортостан,2022,январь-сентябрь,1389094.0,9,2022-09-01,False,1263386.0,854572.0,320300.0,,1240442.0,952684.3333333334,706449.8888888889,9,3,2022,244,0,осень
Республика Башкортостан,2022,январь-октябрь*,1572210.0,10,2022-10-01,False,1389094.0,1068846.0,478993.0,,1408230.0,1134887.1666666667,793025.9,10,4,2022,274,0,осень
Республика Башкортостан,2022,январь-ноябрь*,1732992.0,11,2022-11-01,False,1572210.0,1263386.0,661215.0,,1564765.3333333333,1313516.6666666667,878477.3636363636,11,4,2022,305,0,осень
Республика Башкортостан,2022,январь-декабрь*,1914771.0,12,2022-12-01,False,1732992.0,1389094.0,854572.0,,1739991.0,1490216.5,964835.1666666666,12,4,2022,335,1,зима
Республика Башкортостан,2023,январь,124274.0,1,2023-01-01,False,1914771.0,1572210.0,1068846.0,114294.0,1257345.6666666667,1332787.8333333333,965666.8333333334,1,1,2023,1,1,зима
Республика Башкортостан,2023,январь-февраль,265051.0,2,2023-02-01,False,124274.0,1732992.0,1263386.0,207349.0,768032.0,1166398.6666666667,970475.3333333334,2,1,2023,32,1,зима
Республика Башкортостан,2023,январь-март,412043.0,3,2023-03-01,False,265051.0,1914771.0,1389094.0,320300.0,267122.6666666667,1003556.8333333334,978120.5833333334,3,1,2023,60,1,весна
Республика Башкортостан,2023,январь-апрель,632268.0,4,2023-04-01,False,412043.0,124274.0,1572210.0,478993.0,436454.0,846899.8333333334,990893.5,4,2,2023,91,0,весна
Республика Башкортостан,2023,январь-май,861882.0,5,2023-05-01,False,632268.0,265051.0,1732992.0,661215.0,635397.6666666666,701714.8333333334,1007615.75,5,2,2023,121,1,весна
Республика Башкортостан,2023,январь-июнь,1149559.0,6,2023-06-01,False,861882.0,412043.0,1914771.0,854572.0,881236.3333333334,574179.5,1032198.0,6,2,2023,152,0,лето
Республика Башкортостан,2023,январь-июль,1419343.0,7,2023-07-01,False,1149559.0,632268.0,124274.0,1068846.0,1143594.6666666667,790024.3333333334,1061406.0833333333,7,3,2023,182,0,лето
Республика Башкортостан,2023,январь-август,1657986.0,8,2023-08-01,False,1419343.0,861882.0,265051.0,1263386.0,1408962.6666666667,1022180.1666666666,1094289.4166666667,8,3,2023,213,0,лето
Республика Башкортостан,2023,январь-сентябрь,1815639.0,9,2023-09-01,False,1657986.0,1149559.0,412043.0,1389094.0,1630989.3333333333,1256112.8333333333,1129834.8333333333,9,3,2023,244,0,осень
Республика Башкортостан,2024,январь,131796.0,1,2024-01-01,False,1815639.0,1419343.0,632268.0,1572210.0,1201807.0,1172700.8333333333,1009800.3333333334,1,1,2024,1,1,зима
Республика Башкортостан,2024,январь-февраль,261793.0,2,2024-02-01,False,131796.0,1657986.0,861882.0,1732992.0,736409.3333333334,1072686.0,887200.4166666666,2,1,2024,32,1,зима
Республика Башкортостан,2024,январь-март,406944.0,3,2024-03-01,False,261793.0,1815639.0,1149559.0,1914771.0,266844.3333333333,948916.8333333334,761548.1666666666,3,1,2024,61,1,весна
Республика Башкортостан,2024,январь-апрель,615362.0,4,2024-04-01,False,406944.0,131796.0,1419343.0,124274.0,428033.0,814920.0,802472.1666666666,4,2,2024,92,0,весна
Республика Башкортостан,2024,январь-май,828036.0,5,2024-05-01,False,615362.0,261793.0,1657986.0,265051.0,616780.6666666666,676595.0,849387.5833333334,5,2,2024,122,1,весна
Республика Башкортостан,2024,январь-июнь,1122252.0,6,2024-06-01,False,828036.0,406944.0,1815639.0,412043.0,855216.6666666666,561030.5,908571.6666666666,6,2,2024,153,0,лето
Республика Башкортостан,2024,январь-июль,1320265.0,7,2024-07-01,False,1122252.0,615362.0,131796.0,632268.0,1090184.3333333333,759108.6666666666,965904.75,7,3,2024,183,0,лето
Республика Башкортостан,2024,январь-август,1493785.0,8,2024-08-01,False,1320265.0,828036.0,261793.0,861882.0,1312100.6666666667,964440.6666666666,1018563.3333333334,8,3,2024,214,0,лето
Республика Башкортостан,2024,январь-сентябрь,1603087.0,9,2024-09-01,False,1493785.0,1122252.0,406944.0,1149559.0,1472379.0,1163797.8333333333,1056357.3333333333,9,3,2024,245,0,осень
Республика Башкортостан,2025,январь,175328.0,1,2025-01-01,False,1603087.0,1320265.0,615362.0,1419343.0,1090733.3333333333,1090458.8333333333,952689.4166666666,1,1,2025,1,1,зима
Республика Башкортостан,2025,январь-февраль,318169.0,2,2025-02-01,False,175328.0,1493785.0,828036.0,1657986.0,698861.3333333334,1005481.0,841038.0,2,1,2025,32,1,зима
Республика Башкортостан,2025,январь-март,482265.0,3,2025-03-01,False,318169.0,1603087.0,1122252.0,1815639.0,325254.0,898816.5,729923.5,3,1,2025,60,1,весна
Республика Башкортостан,2025,январь-апрель,601296.0,4,2025-04-01,False,482265.0,175328.0,1320265.0,131796.0,467243.3333333333,778988.3333333334,769048.5,4,2,2025,91,0,весна
Республика Башкортостан,2025,январь-май,727231.0,5,2025-05-01,False,601296.0,318169.0,1493785.0,261793.0,603597.3333333334,651229.3333333334,807835.0,5,2,2025,121,1,весна
Республика Башкортостан,2025,январь-июнь,910171.0,6,2025-06-01,False,727231.0,482265.0,1603087.0,406944.0,746232.6666666666,535743.3333333334,849770.5833333334,6,2,2025,152,0,лето
Республика Башкортостан,2025,январь-июль,1191094.0,7,2025-07-01,False,910171.0,601296.0,175328.0,615362.0,942832.0,705037.6666666666,897748.25,7,3,2025,182,0,лето
Республика Башкортостан,2025,январь-август,1466899.0,8,2025-08-01,False,1191094.0,727231.0,318169.0,828036.0,1189388.0,896492.6666666666,950986.8333333334,8,3,2025,213,0,лето
Республика Башкортостан,2025,январь-сентябрь,1623102.0,9,2025-09-01,False,1466899.0,910171.0,482265.0,1122252.0,1427031.6666666667,1086632.1666666667,992724.3333333334,9,3,2025,244,0,осень
Республика Бурятия,2022,январь,24870.0,1,2022-01-01,False,,,,,24870.0,24870.0,24870.0,1,1,2022,1,1,зима
Республика Бурятия,2022,январь-февраль,46226.0,2,2022-02-01,False,24870.0,,,,35548.0,35548.0,35548.0,2,1,2022,32,1,зима
Республика Бурятия,2022,январь-март,82642.0,3,2022-03-01,False,46226.0,,,,51246.0,51246.0,51246.0,3,1,2022,60,1,весна
Республика Бурятия,2022,январь-апрель,133561.0,4,2022-04-01,False,82642.0,24870.0,,,87476.33333333333,71824.75,71824.75,4,2,2022,91,0,весна
Республика Бурятия,2022,январь-май,179931.0,5,2022-05-01,False,133561.0,46226.0,,,132044.66666666666,93446.0,93446.0,5,2,2022,121,1,весна
Республика Бурятия,2022,январь-июнь,245050.0,6,2022-06-01,False,179931.0,82642.0,,,186180.66666666666,118713.33333333333,118713.33333333333,6,2,2022,152,0,лето
Республика Бурятия,2022,январь-июль,378768.0,7,2022-07-01,False,245050.0,133561.0,24870.0,,267916.3333333333,177696.33333333334,155864.0,7,3,2022,182,0,лето
Республика Бурятия,2022,январь-август,513430.0,8,2022-08-01,False,378768.0,179931.0,46226.0,,379082.6666666667,255563.66666666666,200559.75,8,3,2022,213,0,лето
Республика Бурятия,2022,январь-сентябрь,585614.0,9,2022-09-01,False,513430.0,245050.0,82642.0,,492604.0,339392.3333333333,243343.55555555556,9,3,2022,244,0,осень
Республика Бурятия,2022,январь-октябрь*,609368.0,10,2022-10-01,False,585614.0,378768.0,133561.0,,569470.6666666666,418693.5,279946.0,10,4,2022,274,0,осень
Республика Бурятия,2022,январь-ноябрь*,648485.0,11,2022-11-01,False,609368.0,513430.0,179931.0,,614489.0,496785.8333333333,313449.54545454547,11,4,2022,305,0,осень
Республика Бурятия,2022,январь-декабрь*,673938.0,12,2022-12-01,False,648485.0,585614.0,245050.0,,643930.3333333334,568267.1666666666,343490.25,12,4,2022,335,1,зима
Республика Бурятия,2023,январь,39825.0,1,2023-01-01,False,673938.0,609368.0,378768.0,24870.0,454082.6666666667,511776.6666666667,344736.5,1,1,2023,1,1,зима
Республика Бурятия,2023,январь-февраль,78710.0,2,2023-02-01,False,39825.0,648485.0,513430.0,46226.0,264157.6666666667,439323.3333333333,347443.5,2,1,2023,32,1,зима
Республика Бурятия,2023,январь-март,114079.0,3,2023-03-01,False,78710.0,673938.0,585614.0,82642.0,77538.0,360734.1666666667,350063.25,3,1,2023,60,1,весна
Республика Бурятия,2023,январь-апрель,164270.0,4,2023-04-01,False,114079.0,39825.0,609368.0,133561.0,119019.66666666667,286551.1666666667,352622.3333333333,4,2,2023,91,0,весна
Республика Бурятия,2023,январь-май,222738.0,5,2023-05-01,False,164270.0,78710.0,648485.0,179931.0,167029.0,215593.33333333334,356189.5833333333,5,2,2023,121,1,весна
Республика Бурятия,2023,январь-июнь,318383.0,6,2023-06-01,False,222738.0,114079.0,673938.0,245050.0,235130.33333333334,156334.16666666666,362300.6666666667,6,2,2023,152,0,лето
Республика Бурятия,2023,январь-июль,490819.0,7,2023-07-01,False,318383.0,164270.0,39825.0,378768.0,343980.0,231499.83333333334,371638.25,7,3,2023,182,0,лето
Республика Бурятия,2023,январь-август,643165.0,8,2023-08-01,False,490819.0,222738.0,78710.0,513430.0,484122.3333333333,325575.6666666667,382449.5,8,3,2023,213,0,лето
Республика Бурятия,2023,январь-сентябрь,721653.0,9,2023-09-01,False,643165.0,318383.0,114079.0,585614.0,618545.6666666666,426838.0,393786.0833333333,9,3,2023,244,0,осень
Республика Бурятия,2024,январь,31160.0,1,2024-01-01,False,721653.0,490819.0,164270.0,609368.0,465326.0,404653.0,345602.0833333333,1,1,2024,1,1,зима
Республика Бурятия,2024,январь-февраль,64673.0,2,2024-02-01,False,31160.0,643165.0,222738.0,648485.0,272495.3333333333,378308.8333333333,296951.0833333333,2,1,2024,32,1,зима
Республика Бурятия,2024,январь-март,106154.0,3,2024-03-01,False,64673.0,721653.0,318383.0,673938.0,67329.0,342937.3333333333,249635.75,3,1,2024,61,1,весна
Республика Бурятия,2024,январь-апрель,148610.0,4,2024-04-01,False,106154.0,31160.0,490819.0,39825.0,106479.0,285902.5,258701.16666666666,4,2,2024,92,0,весна
Республика Бурятия,2024,январь-май,195064.0,5,2024-05-01,False,148610.0,64673.0,643165.0,78710.0,149942.66666666666,211219.0,268397.3333333333,5,2,2024,122,1,весна
Республика Бурятия,2024,январь-июнь,294233.0,6,2024-06-01,False,195064.0,106154.0,721653.0,114079.0,212635.66666666666,139982.33333333334,283410.1666666667,6,2,2024,153,0,лето
Республика Бурятия,2024,январь-июль,473485.0,7,2024-07-01,False,294233.0,148610.0,31160.0,164270.0,320927.3333333333,213703.16666666666,309178.0833333333,7,3,2024,183,0,лето
Республика Бурятия,2024,январь-август,635416.0,8,2024-08-01,False,473485.0,195064.0,64673.0,222738.0,467711.3333333333,308827.0,343567.9166666667,8,3,2024,214,0,лето
Республика Бурятия,2024,январь-сентябрь,703037.0,9,2024-09-01,False,635416.0,294233.0,106154.0,318383.0,603979.3333333334,408307.5,375622.4166666667,9,3,2024,245,0,осень
Республика Бурятия,2025,январь,58323.0,1,2025-01-01,False,703037.0,473485.0,148610.0,490819.0,465592.0,393259.6666666667,339581.0833333333,1,1,2025,1,1,зима
Республика Бурятия,2025,январь-февраль,105470.0,2,2025-02-01,False,58323.0,635416.0,195064.0,643165.0,288943.3333333333,378327.3333333333,294773.1666666667,2,1,2025,32,1,зима
Республика Бурятия,2025,январь-март,170294.0,3,2025-03-01,False,105470.0,703037.0,294233.0,721653.0,111362.33333333333,357670.8333333333,248826.58333333334,3,1,2025,60,1,весна
Республика Бурятия,2025,январь-апрель,203372.0,4,2025-04-01,False,170294.0,58323.0,473485.0,31160.0,159712.0,312652.0,263177.5833333333,4,2,2025,91,0,весна
Республика Бурятия,2025,январь-май,245955.0,5,2025-05-01,False,203372.0,105470.0,635416.0,64673.0,206540.33333333334,247741.83333333334,278284.4166666667,5,2,2025,121,1,весна
Республика Бурятия,2025,январь-июнь,352825.0,6,2025-06-01,False,245955.0,170294.0,703037.0,106154.0,267384.0,189373.16666666666,298840.3333333333,6,2,2025,152,0,лето
Республика Бурятия,2025,январь-июль,551603.0,7,2025-07-01,False,352825.0,203372.0,58323.0,148610.0,383461.0,271586.5,332423.0833333333,7,3,2025,182,0,лето
Республика Бурятия,2025,январь-август,726730.0,8,2025-08-01,False,551603.0,245955.0,105470.0,195064.0,543719.3333333334,375129.8333333333,376728.5833333333,8,3,2025,213,0,лето
Республика Бурятия,2025,январь-сентябрь,795174.0,9,2025-09-01,False,726730.0,352825.0,170294.0,294233.0,691169.0,479276.5,418473.6666666667,9,3,2025,244,0,осень
Республика Дагестан,2022,январь,22640.0,1,2022-01-01,False,,,,,22640.0,22640.0,22640.0,1,1,2022,1,1,зима
Республика Дагестан,2022,январь-февраль,43416.0,2,2022-02-01,False,22640.0,,,,33028.0,33028.0,33028.0,2,1,2022,32,1,зима
Республика Дагестан,2022,январь-март,81882.0,3,2022-03-01,False,43416.0,,,,49312.666666666664,49312.666666666664,49312.666666666664,3,1,2022,60,1,весна
Республика Дагестан,2022,январь-апрель,99120.0,4,2022-04-01,False,81882.0,22640.0,,,74806.0,61764.5,61764.5,4,2,2022,91,0,весна
Республика Дагестан,2022,январь-май,108808.0,5,2022-05-01,False,99120.0,43416.0,,,96603.33333333333,71173.2,71173.2,5,2,2022,121,1,весна
Республика Дагестан,2022,январь-июнь,115047.0,6,2022-06-01,False,108808.0,81882.0,,,107658.33333333333,78485.5,78485.5,6,2,2022,152,0,лето
Республика Дагестан,2022,январь-июль,157762.0,7,2022-07-01,False,115047.0,99120.0,22640.0,,127205.66666666667,101005.83333333333,89810.71428571429,7,3,2022,182,0,лето
Республика Дагестан,2022,январь-август,214995.0,8,2022-08-01,False,157762.0,108808.0,43416.0,,162601.33333333334,129602.33333333333,105458.75,8,3,2022,213,0,лето
Республика Дагестан,2022,январь-сентябрь,255175.0,9,2022-09-01,False,214995.0,115047.0,81882.0,,209310.66666666666,158484.5,122093.88888888889,9,3,2022,244,0,осень
Республика Дагестан,2022,январь-октябрь*,444986.0,10,2022-10-01,False,255175.0,157762.0,99120.0,,305052.0,216128.83333333334,154383.1,10,4,2022,274,0,осень
Республика Дагестан,2022,январь-ноябрь*,466774.0,11,2022-11-01,False,444986.0,214995.0,108808.0,,388978.3333333333,275789.8333333333,182782.27272727274,11,4,2022,305,0,осень
Республика Дагестан,2022,январь-декабрь*,507927.0,12,2022-12-01,False,466774.0,255175.0,115047.0,,473229.0,341269.8333333333,209877.66666666666,12,4,2022,335,1,зима
Республика Дагестан,2023,январь,6554.0,1,2023-01-01,False,507927.0,444986.0,157762.0,22640.0,327085.0,316068.5,208537.16666666666,1,1,2023,1,1,зима
Республика Дагестан,2023,январь-февраль,31120.0,2,2023-02-01,False,6554.0,466774.0,214995.0,43416.0,181867.0,285422.6666666667,207512.5,2,1,2023,32,1,зима
Республика Дагестан,2023,январь-март,58062.0,3,2023-03-01,False,31120.0,507927.0,255175.0,81882.0,31912.0,252570.5,205527.5,3,1,2023,60,1,весна
Республика Дагестан,2023,январь-апрель,113355.0,4,2023-04-01,False,58062.0,6554.0,444986.0,99120.0,67512.33333333333,197298.66666666666,206713.75,4,2,2023,91,0,весна
Республика Дагестан,2023,январь-май,185468.0,5,2023-05-01,False,113355.0,31120.0,466774.0,108808.0,118961.66666666667,150414.33333333334,213102.08333333334,5,2,2023,121,1,весна
Республика Дагестан,2023,январь-июнь,318773.0,6,2023-06-01,False,185468.0,58062.0,507927.0,115047.0,205865.33333333334,118888.66666666667,230079.25,6,2,2023,152,0,лето
Республика Дагестан,2023,январь-июль,551552.0,7,2023-07-01,False,318773.0,113355.0,6554.0,157762.0,351931.0,209721.66666666666,262895.0833333333,7,3,2023,182,0,лето
Республика Дагестан,2023,январь-август,805521.0,8,2023-08-01,False,551552.0,185468.0,31120.0,214995.0,558615.3333333334,338788.5,312105.5833333333,8,3,2023,213,0,лето
Республика Дагестан,2023,январь-сентябрь,974393.0,9,2023-09-01,False,805521.0,318773.0,58062.0,255175.0,777155.3333333334,491510.3333333333,372040.4166666667,9,3,2023,244,0,осень
Республика Дагестан,2024,январь,12518.0,1,2024-01-01,False,974393.0,551552.0,113355.0,444986.0,597477.3333333334,474704.1666666667,336001.4166666667,1,1,2024,1,1,зима
Республика Дагестан,2024,январь-февраль,32945.0,2,2024-02-01,False,12518.0,805521.0,185468.0,466774.0,339952.0,449283.6666666667,299849.0,2,1,2024,32,1,зима
Республика Дагестан,2024,январь-март,58456.0,3,2024-03-01,False,32945.0,974393.0,318773.0,507927.0,34639.666666666664,405897.5,262393.0833333333,3,1,2024,61,1,весна
Республика Дагестан,2024,январь-апрель,141295.0,4,2024-04-01,False,58456.0,12518.0,551552.0,6554.0,77565.33333333333,337521.3333333333,273621.5,4,2,2024,92,0,весна
Республика Дагестан,2024,январь-май,275538.0,5,2024-05-01,False,141295.0,32945.0,805521.0,31120.0,158429.66666666666,249190.83333333334,293989.6666666667,5,2,2024,122,1,весна
Республика Дагестан,2024,январь-июнь,473454.0,6,2024-06-01,False,275538.0,58456.0,974393.0,58062.0,296762.3333333333,165701.0,328605.6666666667,6,2,2024,153,0,лето
Республика Дагестан,2024,январь-июль,803341.0,7,2024-07-01,False,473454.0,141295.0,12518.0,113355.0,517444.3333333333,297504.8333333333,386104.5,7,3,2024,183,0,лето
Республика Дагестан,2024,январь-август,1102458.0,8,2024-08-01,False,803341.0,275538.0,32945.0,185468.0,793084.3333333334,475757.0,462520.3333333333,8,3,2024,214,0,лето
Республика Дагестан,2024,январь-сентябрь,1210580.0,9,2024-09-01,True,1102458.0,473454.0,58456.0,318773.0,1038793.0,667777.6666666666,536837.5833333334,9,3,2024,245,0,осень
Республика Дагестан,2025,январь,26342.0,1,2025-01-01,False,1210580.0,803341.0,141295.0,551552.0,779793.3333333334,648618.8333333334,493070.0833333333,1,1,2025,1,1,зима
Республика Дагестан,2025,январь-февраль,56909.0,2,2025-02-01,False,26342.0,1102458.0,275538.0,805521.0,431277.0,612180.6666666666,430685.75,2,1,2025,32,1,зима
Республика Дагестан,2025,январь-март,89289.0,3,2025-03-01,False,56909.0,1210580.0,473454.0,974393.0,57513.333333333336,548153.1666666666,356927.0833333333,3,1,2025,60,1,весна
Республика Дагестан,2025,январь-апрель,136649.0,4,2025-04-01,False,89289.0,26342.0,803341.0,12518.0,94282.33333333333,437037.8333333333,367271.3333333333,4,2,2025,91,0,весна
Республика Дагестан,2025,январь-май,203500.0,5,2025-05-01,False,136649.0,56909.0,1102458.0,32945.0,143146.0,287211.5,381484.25,5,2,2025,121,1,весна
Республика Дагестан,2025,январь-июнь,344787.0,6,2025-06-01,False,203500.0,89289.0,1210580.0,58456.0,228312.0,142912.66666666666,405345.1666666667,6,2,2025,152,0,лето
Республика Дагестан,2025,январь-июль,493038.0,7,2025-07-01,False,344787.0,136649.0,26342.0,141295.0,347108.3333333333,220695.33333333334,434657.0833333333,7,3,2025,182,0,лето
Республика Дагестан,2025,январь-август,642428.0,8,2025-08-01,False,493038.0,203500.0,56909.0,275538.0,493417.6666666667,318281.8333333333,465231.25,8,3,2025,213,0,лето
Республика Дагестан,2025,январь-сентябрь,703480.0,9,2025-09-01,False,642428.0,344787.0,89289.0,473454.0,612982.0,420647.0,484400.0833333333,9,3,2025,244,0,осень
Республика Ингушетия,2022,январь,13918.0,1,2022-01-01,False,,,,,13918.0,13918.0,13918.0,1,1,2022,1,1,зима
Республика Ингушетия,2022,январь-февраль,26464.0,2,2022-02-01,False,13918.0,,,,20191.0,20191.0,20191.0,2,1,2022,32,1,зима
Республика Ингушетия,2022,январь-март,35853.0,3,2022-03-01,False,26464.0,,,,25411.666666666668,25411.666666666668,25411.666666666668,3,1,2022,60,1,весна
Республика Ингушетия,2022,январь-апрель,37337.0,4,2022-04-01,False,35853.0,13918.0,,,33218.0,28393.0,28393.0,4,2,2022,91,0,весна
Республика Ингушетия,2022,январь-май,42640.0,5,2022-05-01,False,37337.0,26464.0,,,38610.0,31242.4,31242.4,5,2,2022,121,1,весна
Республика Ингушетия,2022,январь-июнь,47898.0,6,2022-06-01,False,42640.0,35853.0,,,42625.0,34018.333333333336,34018.333333333336,6,2,2022,152,0,лето
Республика Ингушетия,2022,январь-июль,53072.0,7,2022-07-01,False,47898.0,37337.0,13918.0,,47870.0,40544.0,36740.28571428572,7,3,2022,182,0,лето
Республика Ингушетия,2022,январь-август,58243.0,8,2022-08-01,False,53072.0,42640.0,26464.0,,53071.0,45840.5,39428.125,8,3,2022,213,0,лето
Республика Ингушетия,2022,январь-сентябрь,62124.0,9,2022-09-01,False,58243.0,47898.0,35853.0,,57813.0,50219.0,41949.88888888889,9,3,2022,244,0,осень
Республика Ингушетия,2022,январь-октябрь*,66838.0,10,2022-10-01,False,62124.0,53072.0,37337.0,,62401.666666666664,55135.833333333336,44438.7,10,4,2022,274,0,осень
Республика Ингушетия,2022,январь-ноябрь*,68811.0,11,2022-11-01,False,66838.0,58243.0,42640.0,,65924.33333333333,59497.666666666664,46654.36363636364,11,4,2022,305,0,осень
Республика Ингушетия,2022,январь-декабрь*,73139.0,12,2022-12-01,False,68811.0,62124.0,47898.0,,69596.0,63704.5,48861.416666666664,12,4,2022,335,1,зима
Республика Ингушетия,2023,январь,2819.0,1,2023-01-01,False,73139.0,66838.0,53072.0,13918.0,48256.333333333336,55329.0,47936.5,1,1,2023,1,1,зима
Республика Ингушетия,2023,январь-февраль,5754.0,2,2023-02-01,False,2819.0,68811.0,58243.0,26464.0,27237.333333333332,46580.833333333336,46210.666666666664,2,1,2023,32,1,зима
Республика Ингушетия,2023,январь-март,8540.0,3,2023-03-01,False,5754.0,73139.0,62124.0,35853.0,5704.333333333333,37650.166666666664,43934.583333333336,3,1,2023,60,1,весна
Республика Ингушетия,2023,январь-апрель,14842.0,4,2023-04-01,False,8540.0,2819.0,66838.0,37337.0,9712.0,28984.166666666668,42060.0,4,2,2023,91,0,весна
Республика Ингушетия,2023,январь-май,24829.0,5,2023-05-01,False,14842.0,5754.0,68811.0,42640.0,16070.333333333334,21653.833333333332,40575.75,5,2,2023,121,1,весна
Республика Ингушетия,2023,январь-июнь,34787.0,6,2023-06-01,False,24829.0,8540.0,73139.0,47898.0,24819.333333333332,15261.833333333334,39483.166666666664,6,2,2023,152,0,лето
Республика Ингушетия,2023,январь-июль,46321.0,7,2023-07-01,False,34787.0,14842.0,2819.0,53072.0,35312.333333333336,22512.166666666668,38920.583333333336,7,3,2023,182,0,лето
Республика Ингушетия,2023,январь-август,58618.0,8,2023-08-01,False,46321.0,24829.0,5754.0,58243.0,46575.333333333336,31322.833333333332,38951.833333333336,8,3,2023,213,0,лето
Республика Ингушетия,2023,январь-сентябрь,67082.0,9,2023-09-01,False,58618.0,34787.0,8540.0,62124.0,57340.333333333336,41079.833333333336,39365.0,9,3,2023,244,0,осень
Республика Ингушетия,2024,январь,4006.0,1,2024-01-01,False,67082.0,46321.0,14842.0,66838.0,43235.333333333336,39273.833333333336,34129.0,1,1,2024,1,1,зима
Республика Ингушетия,2024,январь-февраль,6518.0,2,2024-02-01,False,4006.0,58618.0,24829.0,68811.0,25868.666666666668,36222.0,28937.916666666668,2,1,2024,32,1,зима
Республика Ингушетия,2024,январь-март,9121.0,3,2024-03-01,False,6518.0,67082.0,34787.0,73139.0,6548.333333333333,31944.333333333332,23603.083333333332,3,1,2024,61,1,весна
Республика Ингушетия,2024,январь-апрель,14644.0,4,2024-04-01,False,9121.0,4006.0,46321.0,2819.0,10094.333333333334,26664.833333333332,24588.5,4,2,2024,92,0,весна
Республика Ингушетия,2024,январь-май,20825.0,5,2024-05-01,False,14644.0,6518.0,58618.0,5754.0,14863.333333333334,20366.0,25844.416666666668,5,2,2024,122,1,весна
Республика Ингушетия,2024,январь-июнь,27670.0,6,2024-06-01,False,20825.0,9121.0,67082.0,8540.0,21046.333333333332,13797.333333333334,27438.583333333332,6,2,2024,153,0,лето
Республика Ингушетия,2024,январь-июль,36550.0,7,2024-07-01,False,27670.0,14644.0,4006.0,14842.0,28348.333333333332,19221.333333333332,29247.583333333332,7,3,2024,183,0,лето
Республика Ингушетия,2024,январь-август,45774.0,8,2024-08-01,False,36550.0,20825.0,6518.0,24829.0,36664.666666666664,25764.0,30993.0,8,3,2024,214,0,лето
Республика Ингушетия,2024,январь-сентябрь,52628.0,9,2024-09-01,False,45774.0,27670.0,9121.0,34787.0,44984.0,33015.166666666664,32479.75,9,3,2024,245,0,осень
Республика Ингушетия,2025,январь,5609.0,1,2025-01-01,False,52628.0,36550.0,14644.0,46321.0,34670.333333333336,31509.333333333332,29087.083333333332,1,1,2025,1,1,зима
Республика Ингушетия,2025,январь-февраль,9140.0,2,2025-02-01,False,5609.0,45774.0,20825.0,58618.0,22459.0,29561.833333333332,24963.916666666668,2,1,2025,32,1,зима
Республика Ингушетия,2025,январь-март,13453.0,3,2025-03-01,False,9140.0,52628.0,27670.0,67082.0,9400.666666666666,27192.333333333332,20494.833333333332,3,1,2025,60,1,весна
Республика Ингушетия,2025,январь-апрель,18034.0,4,2025-04-01,False,13453.0,5609.0,36550.0,4006.0,13542.333333333334,24106.333333333332,21663.833333333332,4,2,2025,91,0,весна
Республика Ингушетия,2025,январь-май,23921.0,5,2025-05-01,False,18034.0,9140.0,45774.0,6518.0,18469.333333333332,20464.166666666668,23114.083333333332,5,2,2025,121,1,весна
Республика Ингушетия,2025,январь-июнь,34405.0,6,2025-06-01,False,23921.0,13453.0,52628.0,9121.0,25453.333333333332,17427.0,25221.083333333332,6,2,2025,152,0,лето
Республика Ингушетия,2025,январь-июль,43052.0,7,2025-07-01,False,34405.0,18034.0,5609.0,14644.0,33792.666666666664,23667.5,27588.416666666668,7,3,2025,182,0,лето
Республика Ингушетия,2025,январь-август,53354.0,8,2025-08-01,False,43052.0,23921.0,9140.0,20825.0,43603.666666666664,31036.5,30299.166666666668,8,3,2025,213,0,лето
Республика Ингушетия,2025,январь-сентябрь,70783.0,9,2025-09-01,False,53354.0,34405.0,13453.0,27670.0,55729.666666666664,40591.5,33891.916666666664,9,3,2025,244,0,осень
Республика Калмыкия,2022,январь,1632.0,1,2022-01-01,False,,,,,1632.0,1632.0,1632.0,1,1,2022,1,1,зима
Республика Калмыкия,2022,январь-февраль,4779.0,2,2022-02-01,False,1632.0,,,,3205.5,3205.5,3205.5,2,1,2022,32,1,зима
Республика Калмыкия,2022,январь-март,6923.0,3,2022-03-01,False,4779.0,,,,4444.666666666667,4444.666666666667,4444.666666666667,3,1,2022,60,1,весна
Республика Калмыкия,2022,январь-апрель,16272.0,4,2022-04-01,False,6923.0,1632.0,,,9324.666666666666,7401.5,7401.5,4,2,2022,91,0,весна
Республика Калмыкия,2022,январь-май,24575.0,5,2022-05-01,False,16272.0,4779.0,,,15923.333333333334,10836.2,10836.2,5,2,2022,121,1,весна
Республика Калмыкия,2022,январь-июнь,32149.0,6,2022-06-01,False,24575.0,6923.0,,,24332.0,14388.333333333334,14388.333333333334,6,2,2022,152,0,лето
Республика Калмыкия,2022,январь-июль,52586.0,7,2022-07-01,False,32149.0,16272.0,1632.0,,36436.666666666664,22880.666666666668,19845.14285714286,7,3,2022,182,0,лето
Республика Калмыкия,2022,январь-август,65970.0,8,2022-08-01,False,52586.0,24575.0,4779.0,,50235.0,33079.166666666664,25610.75,8,3,2022,213,0,лето
Республика Калмыкия,2022,январь-сентябрь,75010.0,9,2022-09-01,False,65970.0,32149.0,6923.0,,64522.0,44427.0,31099.555555555555,9,3,2022,244,0,осень
Республика Калмыкия,2022,январь-октябрь*,78848.0,10,2022-10-01,False,75010.0,52586.0,16272.0,,73276.0,54856.333333333336,35874.4,10,4,2022,274,0,осень
Республика Калмыкия,2022,январь-ноябрь*,82351.0,11,2022-11-01,False,78848.0,65970.0,24575.0,,78736.33333333333,64485.666666666664,40099.545454545456,11,4,2022,305,0,осень
Республика Калмыкия,2022,январь-декабрь*,83456.0,12,2022-12-01,False,82351.0,75010.0,32149.0,,81551.66666666667,73036.83333333333,43712.583333333336,12,4,2022,335,1,зима
Республика Калмыкия,2023,январь,7974.0,1,2023-01-01,False,83456.0,78848.0,52586.0,1632.0,57927.0,65601.5,44241.083333333336,1,1,2023,1,1,зима
Республика Калмыкия,2023,январь-февраль,20201.0,2,2023-02-01,False,7974.0,82351.0,65970.0,4779.0,37210.333333333336,57973.333333333336,45526.25,2,1,2023,32,1,зима
Республика Калмыкия,2023,январь-март,36392.0,3,2023-03-01,False,20201.0,83456.0,75010.0,6923.0,21522.333333333332,51537.0,47982.0,3,1,2023,60,1,весна
Республика Калмыкия,2023,январь-апрель,45340.0,4,2023-04-01,False,36392.0,7974.0,78848.0,16272.0,33977.666666666664,45952.333333333336,50404.333333333336,4,2,2023,91,0,весна
Республика Калмыкия,2023,январь-май,52657.0,5,2023-05-01,False,45340.0,20201.0,82351.0,24575.0,44796.333333333336,41003.333333333336,52744.5,5,2,2023,121,1,весна
Республика Калмыкия,2023,январь-июнь,60904.0,6,2023-06-01,False,52657.0,36392.0,83456.0,32149.0,52967.0,37244.666666666664,55140.75,6,2,2023,152,0,лето
Республика Калмыкия,2023,январь-июль,78963.0,7,2023-07-01,False,60904.0,45340.0,7974.0,52586.0,64174.666666666664,49076.166666666664,57338.833333333336,7,3,2023,182,0,лето
Республика Калмыкия,2023,январь-август,100621.0,8,2023-08-01,False,78963.0,52657.0,20201.0,65970.0,80162.66666666667,62479.5,60226.416666666664,8,3,2023,213,0,лето
Республика Калмыкия,2023,январь-сентябрь,109177.0,9,2023-09-01,False,100621.0,60904.0,36392.0,75010.0,96253.66666666667,74610.33333333333,63073.666666666664,9,3,2023,244,0,осень
Республика Калмыкия,2024,январь,2216.0,1,2024-01-01,False,109177.0,78963.0,45340.0,78848.0,70671.33333333333,67423.0,56687.666666666664,1,1,2024,1,1,зима
Республика Калмыкия,2024,январь-февраль,4369.0,2,2024-02-01,False,2216.0,100621.0,52657.0,82351.0,38587.333333333336,59375.0,50189.166666666664,2,1,2024,32,1,зима
Республика Калмыкия,2024,январь-март,7431.0,3,2024-03-01,False,4369.0,109177.0,60904.0,83456.0,4672.0,50462.833333333336,43853.75,3,1,2024,61,1,весна
Республика Калмыкия,2024,январь-апрель,13198.0,4,2024-04-01,False,7431.0,2216.0,78963.0,7974.0,8332.666666666666,39502.0,44289.083333333336,4,2,2024,92,0,весна
Республика Калмыкия,2024,январь-май,16234.0,5,2024-05-01,False,13198.0,4369.0,100621.0,20201.0,12287.666666666666,25437.5,43958.5,5,2,2024,122,1,весна
Республика Калмыкия,2024,январь-июнь,23192.0,6,2024-06-01,False,16234.0,7431.0,109177.0,36392.0,17541.333333333332,11106.666666666666,42858.5,6,2,2024,153,0,лето
Республика Калмыкия,2024,январь-июль,40874.0,7,2024-07-01,False,23192.0,13198.0,2216.0,45340.0,26766.666666666668,17549.666666666668,42486.333333333336,7,3,2024,183,0,лето
Республика Калмыкия,2024,январь-август,59295.0,8,2024-08-01,False,40874.0,16234.0,4369.0,52657.0,41120.333333333336,26704.0,43039.5,8,3,2024,214,0,лето
Республика Калмыкия,2024,январь-сентябрь,66581.0,9,2024-09-01,False,59295.0,23192.0,7431.0,60904.0,55583.333333333336,36562.333333333336,43512.583333333336,9,3,2024,245,0,осень
Республика Калмыкия,2025,январь,2384.0,1,2025-01-01,False,66581.0,40874.0,13198.0,78963.0,42753.333333333336,34760.0,37131.0,1,1,2025,1,1,зима
Республика Калмыкия,2025,январь-февраль,6690.0,2,2025-02-01,False,2384.0,59295.0,16234.0,100621.0,25218.333333333332,33169.333333333336,29303.416666666668,2,1,2025,32,1,зима
Республика Калмыкия,2025,январь-март,11118.0,3,2025-03-01,False,6690.0,66581.0,23192.0,109177.0,6730.666666666667,31157.0,21131.833333333332,3,1,2025,60,1,весна
Республика Калмыкия,2025,январь-апрель,20997.0,4,2025-04-01,False,11118.0,2384.0,40874.0,2216.0,12935.0,27844.166666666668,22696.916666666668,4,2,2025,91,0,весна
Республика Калмыкия,2025,январь-май,28293.0,5,2025-05-01,False,20997.0,6690.0,59295.0,4369.0,20136.0,22677.166666666668,24690.583333333332,5,2,2025,121,1,весна
Республика Калмыкия,2025,январь-июнь,48305.0,6,2025-06-01,False,28293.0,11118.0,66581.0,7431.0,32531.666666666668,19631.166666666668,28096.75,6,2,2025,152,0,лето
Республика Калмыкия,2025,январь-июль,80553.0,7,2025-07-01,False,48305.0,20997.0,2384.0,13198.0,52383.666666666664,32659.333333333332,33709.666666666664,7,3,2025,182,0,лето
Республика Калмыкия,2025,январь-август,97360.0,8,2025-08-01,False,80553.0,28293.0,6690.0,16234.0,75406.0,47771.0,40470.166666666664,8,3,2025,213,0,лето
Республика Калмыкия,2025,январь-сентябрь,106003.0,9,2025-09-01,False,97360.0,48305.0,11118.0,23192.0,94638.66666666667,63585.166666666664,47371.083333333336,9,3,2025,244,0,осень
Республика Карелия,2022,январь,26099.0,1,2022-01-01,False,,,,,26099.0,26099.0,26099.0,1,1,2022,1,1,зима
Республика Карелия,2022,январь-февраль,43474.0,2,2022-02-01,False,26099.0,,,,34786.5,34786.5,34786.5,2,1,2022,32,1,зима
Республика Карелия,2022,январь-март,66914.0,3,2022-03-01,False,43474.0,,,,45495.666666666664,45495.666666666664,45495.666666666664,3,1,2022,60,1,весна
Республика Карелия,2022,январь-апрель,96078.0,4,2022-04-01,False,66914.0,26099.0,,,68822.0,58141.25,58141.25,4,2,2022,91,0,весна
Республика Карелия,2022,январь-май,137412.0,5,2022-05-01,False,96078.0,43474.0,,,100134.66666666667,73995.4,73995.4,5,2,2022,121,1,весна
Республика Карелия,2022,январь-июнь,193807.0,6,2022-06-01,False,137412.0,66914.0,,,142432.33333333334,93964.0,93964.0,6,2,2022,152,0,лето
Республика Карелия,2022,январь-июль,304232.0,7,2022-07-01,False,193807.0,96078.0,26099.0,,211817.0,140319.5,124002.28571428571,7,3,2022,182,0,лето
Республика Карелия,2022,январь-август,414972.0,8,2022-08-01,False,304232.0,137412.0,43474.0,,304337.0,202235.83333333334,160373.5,8,3,2022,213,0,лето
Республика Карелия,2022,январь-сентябрь,487790.0,9,2022-09-01,False,414972.0,193807.0,66914.0,,402331.3333333333,272381.8333333333,196753.11111111112,9,3,2022,244,0,осень
Республика Карелия,2022,январь-октябрь*,531245.0,10,2022-10-01,False,487790.0,304232.0,96078.0,,478002.3333333333,344909.6666666667,230202.3,10,4,2022,274,0,осень
Республика Карелия,2022,январь-ноябрь*,573702.0,11,2022-11-01,False,531245.0,414972.0,137412.0,,530912.3333333334,417624.6666666667,261429.54545454544,11,4,2022,305,0,осень
Республика Карелия,2022,январь-декабрь*,617806.0,12,2022-12-01,False,573702.0,487790.0,193807.0,,574251.0,488291.1666666667,291127.5833333333,12,4,2022,335,1,зима
Республика Карелия,2023,январь,48370.0,1,2023-01-01,False,617806.0,531245.0,304232.0,26099.0,413292.6666666667,445647.5,292983.5,1,1,2023,1,1,зима
Республика Карелия,2023,январь-февраль,95906.0,2,2023-02-01,False,48370.0,573702.0,414972.0,43474.0,254027.33333333334,392469.8333333333,297352.8333333333,2,1,2023,32,1,зима
Республика Карелия,2023,январь-март,145071.0,3,2023-03-01,False,95906.0,617806.0,487790.0,66914.0,96449.0,335350.0,303865.9166666667,3,1,2023,60,1,весна
Республика Карелия,2023,январь-апрель,206702.0,4,2023-04-01,False,145071.0,48370.0,531245.0,96078.0,149226.33333333334,281259.5,313084.5833333333,4,2,2023,91,0,весна
Республика Карелия,2023,январь-май,272062.0,5,2023-05-01,False,206702.0,95906.0,573702.0,137412.0,207945.0,230986.16666666666,324305.4166666667,5,2,2023,121,1,весна
Республика Карелия,2023,январь-июнь,371469.0,6,2023-06-01,False,272062.0,145071.0,617806.0,193807.0,283411.0,189930.0,339110.5833333333,6,2,2023,152,0,лето
Республика Карелия,2023,январь-июль,705714.0,7,2023-07-01,False,371469.0,206702.0,48370.0,304232.0,449748.3333333333,299487.3333333333,372567.4166666667,7,3,2023,182,0,лето
Республика Карелия,2023,январь-август,1041414.0,8,2023-08-01,False,705714.0,272062.0,95906.0,414972.0,706199.0,457072.0,424770.9166666667,8,3,2023,213,0,лето
Республика Карелия,2023,январь-сентябрь,1263685.0,9,2023-09-01,True,1041414.0,371469.0,145071.0,487790.0,1003604.3333333334,643507.6666666666,489428.8333333333,9,3,2023,244,0,осень
Республика Карелия,2024,январь,49553.0,1,2024-01-01,False,1263685.0,705714.0,206702.0,531245.0,784884.0,617316.1666666666,449287.8333333333,1,1,2024,1,1,зима
Республика Карелия,2024,январь-февраль,91974.0,2,2024-02-01,False,49553.0,1041414.0,272062.0,573702.0,468404.0,587301.5,409143.8333333333,2,1,2024,32,1,зима
Республика Карелия,2024,январь-март,145307.0,3,2024-03-01,False,91974.0,1263685.0,371469.0,617806.0,95611.33333333333,549607.8333333334,369768.9166666667,3,1,2024,61,1,весна
Республика Карелия,2024,январь-апрель,205902.0,4,2024-04-01,False,145307.0,49553.0,705714.0,48370.0,147727.66666666666,466305.8333333333,382896.5833333333,4,2,2024,92,0,весна
Республика Карелия,2024,январь-май,280077.0,5,2024-05-01,False,205902.0,91974.0,1041414.0,95906.0,210428.66666666666,339416.3333333333,398244.1666666667,5,2,2024,122,1,весна
Республика Карелия,2024,январь-июнь,385704.0,6,2024-06-01,False,280077.0,145307.0,1263685.0,145071.0,290561.0,193086.16666666666,418296.9166666667,6,2,2024,153,0,лето
Республика Карелия,2024,январь-июль,575022.0,7,2024-07-01,False,385704.0,205902.0,49553.0,206702.0,413601.0,280664.3333333333,448990.25,7,3,2024,183,0,лето
Республика Карелия,2024,январь-август,756949.0,8,2024-08-01,False,575022.0,280077.0,91974.0,272062.0,572558.3333333334,391493.5,489397.5,8,3,2024,214,0,лето
Республика Карелия,2024,январь-сентябрь,870896.0,9,2024-09-01,False,756949.0,385704.0,145307.0,371469.0,734289.0,512425.0,531016.4166666666,9,3,2024,245,0,осень
Республика Карелия,2025,январь,50318.0,1,2025-01-01,False,870896.0,575022.0,205902.0,705714.0,559387.6666666666,486494.3333333333,476400.0833333333,1,1,2025,1,1,зима
Республика Карелия,2025,январь-февраль,96727.0,2,2025-02-01,False,50318.0,756949.0,280077.0,1041414.0,339313.6666666667,455936.0,397676.1666666667,2,1,2025,32,1,зима
Республика Карелия,2025,январь-март,157334.0,3,2025-03-01,False,96727.0,870896.0,385704.0,1263685.0,101459.66666666667,417874.3333333333,305480.25,3,1,2025,60,1,весна
Республика Карелия,2025,январь-апрель,256435.0,4,2025-04-01,False,157334.0,50318.0,575022.0,49553.0,170165.33333333334,364776.5,322720.4166666667,4,2,2025,91,0,весна
Республика Карелия,2025,январь-май,372532.0,5,2025-05-01,False,256435.0,96727.0,756949.0,91974.0,262100.33333333334,300707.0,346100.25,5,2,2025,121,1,весна
Республика Карелия,2025,январь-июнь,536160.0,6,2025-06-01,False,372532.0,157334.0,870896.0,145307.0,388375.6666666667,244917.66666666666,378671.3333333333,6,2,2025,152,0,лето
Республика Карелия,2025,январь-июль,829705.0,7,2025-07-01,False,536160.0,256435.0,50318.0,205902.0,579465.6666666666,374815.5,430654.9166666667,7,3,2025,182,0,лето
Республика Карелия,2025,январь-август,1127041.0,8,2025-08-01,False,829705.0,372532.0,96727.0,280077.0,830968.6666666666,546534.5,501235.25,8,3,2025,213,0,лето
Республика Карелия,2025,январь-сентябрь,1307249.0,9,2025-09-01,True,1127041.0,536160.0,157334.0,385704.0,1087998.3333333333,738187.0,578030.6666666666,9,3,2025,244,0,осень
Республика Коми,2022,январь,27720.0,1,2022-01-01,False,,,,,27720.0,27720.0,27720.0,1,1,2022,1,1,зима
Республика Коми,2022,январь-февраль,47213.0,2,2022-02-01,False,27720.0,,,,37466.5,37466.5,37466.5,2,1,2022,32,1,зима
Республика Коми,2022,январь-март,72414.0,3,2022-03-01,False,47213.0,,,,49115.666666666664,49115.666666666664,49115.666666666664,3,1,2022,60,1,весна
Республика Коми,2022,январь-апрель,112908.0,4,2022-04-01,False,72414.0,27720.0,,,77511.66666666667,65063.75,65063.75,4,2,2022,91,0,весна
Республика Коми,2022,январь-май,164572.0,5,2022-05-01,False,112908.0,47213.0,,,116631.33333333333,84965.4,84965.4,5,2,2022,121,1,весна
Республика Коми,2022,январь-июнь,229626.0,6,2022-06-01,False,164572.0,72414.0,,,169035.33333333334,109075.5,109075.5,6,2,2022,152,0,лето
Республика Коми,2022,январь-июль,274908.0,7,2022-07-01,False,229626.0,112908.0,27720.0,,223035.33333333334,150273.5,132765.85714285713,7,3,2022,182,0,лето
Республика Коми,2022,январь-август,320396.0,8,2022-08-01,False,274908.0,164572.0,47213.0,,274976.6666666667,195804.0,156219.625,8,3,2022,213,0,лето
Республика Коми,2022,январь-сентябрь,367869.0,9,2022-09-01,False,320396.0,229626.0,72414.0,,321057.6666666667,245046.5,179736.22222222222,9,3,2022,244,0,осень
Республика Коми,2022,январь-октябрь*,382972.0,10,2022-10-01,False,367869.0,274908.0,112908.0,,357079.0,290057.1666666667,200059.8,10,4,2022,274,0,осень
Республика Коми,2022,январь-ноябрь*,410011.0,11,2022-11-01,True,382972.0,320396.0,164572.0,,386950.6666666667,330963.6666666667,219146.27272727274,11,4,2022,305,0,осень
Республика Коми,2022,январь-декабрь*,435112.0,12,2022-12-01,True,410011.0,367869.0,229626.0,,409365.0,365211.3333333333,237143.41666666666,12,4,2022,335,1,зима
Республика Коми,2023,январь,23049.0,1,2023-01-01,False,435112.0,382972.0,274908.0,27720.0,289390.6666666667,323234.8333333333,236754.16666666666,1,1,2023,1,1,зима
Республика Коми,2023,январь-февраль,45623.0,2,2023-02-01,False,23049.0,410011.0,320396.0,47213.0,167928.0,277439.3333333333,236621.66666666666,2,1,2023,32,1,зима
Республика Коми,2023,январь-март,69853.0,3,2023-03-01,False,45623.0,435112.0,367869.0,72414.0,46175.0,227770.0,236408.25,3,1,2023,60,1,весна
Республика Коми,2023,январь-апрель,90531.0,4,2023-04-01,False,69853.0,23049.0,382972.0,112908.0,68669.0,179029.83333333334,234543.5,4,2,2023,91,0,весна
Республика Коми,2023,январь-май,109482.0,5,2023-05-01,False,90531.0,45623.0,410011.0,164572.0,89955.33333333333,128941.66666666667,229952.66666666666,5,2,2023,121,1,весна
Республика Коми,2023,январь-июнь,133455.0,6,2023-06-01,False,109482.0,69853.0,435112.0,229626.0,111156.0,78665.5,221938.41666666666,6,2,2023,152,0,лето
Республика Коми,2023,январь-июль,158642.0,7,2023-07-01,False,133455.0,90531.0,23049.0,274908.0,133859.66666666666,101264.33333333333,212249.58333333334,7,3,2023,182,0,лето
Республика Коми,2023,январь-август,187065.0,8,2023-08-01,False,158642.0,109482.0,45623.0,320396.0,159720.66666666666,124838.0,201138.66666666666,8,3,2023,213,0,лето
Республика Коми,2023,январь-сентябрь,216823.0,9,2023-09-01,False,187065.0,133455.0,69853.0,367869.0,187510.0,149333.0,188551.5,9,3,2023,244,0,осень
Республика Коми,2024,январь,22198.0,1,2024-01-01,False,216823.0,158642.0,90531.0,382972.0,142028.66666666666,137944.16666666666,158487.0,1,1,2024,1,1,зима
Республика Коми,2024,январь-февраль,45369.0,2,2024-02-01,False,22198.0,187065.0,109482.0,410011.0,94796.66666666667,127258.66666666667,128100.16666666667,2,1,2024,32,1,зима
Республика Коми,2024,январь-март,73830.0,3,2024-03-01,False,45369.0,216823.0,133455.0,435112.0,47132.333333333336,117321.16666666667,97993.33333333333,3,1,2024,61,1,весна
Республика Коми,2024,январь-апрель,102512.0,4,2024-04-01,False,73830.0,22198.0,158642.0,23049.0,73903.66666666667,107966.16666666667,104615.25,4,2,2024,92,0,весна
Республика Коми,2024,январь-май,128598.0,5,2024-05-01,False,102512.0,45369.0,187065.0,45623.0,101646.66666666667,98221.66666666667,111529.83333333333,5,2,2024,122,1,весна
Республика Коми,2024,январь-июнь,165162.0,6,2024-06-01,False,128598.0,73830.0,216823.0,69853.0,132090.66666666666,89611.5,119472.25,6,2,2024,153,0,лето
Республика Коми,2024,январь-июль,195565.0,7,2024-07-01,False,165162.0,102512.0,22198.0,90531.0,163108.33333333334,118506.0,128225.08333333333,7,3,2024,183,0,лето
Республика Коми,2024,январь-август,226557.0,8,2024-08-01,False,195565.0,128598.0,45369.0,109482.0,195761.33333333334,148704.0,137981.33333333334,8,3,2024,214,0,лето
Республика Коми,2024,январь-сентябрь,251547.0,9,2024-09-01,False,226557.0,165162.0,73830.0,133455.0,224556.33333333334,178323.5,147822.33333333334,9,3,2024,245,0,осень
Республика Коми,2025,январь,21835.0,1,2025-01-01,False,251547.0,195565.0,102512.0,158642.0,166646.33333333334,164877.33333333334,136421.75,1,1,2025,1,1,зима
Республика Коми,2025,январь-февраль,46355.0,2,2025-02-01,False,21835.0,226557.0,128598.0,187065.0,106579.0,151170.16666666666,124695.91666666667,2,1,2025,32,1,зима
Республика Коми,2025,январь-март,71568.0,3,2025-03-01,False,46355.0,251547.0,165162.0,216823.0,46586.0,135571.16666666666,112591.33333333333,3,1,2025,60,1,весна
Республика Коми,2025,январь-апрель,87632.0,4,2025-04-01,False,71568.0,21835.0,195565.0,22198.0,68518.33333333333,117582.33333333333,118044.16666666667,4,2,2025,91,0,весна
Республика Коми,2025,январь-май,103479.0,5,2025-05-01,False,87632.0,46355.0,226557.0,45369.0,87559.66666666667,97069.33333333333,122886.66666666667,5,2,2025,121,1,весна
Республика Коми,2025,январь-июнь,124561.0,6,2025-06-01,False,103479.0,71568.0,251547.0,73830.0,105224.0,75905.0,127114.25,6,2,2025,152,0,лето
Республика Коми,2025,январь-июль,151044.0,7,2025-07-01,False,124561.0,87632.0,21835.0,102512.0,126361.33333333333,97439.83333333333,131158.58333333334,7,3,2025,182,0,лето
Республика Коми,2025,январь-август,173643.0,8,2025-08-01,False,151044.0,103479.0,46355.0,128598.0,149749.33333333334,118654.5,134912.33333333334,8,3,2025,213,0,лето
Республика Коми,2025,январь-сентябрь,192749.0,9,2025-09-01,False,173643.0,124561.0,71568.0,165162.0,172478.66666666666,138851.33333333334,137211.25,9,3,2025,244,0,осень
Республика Крым,2022,январь,117609.0,1,2022-01-01,False,,,,,117609.0,117609.0,117609.0,1,1,2022,1,1,зима
Республика Крым,2022,январь-февраль,213965.0,2,2022-02-01,False,117609.0,,,,165787.0,165787.0,165787.0,2,1,2022,32,1,зима
Республика Крым,2022,январь-март,308715.0,3,2022-03-01,False,213965.0,,,,213429.66666666666,213429.66666666666,213429.66666666666,3,1,2022,60,1,весна
Республика Крым,2022,январь-апрель,587730.0,4,2022-04-01,False,308715.0,117609.0,,,370136.6666666667,307004.75,307004.75,4,2,2022,91,0,весна
Республика Крым,2022,январь-май,959410.0,5,2022-05-01,False,587730.0,213965.0,,,618618.3333333334,437485.8,437485.8,5,2,2022,121,1,весна
Республика Крым,2022,январь-июнь,1330332.0,6,2022-06-01,False,959410.0,308715.0,,,959157.3333333334,586293.5,586293.5,6,2,2022,152,0,лето
Республика Крым,2022,январь-июль,2194972.0,7,2022-07-01,False,1330332.0,587730.0,117609.0,,1494904.6666666667,932520.6666666666,816104.7142857143,7,3,2022,182,0,лето
Республика Крым,2022,январь-август,3053351.0,8,2022-08-01,False,2194972.0,959410.0,213965.0,,2192885.0,1405751.6666666667,1095760.5,8,3,2022,213,0,лето
Республика Крым,2022,январь-сентябрь,3620617.0,9,2022-09-01,False,3053351.0,1330332.0,308715.0,,2956313.3333333335,1957735.3333333333,1376300.111111111,9,3,2022,244,0,осень
Республика Крым,2022,январь-октябрь*,3786397.0,10,2022-10-01,False,3620617.0,2194972.0,587730.0,,3486788.3333333335,2490846.5,1617309.8,10,4,2022,274,0,осень
Республика Крым,2022,январь-ноябрь*,4060379.0,11,2022-11-01,False,3786397.0,3053351.0,959410.0,,3822464.3333333335,3007674.6666666665,1839407.0,11,4,2022,305,0,осень
Республика Крым,2022,январь-декабрь*,4204981.0,12,2022-12-01,False,4060379.0,3620617.0,1330332.0,,4017252.3333333335,3486782.8333333335,2036538.1666666667,12,4,2022,335,1,зима
Республика Крым,2023,январь,127732.0,1,2023-01-01,False,4204981.0,3786397.0,2194972.0,117609.0,2797697.3333333335,3142242.8333333335,2037381.75,1,1,2023,1,1,зима
Республика Крым,2023,январь-февраль,246769.0,2,2023-02-01,False,127732.0,4060379.0,3053351.0,213965.0,1526494.0,2674479.1666666665,2040115.4166666667,2,1,2023,32,1,зима
Республика Крым,2023,январь-март,401741.0,3,2023-03-01,False,246769.0,4204981.0,3620617.0,308715.0,258747.33333333334,2137999.8333333335,2047867.5833333333,3,1,2023,60,1,весна
Республика Крым,2023,январь-апрель,752544.0,4,2023-04-01,False,401741.0,127732.0,3786397.0,587730.0,467018.0,1632357.6666666667,2061602.0833333333,4,2,2023,91,0,весна
Республика Крым,2023,январь-май,1156033.0,5,2023-05-01,False,752544.0,246769.0,4060379.0,959410.0,770106.0,1148300.0,2077987.3333333333,5,2,2023,121,1,весна
Республика Крым,2023,январь-июнь,1675039.0,6,2023-06-01,False,1156033.0,401741.0,4204981.0,1330332.0,1194538.6666666667,726643.0,2106712.9166666665,6,2,2023,152,0,лето
Республика Крым,2023,январь-июль,2897626.0,7,2023-07-01,False,1675039.0,752544.0,127732.0,2194972.0,1909566.0,1188292.0,2165267.4166666665,7,3,2023,182,0,лето
Республика Крым,2023,январь-август,4178202.0,8,2023-08-01,False,2897626.0,1156033.0,246769.0,3053351.0,2916955.6666666665,1843530.8333333333,2259005.0,8,3,2023,213,0,лето
Республика Крым,2023,январь-сентябрь,5186208.0,9,2023-09-01,False,4178202.0,1675039.0,401741.0,3620617.0,4087345.3333333335,2640942.0,2389470.9166666665,9,3,2023,244,0,осень
Республика Крым,2024,январь,150163.0,1,2024-01-01,False,5186208.0,2897626.0,752544.0,3786397.0,3171524.3333333335,2540545.1666666665,2086451.4166666667,1,1,2024,1,1,зима
Республика Крым,2024,январь-февраль,298740.0,2,2024-02-01,False,150163.0,4178202.0,1156033.0,4060379.0,1878370.3333333333,2397663.0,1772981.5,2,1,2024,32,1,зима
Республика Крым,2024,январь-март,482774.0,3,2024-03-01,False,298740.0,5186208.0,1675039.0,4204981.0,310559.0,2198952.1666666665,1462797.5833333333,3,1,2024,61,1,весна
Республика Крым,2024,январь-апрель,706975.0,4,2024-04-01,False,482774.0,150163.0,2897626.0,127732.0,496163.0,1833843.6666666667,1511067.8333333333,4,2,2024,92,0,весна
Республика Крым,2024,январь-май,950826.0,5,2024-05-01,False,706975.0,298740.0,4178202.0,246769.0,713525.0,1295947.6666666667,1569739.25,5,2,2024,122,1,весна
Республика Крым,2024,январь-июнь,1271095.0,6,2024-06-01,False,950826.0,482774.0,5186208.0,401741.0,976298.6666666666,643428.8333333334,1642185.4166666667,6,2,2024,153,0,лето
Республика Крым,2024,январь-июль,1920889.0,7,2024-07-01,False,1271095.0,706975.0,150163.0,752544.0,1380936.6666666667,938549.8333333334,1739547.5,7,3,2024,183,0,лето
Республика Крым,2024,январь-август,2606365.0,8,2024-08-01,False,1920889.0,950826.0,298740.0,1156033.0,1932783.0,1323154.0,1860408.5,8,3,2024,214,0,лето
Республика Крым,2024,январь-сентябрь,3167577.0,9,2024-09-01,False,2606365.0,1271095.0,482774.0,1675039.0,2564943.6666666665,1770621.1666666667,1984786.6666666667,9,3,2024,245,0,осень
Республика Крым,2025,январь,176917.0,1,2025-01-01,False,3167577.0,1920889.0,706975.0,2897626.0,1983619.6666666667,1682278.1666666667,1758060.9166666667,1,1,2025,1,1,зима
Республика Крым,2025,январь-февраль,337591.0,2,2025-02-01,False,176917.0,2606365.0,950826.0,4178202.0,1227361.6666666667,1580072.3333333333,1438010.0,2,1,2025,32,1,зима
Республика Крым,2025,январь-март,554161.0,3,2025-03-01,False,337591.0,3167577.0,1271095.0,5186208.0,356223.0,1460583.3333333333,1052006.0833333333,3,1,2025,60,1,весна
Республика Крым,2025,январь-апрель,894464.0,4,2025-04-01,False,554161.0,176917.0,1920889.0,150163.0,595405.3333333334,1289512.5,1114031.1666666667,4,2,2025,91,0,весна
Республика Крым,2025,январь-май,1269525.0,5,2025-05-01,False,894464.0,337591.0,2606365.0,298740.0,906050.0,1066705.8333333333,1194929.9166666667,5,2,2025,121,1,весна
Республика Крым,2025,январь-июнь,1731422.0,6,2025-06-01,False,1269525.0,554161.0,3167577.0,482774.0,1298470.3333333333,827346.6666666666,1298983.9166666667,6,2,2025,152,0,лето
Республика Крым,2025,январь-июль,2419381.0,7,2025-07-01,False,1731422.0,894464.0,176917.0,706975.0,1806776.0,1201090.6666666667,1441684.4166666667,7,3,2025,182,0,лето
Республика Крым,2025,январь-август,3136576.0,8,2025-08-01,False,2419381.0,1269525.0,337591.0,950826.0,2429126.3333333335,1667588.1666666667,1623830.25,8,3,2025,213,0,лето
Республика Крым,2025,январь-сентябрь,3730502.0,9,2025-09-01,False,3136576.0,1731422.0,554161.0,1271095.0,3095486.3333333335,2196978.3333333335,1828780.8333333333,9,3,2025,244,0,осень
Республика Марий Эл,2022,январь,15987.0,1,2022-01-01,False,,,,,15987.0,15987.0,15987.0,1,1,2022,1,1,зима
Республика Марий Эл,2022,январь-февраль,23235.0,2,2022-02-01,False,15987.0,,,,19611.0,19611.0,19611.0,2,1,2022,32,1,зима
Республика Марий Эл,2022,январь-март,31526.0,3,2022-03-01,False,23235.0,,,,23582.666666666668,23582.666666666668,23582.666666666668,3,1,2022,60,1,весна
Республика Марий Эл,2022,январь-апрель,44858.0,4,2022-04-01,False,31526.0,15987.0,,,33206.333333333336,28901.5,28901.5,4,2,2022,91,0,весна
Республика Марий Эл,2022,январь-май,67329.0,5,2022-05-01,False,44858.0,23235.0,,,47904.333333333336,36587.0,36587.0,5,2,2022,121,1,весна
Республика Марий Эл,2022,январь-июнь,106339.0,6,2022-06-01,False,67329.0,31526.0,,,72842.0,48212.333333333336,48212.333333333336,6,2,2022,152,0,лето
Республика Марий Эл,2022,январь-июль,182735.0,7,2022-07-01,False,106339.0,44858.0,15987.0,,118801.0,76003.66666666667,67429.85714285714,7,3,2022,182,0,лето
Республика Марий Эл,2022,январь-август,247344.0,8,2022-08-01,False,182735.0,67329.0,23235.0,,178806.0,113355.16666666667,89919.125,8,3,2022,213,0,лето
Республика Марий Эл,2022,январь-сентябрь,288415.0,9,2022-09-01,False,247344.0,106339.0,31526.0,,239498.0,156170.0,111974.22222222222,9,3,2022,244,0,осень
Республика Марий Эл,2022,январь-октябрь*,301416.0,10,2022-10-01,False,288415.0,182735.0,44858.0,,279058.3333333333,198929.66666666666,130918.4,10,4,2022,274,0,осень
Республика Марий Эл,2022,январь-ноябрь*,316943.0,11,2022-11-01,False,301416.0,247344.0,67329.0,,302258.0,240532.0,147829.72727272726,11,4,2022,305,0,осень
Республика Марий Эл,2022,январь-декабрь*,332587.0,12,2022-12-01,False,316943.0,288415.0,106339.0,,316982.0,278240.0,163226.16666666666,12,4,2022,335,1,зима
Республика Марий Эл,2023,январь,28026.0,1,2023-01-01,False,332587.0,301416.0,182735.0,15987.0,225852.0,252455.16666666666,164229.41666666666,1,1,2023,1,1,зима
Республика Марий Эл,2023,январь-февраль,53331.0,2,2023-02-01,False,28026.0,316943.0,247344.0,23235.0,137981.33333333334,220119.66666666666,166737.41666666666,2,1,2023,32,1,зима
Республика Марий Эл,2023,январь-март,70429.0,3,2023-03-01,False,53331.0,332587.0,288415.0,31526.0,50595.333333333336,183788.66666666666,169979.33333333334,3,1,2023,60,1,весна
Республика Марий Эл,2023,январь-апрель,80553.0,4,2023-04-01,False,70429.0,28026.0,301416.0,44858.0,68104.33333333333,146978.16666666666,172953.91666666666,4,2,2023,91,0,весна
Республика Марий Эл,2023,январь-май,97328.0,5,2023-05-01,False,80553.0,53331.0,316943.0,67329.0,82770.0,110375.66666666667,175453.83333333334,5,2,2023,121,1,весна
Республика Марий Эл,2023,январь-июнь,131617.0,6,2023-06-01,False,97328.0,70429.0,332587.0,106339.0,103166.0,76880.66666666667,177560.33333333334,6,2,2023,152,0,лето
Республика Марий Эл,2023,январь-июль,181947.0,7,2023-07-01,False,131617.0,80553.0,28026.0,182735.0,136964.0,102534.16666666667,177494.66666666666,7,3,2023,182,0,лето
Республика Марий Эл,2023,январь-август,224175.0,8,2023-08-01,False,181947.0,97328.0,53331.0,247344.0,179246.33333333334,131008.16666666667,175563.91666666666,8,3,2023,213,0,лето
Республика Марий Эл,2023,январь-сентябрь,234422.0,9,2023-09-01,False,224175.0,131617.0,70429.0,288415.0,213514.66666666666,158340.33333333334,171064.5,9,3,2023,244,0,осень
Республика Марий Эл,2024,январь,13407.0,1,2024-01-01,False,234422.0,181947.0,80553.0,301416.0,157334.66666666666,147149.33333333334,147063.75,1,1,2024,1,1,зима
Республика Марий Эл,2024,январь-февраль,25262.0,2,2024-02-01,False,13407.0,224175.0,97328.0,316943.0,91030.33333333333,135138.33333333334,122757.0,2,1,2024,32,1,зима
Республика Марий Эл,2024,январь-март,36096.0,3,2024-03-01,False,25262.0,234422.0,131617.0,332587.0,24921.666666666668,119218.16666666667,98049.41666666667,3,1,2024,61,1,весна
Республика Марий Эл,2024,январь-апрель,47007.0,4,2024-04-01,False,36096.0,13407.0,181947.0,28026.0,36121.666666666664,96728.16666666667,99631.16666666667,4,2,2024,92,0,весна
Республика Марий Эл,2024,январь-май,68552.0,5,2024-05-01,False,47007.0,25262.0,224175.0,53331.0,50551.666666666664,70791.0,100899.58333333333,5,2,2024,122,1,весна
Республика Марий Эл,2024,январь-июнь,109086.0,6,2024-06-01,False,68552.0,36096.0,234422.0,70429.0,74881.66666666667,49901.666666666664,104121.0,6,2,2024,153,0,лето
Республика Марий Эл,2024,январь-июль,157540.0,7,2024-07-01,False,109086.0,47007.0,13407.0,80553.0,111726.0,73923.83333333333,110536.58333333333,7,3,2024,183,0,лето
Республика Марий Эл,2024,январь-август,201216.0,8,2024-08-01,False,157540.0,68552.0,25262.0,97328.0,155947.33333333334,103249.5,119193.91666666667,8,3,2024,214,0,лето
Республика Марий Эл,2024,январь-сентябрь,214270.0,9,2024-09-01,False,201216.0,109086.0,36096.0,131617.0,191008.66666666666,132945.16666666666,126081.66666666667,9,3,2024,245,0,осень
Республика Марий Эл,2025,январь,20197.0,1,2025-01-01,False,214270.0,157540.0,47007.0,181947.0,145227.66666666666,128476.83333333333,112602.5,1,1,2025,1,1,зима
Республика Марий Эл,2025,январь-февраль,35652.0,2,2025-02-01,False,20197.0,201216.0,68552.0,224175.0,90039.66666666667,122993.5,96892.25,2,1,2025,32,1,зима
Республика Марий Эл,2025,январь-март,46236.0,3,2025-03-01,False,35652.0,214270.0,109086.0,234422.0,34028.333333333336,112518.5,81210.08333333333,3,1,2025,60,1,весна
Республика Марий Эл,2025,январь-апрель,55552.0,4,2025-04-01,False,46236.0,20197.0,157540.0,13407.0,45813.333333333336,95520.5,84722.16666666667,4,2,2025,91,0,весна
Республика Марий Эл,2025,январь-май,72626.0,5,2025-05-01,False,55552.0,35652.0,201216.0,25262.0,58138.0,74088.83333333333,88669.16666666667,5,2,2025,121,1,весна
Республика Марий Эл,2025,январь-июнь,114039.0,6,2025-06-01,False,72626.0,46236.0,214270.0,36096.0,80739.0,57383.666666666664,95164.41666666667,6,2,2025,152,0,лето
Республика Марий Эл,2025,январь-июль,191198.0,7,2025-07-01,False,114039.0,55552.0,20197.0,47007.0,125954.33333333333,85883.83333333333,107180.33333333333,7,3,2025,182,0,лето
Республика Марий Эл,2025,январь-август,258417.0,8,2025-08-01,False,191198.0,72626.0,35652.0,68552.0,187884.66666666666,123011.33333333333,123002.41666666667,8,3,2025,213,0,лето
Республика Марий Эл,2025,январь-сентябрь,276529.0,9,2025-09-01,False,258417.0,114039.0,46236.0,109086.0,242048.0,161393.5,136956.0,9,3,2025,244,0,осень
Республика Мордовия,2022,январь,12893.0,1,2022-01-01,False,,,,,12893.0,12893.0,12893.0,1,1,2022,1,1,зима
Республика Мордовия,2022,январь-февраль,23116.0,2,2022-02-01,False,12893.0,,,,18004.5,18004.5,18004.5,2,1,2022,32,1,зима
Республика Мордовия,2022,январь-март,37014.0,3,2022-03-01,False,23116.0,,,,24341.0,24341.0,24341.0,3,1,2022,60,1,весна
Республика Мордовия,2022,январь-апрель,56920.0,4,2022-04-01,False,37014.0,12893.0,,,39016.666666666664,32485.75,32485.75,4,2,2022,91,0,весна
Республика Мордовия,2022,январь-май,80608.0,5,2022-05-01,False,56920.0,23116.0,,,58180.666666666664,42110.2,42110.2,5,2,2022,121,1,весна
Республика Мордовия,2022,январь-июнь,110660.0,6,2022-06-01,False,80608.0,37014.0,,,82729.33333333333,53535.166666666664,53535.166666666664,6,2,2022,152,0,лето
Республика Мордовия,2022,январь-июль,131407.0,7,2022-07-01,False,110660.0,56920.0,12893.0,,107558.33333333333,73287.5,64659.71428571428,7,3,2022,182,0,лето
Республика Мордовия,2022,январь-август,150243.0,8,2022-08-01,False,131407.0,80608.0,23116.0,,130770.0,94475.33333333333,75357.625,8,3,2022,213,0,лето
Республика Мордовия,2022,январь-сентябрь,160838.0,9,2022-09-01,False,150243.0,110660.0,37014.0,,147496.0,115112.66666666667,84855.44444444444,9,3,2022,244,0,осень
Республика Мордовия,2022,январь-октябрь*,169548.0,10,2022-10-01,False,160838.0,131407.0,56920.0,,160209.66666666666,133884.0,93324.7,10,4,2022,274,0,осень
Республика Мордовия,2022,январь-ноябрь*,181944.0,11,2022-11-01,False,169548.0,150243.0,80608.0,,170776.66666666666,150773.33333333334,101381.0,11,4,2022,305,0,осень
Республика Мордовия,2022,январь-декабрь*,190577.0,12,2022-12-01,False,181944.0,160838.0,110660.0,,180689.66666666666,164092.83333333334,108814.0,12,4,2022,335,1,зима
Республика Мордовия,2023,январь,19983.0,1,2023-01-01,False,190577.0,169548.0,131407.0,12893.0,130834.66666666667,145522.16666666666,109404.83333333333,1,1,2023,1,1,зима
Республика Мордовия,2023,январь-февраль,41559.0,2,2023-02-01,False,19983.0,181944.0,150243.0,23116.0,84039.66666666667,127408.16666666667,110941.75,2,1,2023,32,1,зима
Республика Мордовия,2023,январь-март,60523.0,3,2023-03-01,False,41559.0,190577.0,160838.0,37014.0,40688.333333333336,110689.0,112900.83333333333,3,1,2023,60,1,весна
Республика Мордовия,2023,январь-апрель,79467.0,4,2023-04-01,False,60523.0,19983.0,169548.0,56920.0,60516.333333333336,95675.5,114779.75,4,2,2023,91,0,весна
Республика Мордовия,2023,январь-май,105305.0,5,2023-05-01,False,79467.0,41559.0,181944.0,80608.0,81765.0,82902.33333333333,116837.83333333333,5,2,2023,121,1,весна
Республика Мордовия,2023,январь-июнь,127294.0,6,2023-06-01,False,105305.0,60523.0,190577.0,110660.0,104022.0,72355.16666666667,118224.0,6,2,2023,152,0,лето
Республика Мордовия,2023,январь-июль,171822.0,7,2023-07-01,False,127294.0,79467.0,19983.0,131407.0,134807.0,97661.66666666667,121591.91666666667,7,3,2023,182,0,лето
Республика Мордовия,2023,январь-август,231935.0,8,2023-08-01,False,171822.0,105305.0,41559.0,150243.0,177017.0,129391.0,128399.58333333333,8,3,2023,213,0,лето
Республика Мордовия,2023,январь-сентябрь,269332.0,9,2023-09-01,False,231935.0,127294.0,60523.0,160838.0,224363.0,164192.5,137440.75,9,3,2023,244,0,осень
Республика Мордовия,2024,январь,14599.0,1,2024-01-01,False,269332.0,171822.0,79467.0,169548.0,171955.33333333334,153381.16666666666,124528.33333333333,1,1,2024,1,1,зима
Республика Мордовия,2024,январь-февраль,31416.0,2,2024-02-01,False,14599.0,231935.0,105305.0,181944.0,105115.66666666667,141066.33333333334,111984.33333333333,2,1,2024,32,1,зима
Республика Мордовия,2024,январь-март,45529.0,3,2024-03-01,False,31416.0,269332.0,127294.0,190577.0,30514.666666666668,127438.83333333333,99897.0,3,1,2024,61,1,весна
Республика Мордовия,2024,январь-апрель,59007.0,4,2024-04-01,False,45529.0,14599.0,171822.0,19983.0,45317.333333333336,108636.33333333333,103149.0,4,2,2024,92,0,весна
Республика Мордовия,2024,январь-май,74017.0,5,2024-05-01,False,59007.0,31416.0,231935.0,41559.0,59517.666666666664,82316.66666666667,105853.83333333333,5,2,2024,122,1,весна
Республика Мордовия,2024,январь-июнь,94684.0,6,2024-06-01,False,74017.0,45529.0,269332.0,60523.0,75902.66666666667,53208.666666666664,108700.58333333333,6,2,2024,153,0,лето
Республика Мордовия,2024,январь-июль,136090.0,7,2024-07-01,False,94684.0,59007.0,14599.0,79467.0,101597.0,73457.16666666667,113419.16666666667,7,3,2024,183,0,лето
Республика Мордовия,2024,январь-август,175202.0,8,2024-08-01,False,136090.0,74017.0,31416.0,105305.0,135325.33333333334,97421.5,119243.91666666667,8,3,2024,214,0,лето
Республика Мордовия,2024,январь-сентябрь,202087.0,9,2024-09-01,False,175202.0,94684.0,45529.0,127294.0,171126.33333333334,123514.5,125476.66666666667,9,3,2024,245,0,осень
Республика Мордовия,2025,январь,15269.0,1,2025-01-01,False,202087.0,136090.0,59007.0,171822.0,130852.66666666667,116224.83333333333,112430.58333333333,1,1,2025,1,1,зима
Республика Мордовия,2025,январь-февраль,33284.0,2,2025-02-01,False,15269.0,175202.0,74017.0,231935.0,83546.66666666667,109436.0,95876.33333333333,2,1,2025,32,1,зима
Республика Мордовия,2025,январь-март,48290.0,3,2025-03-01,False,33284.0,202087.0,94684.0,269332.0,32281.0,101703.66666666667,77456.16666666667,3,1,2025,60,1,весна
Республика Мордовия,2025,январь-апрель,66330.0,4,2025-04-01,False,48290.0,15269.0,136090.0,14599.0,49301.333333333336,90077.0,81767.08333333333,4,2,2025,91,0,весна
Республика Мордовия,2025,январь-май,86005.0,5,2025-05-01,False,66330.0,33284.0,175202.0,31416.0,66875.0,75210.83333333333,86316.16666666667,5,2,2025,121,1,весна
Республика Мордовия,2025,январь-июнь,119115.0,6,2025-06-01,False,86005.0,48290.0,202087.0,45529.0,90483.33333333333,61382.166666666664,92448.33333333333,6,2,2025,152,0,лето
Республика Мордовия,2025,январь-июль,182736.0,7,2025-07-01,False,119115.0,66330.0,15269.0,59007.0,129285.33333333333,89293.33333333333,102759.08333333333,7,3,2025,182,0,лето
Республика Мордовия,2025,январь-август,239092.0,8,2025-08-01,False,182736.0,86005.0,33284.0,74017.0,180314.33333333334,123594.66666666667,116515.33333333333,8,3,2025,213,0,лето
Республика Мордовия,2025,январь-сентябрь,272231.0,9,2025-09-01,False,239092.0,119115.0,48290.0,94684.0,231353.0,160918.16666666666,131310.91666666666,9,3,2025,244,0,осень
Республика Саха (Якутия),2022,январь,13307.0,1,2022-01-01,False,,,,,13307.0,13307.0,13307.0,1,1,2022,1,1,зима
Республика Саха (Якутия),2022,январь-февраль,25662.0,2,2022-02-01,False,13307.0,,,,19484.5,19484.5,19484.5,2,1,2022,32,1,зима
Республика Саха (Якутия),2022,январь-март,39715.0,3,2022-03-01,False,25662.0,,,,26228.0,26228.0,26228.0,3,1,2022,60,1,весна
Республика Саха (Якутия),2022,январь-апрель,50165.0,4,2022-04-01,False,39715.0,13307.0,,,38514.0,32212.25,32212.25,4,2,2022,91,0,весна
Республика Саха (Якутия),2022,январь-май,61443.0,5,2022-05-01,False,50165.0,25662.0,,,50441.0,38058.4,38058.4,5,2,2022,121,1,весна
Республика Саха (Якутия),2022,январь-июнь,74601.0,6,2022-06-01,False,61443.0,39715.0,,,62069.666666666664,44148.833333333336,44148.833333333336,6,2,2022,152,0,лето
Республика Саха (Якутия),2022,январь-июль,88838.0,7,2022-07-01,False,74601.0,50165.0,13307.0,,74960.66666666667,56737.333333333336,50533.0,7,3,2022,182,0,лето
Республика Саха (Якутия),2022,январь-август,100843.0,8,2022-08-01,False,88838.0,61443.0,25662.0,,88094.0,69267.5,56821.75,8,3,2022,213,0,лето
Республика Саха (Якутия),2022,январь-сентябрь,112866.0,9,2022-09-01,False,100843.0,74601.0,39715.0,,100849.0,81459.33333333333,63048.88888888889,9,3,2022,244,0,осень
Республика Саха (Якутия),2022,январь-октябрь*,156894.0,10,2022-10-01,False,112866.0,88838.0,50165.0,,123534.33333333333,99247.5,72433.4,10,4,2022,274,0,осень
Республика Саха (Якутия),2022,январь-ноябрь*,196949.0,11,2022-11-01,False,156894.0,100843.0,61443.0,,155569.66666666666,121831.83333333333,83753.0,11,4,2022,305,0,осень
Республика Саха (Якутия),2022,январь-декабрь*,237467.0,12,2022-12-01,False,196949.0,112866.0,74601.0,,197103.33333333334,148976.16666666666,96562.5,12,4,2022,335,1,зима
Республика Саха (Якутия),2023,январь,12176.0,1,2023-01-01,False,237467.0,156894.0,88838.0,13307.0,148864.0,136199.16666666666,96468.25,1,1,2023,1,1,зима
Республика Саха (Якутия),2023,январь-февраль,28102.0,2,2023-02-01,False,12176.0,196949.0,100843.0,25662.0,92581.66666666667,124075.66666666667,96671.58333333333,2,1,2023,32,1,зима
Республика Саха (Якутия),2023,январь-март,45936.0,3,2023-03-01,False,28102.0,237467.0,112866.0,39715.0,28738.0,112920.66666666667,97190.0,3,1,2023,60,1,весна
Республика Саха (Якутия),2023,январь-апрель,65439.0,4,2023-04-01,False,45936.0,12176.0,156894.0,50165.0,46492.333333333336,97678.16666666667,98462.83333333333,4,2,2023,91,0,весна
Республика Саха (Якутия),2023,январь-май,83440.0,5,2023-05-01,False,65439.0,28102.0,196949.0,61443.0,64938.333333333336,78760.0,100295.91666666667,5,2,2023,121,1,весна
Республика Саха (Якутия),2023,январь-июнь,105875.0,6,2023-06-01,False,83440.0,45936.0,237467.0,74601.0,84918.0,56828.0,102902.08333333333,6,2,2023,152,0,лето
Республика Саха (Якутия),2023,январь-июль,125251.0,7,2023-07-01,False,105875.0,65439.0,12176.0,88838.0,104855.33333333333,75673.83333333333,105936.5,7,3,2023,182,0,лето
Республика Саха (Якутия),2023,январь-август,148202.0,8,2023-08-01,False,125251.0,83440.0,28102.0,100843.0,126442.66666666667,95690.5,109883.08333333333,8,3,2023,213,0,лето
Республика Саха (Якутия),2023,январь-сентябрь,169697.0,9,2023-09-01,False,148202.0,105875.0,45936.0,112866.0,147716.66666666666,116317.33333333333,114619.0,9,3,2023,244,0,осень
Республика Саха (Якутия),2024,январь,16802.0,1,2024-01-01,False,169697.0,125251.0,65439.0,156894.0,111567.0,108211.16666666667,102944.66666666667,1,1,2024,1,1,зима
Республика Саха (Якутия),2024,январь-февраль,34945.0,2,2024-02-01,False,16802.0,148202.0,83440.0,196949.0,73814.66666666667,100128.66666666667,89444.33333333333,2,1,2024,32,1,зима
Республика Саха (Якутия),2024,январь-март,54254.0,3,2024-03-01,False,34945.0,169697.0,105875.0,237467.0,35333.666666666664,91525.16666666667,74176.58333333333,3,1,2024,61,1,весна
Республика Саха (Якутия),2024,январь-апрель,72037.0,4,2024-04-01,False,54254.0,16802.0,125251.0,12176.0,53745.333333333336,82656.16666666667,79165.0,4,2,2024,92,0,весна
Республика Саха (Якутия),2024,январь-май,89398.0,5,2024-05-01,False,72037.0,34945.0,148202.0,28102.0,71896.33333333333,72855.5,84273.0,5,2,2024,122,1,весна
Республика Саха (Якутия),2024,январь-июнь,109516.0,6,2024-06-01,False,89398.0,54254.0,169697.0,45936.0,90317.0,62825.333333333336,89571.33333333333,6,2,2024,153,0,лето
Республика Саха (Якутия),2024,январь-июль,133991.0,7,2024-07-01,False,109516.0,72037.0,16802.0,65439.0,110968.33333333333,82356.83333333333,95284.0,7,3,2024,183,0,лето
Республика Саха (Якутия),2024,январь-август,158359.0,8,2024-08-01,False,133991.0,89398.0,34945.0,83440.0,133955.33333333334,102925.83333333333,101527.25,8,3,2024,214,0,лето
Республика Саха (Якутия),2024,январь-сентябрь,173878.0,9,2024-09-01,False,158359.0,109516.0,54254.0,105875.0,155409.33333333334,122863.16666666667,107194.16666666667,9,3,2024,245,0,осень
Республика Саха (Якутия),2025,январь,15257.0,1,2025-01-01,False,173878.0,133991.0,72037.0,125251.0,115831.33333333333,113399.83333333333,98028.0,1,1,2025,1,1,зима
Республика Саха (Якутия),2025,январь-февраль,34553.0,2,2025-02-01,False,15257.0,158359.0,89398.0,148202.0,74562.66666666667,104259.0,88557.25,2,1,2025,32,1,зима
Республика Саха (Якутия),2025,январь-март,56062.0,3,2025-03-01,False,34553.0,173878.0,109516.0,169697.0,35290.666666666664,95350.0,79087.66666666667,3,1,2025,60,1,весна
Республика Саха (Якутия),2025,январь-апрель,79130.0,4,2025-04-01,False,56062.0,15257.0,133991.0,16802.0,56581.666666666664,86206.5,84281.66666666667,4,2,2025,91,0,весна
Республика Саха (Якутия),2025,январь-май,99211.0,5,2025-05-01,False,79130.0,34553.0,158359.0,34945.0,78134.33333333333,76348.5,89637.16666666667,5,2,2025,121,1,весна
Республика Саха (Якутия),2025,январь-июнь,128439.0,6,2025-06-01,False,99211.0,56062.0,173878.0,54254.0,102260.0,68775.33333333333,95819.25,6,2,2025,152,0,лето
Республика Саха (Якутия),2025,январь-июль,158644.0,7,2025-07-01,False,128439.0,79130.0,15257.0,72037.0,128764.66666666667,92673.16666666667,103036.5,7,3,2025,182,0,лето
Республика Саха (Якутия),2025,январь-август,184221.0,8,2025-08-01,False,158644.0,99211.0,34553.0,89398.0,157101.33333333334,117617.83333333333,110938.41666666667,8,3,2025,213,0,лето
Республика Саха (Якутия),2025,январь-сентябрь,205645.0,9,2025-09-01,False,184221.0,128439.0,56062.0,109516.0,182836.66666666666,142548.33333333334,118949.16666666667,9,3,2025,244,0,осень
Республика Северная Осетия - Алания,2022,январь,14489.0,1,2022-01-01,False,,,,,14489.0,14489.0,14489.0,1,1,2022,1,1,зима
Республика Северная Осетия - Алания,2022,январь-февраль,23753.0,2,2022-02-01,False,14489.0,,,,19121.0,19121.0,19121.0,2,1,2022,32,1,зима
Республика Северная Осетия - Алания,2022,январь-март,36357.0,3,2022-03-01,False,23753.0,,,,24866.333333333332,24866.333333333332,24866.333333333332,3,1,2022,60,1,весна
Республика Северная Осетия - Алания,2022,январь-апрель,81853.0,4,2022-04-01,False,36357.0,14489.0,,,47321.0,39113.0,39113.0,4,2,2022,91,0,весна
Республика Северная Осетия - Алания,2022,январь-май,118347.0,5,2022-05-01,False,81853.0,23753.0,,,78852.33333333333,54959.8,54959.8,5,2,2022,121,1,весна
Республика Северная Осетия - Алания,2022,январь-июнь,167455.0,6,2022-06-01,False,118347.0,36357.0,,,122551.66666666667,73709.0,73709.0,6,2,2022,152,0,лето
Республика Северная Осетия - Алания,2022,январь-июль,183620.0,7,2022-07-01,False,167455.0,81853.0,14489.0,,156474.0,101897.5,89410.57142857143,7,3,2022,182,0,лето
Республика Северная Осетия - Алания,2022,январь-август,201430.0,8,2022-08-01,False,183620.0,118347.0,23753.0,,184168.33333333334,131510.33333333334,103413.0,8,3,2022,213,0,лето
Республика Северная Осетия - Алания,2022,январь-сентябрь,213143.0,9,2022-09-01,False,201430.0,167455.0,36357.0,,199397.66666666666,160974.66666666666,115605.22222222222,9,3,2022,244,0,осень
Республика Северная Осетия - Алания,2022,январь-октябрь*,224055.0,10,2022-10-01,False,213143.0,183620.0,81853.0,,212876.0,184675.0,126450.2,10,4,2022,274,0,осень
Республика Северная Осетия - Алания,2022,январь-ноябрь*,234205.0,11,2022-11-01,False,224055.0,201430.0,118347.0,,223801.0,203984.66666666666,136246.0909090909,11,4,2022,305,0,осень
Республика Северная Осетия - Алания,2022,январь-декабрь*,245180.0,12,2022-12-01,False,234205.0,213143.0,167455.0,,234480.0,216938.83333333334,145323.91666666666,12,4,2022,335,1,зима
Республика Северная Осетия - Алания,2023,январь,12938.0,1,2023-01-01,False,245180.0,224055.0,183620.0,14489.0,164107.66666666666,188491.83333333334,145194.66666666666,1,1,2023,1,1,зима
Республика Северная Осетия - Алания,2023,январь-февраль,28885.0,2,2023-02-01,False,12938.0,234205.0,201430.0,23753.0,95667.66666666667,159734.33333333334,145622.33333333334,2,1,2023,32,1,зима
Республика Северная Осетия - Алания,2023,январь-март,45783.0,3,2023-03-01,False,28885.0,245180.0,213143.0,36357.0,29202.0,131841.0,146407.83333333334,3,1,2023,60,1,весна
Республика Северная Осетия - Алания,2023,январь-апрель,67903.0,4,2023-04-01,False,45783.0,12938.0,224055.0,81853.0,47523.666666666664,105815.66666666667,145245.33333333334,4,2,2023,91,0,весна
Республика Северная Осетия - Алания,2023,январь-май,90190.0,5,2023-05-01,False,67903.0,28885.0,234205.0,118347.0,67958.66666666667,81813.16666666667,142898.91666666666,5,2,2023,121,1,весна
Республика Северная Осетия - Алания,2023,январь-июнь,120168.0,6,2023-06-01,False,90190.0,45783.0,245180.0,167455.0,92753.66666666667,60977.833333333336,138958.33333333334,6,2,2023,152,0,лето
Республика Северная Осетия - Алания,2023,январь-июль,147038.0,7,2023-07-01,False,120168.0,67903.0,12938.0,183620.0,119132.0,83327.83333333333,135909.83333333334,7,3,2023,182,0,лето
Республика Северная Осетия - Алания,2023,январь-август,173984.0,8,2023-08-01,False,147038.0,90190.0,28885.0,201430.0,147063.33333333334,107511.0,133622.66666666666,8,3,2023,213,0,лето
Республика Северная Осетия - Алания,2023,январь-сентябрь,190999.0,9,2023-09-01,False,173984.0,120168.0,45783.0,213143.0,170673.66666666666,131713.66666666666,131777.33333333334,9,3,2023,244,0,осень
Республика Северная Осетия - Алания,2024,январь,10297.0,1,2024-01-01,False,190999.0,147038.0,67903.0,224055.0,125093.33333333333,122112.66666666667,113964.16666666667,1,1,2024,1,1,зима
Республика Северная Осетия - Алания,2024,январь-февраль,22703.0,2,2024-02-01,False,10297.0,173984.0,90190.0,234205.0,74666.33333333333,110864.83333333333,96339.0,2,1,2024,32,1,зима
Республика Северная Осетия - Алания,2024,январь-март,37035.0,3,2024-03-01,False,22703.0,190999.0,120168.0,245180.0,23345.0,97009.33333333333,78993.58333333333,3,1,2024,61,1,весна
Республика Северная Осетия - Алания,2024,январь-апрель,54920.0,4,2024-04-01,False,37035.0,10297.0,147038.0,12938.0,38219.333333333336,81656.33333333333,82492.08333333333,4,2,2024,92,0,весна
Республика Северная Осетия - Алания,2024,январь-май,74353.0,5,2024-05-01,False,54920.0,22703.0,173984.0,28885.0,55436.0,65051.166666666664,86281.08333333333,5,2,2024,122,1,весна
Республика Северная Осетия - Алания,2024,январь-июнь,98541.0,6,2024-06-01,False,74353.0,37035.0,190999.0,45783.0,75938.0,49641.5,90677.58333333333,6,2,2024,153,0,лето
Республика Северная Осетия - Алания,2024,январь-июль,162382.0,7,2024-07-01,False,98541.0,54920.0,10297.0,67903.0,111758.66666666667,74989.0,98550.83333333333,7,3,2024,183,0,лето
Республика Северная Осетия - Алания,2024,январь-август,218438.0,8,2024-08-01,False,162382.0,74353.0,22703.0,90190.0,159787.0,107611.5,109238.16666666667,8,3,2024,214,0,лето
Республика Северная Осетия - Алания,2024,январь-сентябрь,272324.0,9,2024-09-01,False,218438.0,98541.0,37035.0,120168.0,217714.66666666666,146826.33333333334,121917.83333333333,9,3,2024,245,0,осень
Республика Северная Осетия - Алания,2025,январь,4200.0,1,2025-01-01,False,272324.0,162382.0,54920.0,147038.0,164987.33333333334,138373.0,110014.66666666667,1,1,2025,1,1,зима
Республика Северная Осетия - Алания,2025,январь-февраль,9855.0,2,2025-02-01,False,4200.0,218438.0,74353.0,173984.0,95459.66666666667,127623.33333333333,96337.25,2,1,2025,32,1,зима
Республика Северная Осетия - Алания,2025,январь-март,17252.0,3,2025-03-01,False,9855.0,272324.0,98541.0,190999.0,10435.666666666666,114075.16666666667,81858.33333333333,3,1,2025,60,1,весна
Республика Северная Осетия - Алания,2025,январь-апрель,25206.0,4,2025-04-01,False,17252.0,4200.0,162382.0,10297.0,17437.666666666668,91212.5,83100.75,4,2,2025,91,0,весна
Республика Северная Осетия - Алания,2025,январь-май,44336.0,5,2025-05-01,False,25206.0,9855.0,218438.0,22703.0,28931.333333333332,62195.5,84903.5,5,2,2025,121,1,весна
Республика Северная Осетия - Алания,2025,январь-июнь,74134.0,6,2025-06-01,False,44336.0,17252.0,272324.0,37035.0,47892.0,29163.833333333332,87995.08333333333,6,2,2025,152,0,лето
Республика Северная Осетия - Алания,2025,январь-июль,111717.0,7,2025-07-01,False,74134.0,25206.0,4200.0,54920.0,76729.0,47083.333333333336,92728.16666666667,7,3,2025,182,0,лето
Республика Северная Осетия - Алания,2025,январь-август,145861.0,8,2025-08-01,False,111717.0,44336.0,9855.0,74353.0,110570.66666666667,69751.0,98687.16666666667,8,3,2025,213,0,лето
Республика Северная Осетия - Алания,2025,январь-сентябрь,161444.0,9,2025-09-01,False,145861.0,74134.0,17252.0,98541.0,139674.0,93783.0,103929.08333333333,9,3,2025,244,0,осень
Республика Татарстан,2022,январь,207263.0,1,2022-01-01,False,,,,,207263.0,207263.0,207263.0,1,1,2022,1,1,зима
Республика Татарстан,2022,январь-февраль,368698.0,2,2022-02-01,False,207263.0,,,,287980.5,287980.5,287980.5,2,1,2022,32,1,зима
Республика Татарстан,2022,январь-март,588413.0,3,2022-03-01,False,368698.0,,,,388124.6666666667,388124.6666666667,388124.6666666667,3,1,2022,60,1,весна
Республика Татарстан,2022,январь-апрель,990317.0,4,2022-04-01,False,588413.0,207263.0,,,649142.6666666666,538672.75,538672.75,4,2,2022,91,0,весна
Республика Татарстан,2022,январь-май,1433034.0,5,2022-05-01,False,990317.0,368698.0,,,1003921.3333333334,717545.0,717545.0,5,2,2022,121,1,весна
Республика Татарстан,2022,январь-июнь,1910313.0,6,2022-06-01,False,1433034.0,588413.0,,,1444554.6666666667,916339.6666666666,916339.6666666666,6,2,2022,152,0,лето
Республика Татарстан,2022,январь-июль,2367603.0,7,2022-07-01,False,1910313.0,990317.0,207263.0,,1903650.0,1276396.3333333333,1123663.0,7,3,2022,182,0,лето
Республика Татарстан,2022,январь-август,2903306.0,8,2022-08-01,False,2367603.0,1433034.0,368698.0,,2393740.6666666665,1698831.0,1346118.375,8,3,2022,213,0,лето
Республика Татарстан,2022,январь-сентябрь,3187952.0,9,2022-09-01,False,2903306.0,1910313.0,588413.0,,2819620.3333333335,2132087.5,1550766.5555555555,9,3,2022,244,0,осень
Республика Татарстан,2022,январь-октябрь*,3361758.0,10,2022-10-01,False,3187952.0,2367603.0,990317.0,,3151005.3333333335,2527327.6666666665,1731865.7,10,4,2022,274,0,осень
Республика Татарстан,2022,январь-ноябрь*,3539543.0,11,2022-11-01,False,3361758.0,2903306.0,1433034.0,,3363084.3333333335,2878412.5,1896200.0,11,4,2022,305,0,осень
Республика Татарстан,2022,январь-декабрь*,3702523.0,12,2022-12-01,False,3539543.0,3187952.0,1910313.0,,3534608.0,3177114.1666666665,2046726.9166666667,12,4,2022,335,1,зима
Республика Татарстан,2023,январь,273765.0,1,2023-01-01,False,3702523.0,3361758.0,2367603.0,207263.0,2505277.0,2828141.1666666665,2052268.75,1,1,2023,1,1,зима
Республика Татарстан,2023,январь-февраль,545087.0,2,2023-02-01,False,273765.0,3539543.0,2903306.0,368698.0,1507125.0,2435104.6666666665,2066967.8333333333,2,1,2023,32,1,зима
Республика Татарстан,2023,январь-март,859073.0,3,2023-03-01,False,545087.0,3702523.0,3187952.0,588413.0,559308.3333333334,2046958.1666666667,2089522.8333333333,3,1,2023,60,1,весна
Республика Татарстан,2023,январь-апрель,1166112.0,4,2023-04-01,False,859073.0,273765.0,3361758.0,990317.0,856757.3333333334,1681017.1666666667,2104172.4166666665,4,2,2023,91,0,весна
Республика Татарстан,2023,январь-май,1489422.0,5,2023-05-01,False,1166112.0,545087.0,3539543.0,1433034.0,1171535.6666666667,1339330.3333333333,2108871.4166666665,5,2,2023,121,1,весна
Республика Татарстан,2023,январь-июнь,1856070.0,6,2023-06-01,False,1489422.0,859073.0,3702523.0,1910313.0,1503868.0,1031588.1666666666,2104351.1666666665,6,2,2023,152,0,лето
Республика Татарстан,2023,январь-июль,2376920.0,7,2023-07-01,False,1856070.0,1166112.0,273765.0,2367603.0,1907470.6666666667,1382114.0,2105127.5833333335,7,3,2023,182,0,лето
Республика Татарстан,2023,январь-август,2846459.0,8,2023-08-01,False,2376920.0,1489422.0,545087.0,2903306.0,2359816.3333333335,1765676.0,2100390.3333333335,8,3,2023,213,0,лето
Республика Татарстан,2023,январь-сентябрь,3118639.0,9,2023-09-01,False,2846459.0,1856070.0,859073.0,3187952.0,2780672.6666666665,2142270.3333333335,2094614.25,9,3,2023,244,0,осень
Республика Татарстан,2024,январь,213337.0,1,2024-01-01,False,3118639.0,2376920.0,1166112.0,3361758.0,2059478.3333333333,1983474.5,1832245.8333333333,1,1,2024,1,1,зима
Республика Татарстан,2024,январь-февраль,413239.0,2,2024-02-01,False,213337.0,2846459.0,1489422.0,3539543.0,1248405.0,1804110.6666666667,1571720.5,2,1,2024,32,1,зима
Республика Татарстан,2024,январь-март,644891.0,3,2024-03-01,False,413239.0,3118639.0,1856070.0,3702523.0,423822.3333333333,1602247.5,1316917.8333333333,3,1,2024,61,1,весна
Республика Татарстан,2024,январь-апрель,932893.0,4,2024-04-01,False,644891.0,213337.0,2376920.0,273765.0,663674.3333333334,1361576.3333333333,1371845.1666666667,4,2,2024,92,0,весна
Республика Татарстан,2024,январь-май,1247449.0,5,2024-05-01,False,932893.0,413239.0,2846459.0,545087.0,941744.3333333334,1095074.6666666667,1430375.3333333333,5,2,2024,122,1,весна
Республика Татарстан,2024,январь-июнь,1677555.0,6,2024-06-01,False,1247449.0,644891.0,3118639.0,859073.0,1285965.6666666667,854894.0,1498582.1666666667,6,2,2024,153,0,лето
Республика Татарстан,2024,январь-июль,2246028.0,7,2024-07-01,False,1677555.0,932893.0,213337.0,1166112.0,1723677.3333333333,1193675.8333333333,1588575.1666666667,7,3,2024,183,0,лето
Республика Татарстан,2024,январь-август,2769996.0,8,2024-08-01,False,2246028.0,1247449.0,413239.0,1489422.0,2231193.0,1586468.6666666667,1695289.6666666667,8,3,2024,214,0,лето
Республика Татарстан,2024,январь-сентябрь,3141222.0,9,2024-09-01,False,2769996.0,1677555.0,644891.0,1856070.0,2719082.0,2002523.8333333333,1802385.6666666667,9,3,2024,245,0,осень
Республика Татарстан,2025,январь,282448.0,1,2025-01-01,False,3141222.0,2246028.0,932893.0,2376920.0,2064555.3333333333,1894116.3333333333,1627846.3333333333,1,1,2025,1,1,зима
Республика Татарстан,2025,январь-февраль,558798.0,2,2025-02-01,False,282448.0,2769996.0,1247449.0,2846459.0,1327489.3333333333,1779341.1666666667,1437207.9166666667,2,1,2025,32,1,зима
Республика Татарстан,2025,январь-март,873154.0,3,2025-03-01,False,558798.0,3141222.0,1677555.0,3118639.0,571466.6666666666,1645274.3333333333,1250084.1666666667,3,1,2025,60,1,весна
Республика Татарстан,2025,январь-апрель,1239279.0,4,2025-04-01,False,873154.0,282448.0,2246028.0,213337.0,890410.3333333334,1477482.8333333333,1335579.3333333333,4,2,2025,91,0,весна
Республика Татарстан,2025,январь-май,1681661.0,5,2025-05-01,False,1239279.0,558798.0,2769996.0,413239.0,1264698.0,1296093.6666666667,1441281.1666666667,5,2,2025,121,1,весна
Республика Татарстан,2025,январь-июнь,2238118.0,6,2025-06-01,False,1681661.0,873154.0,3141222.0,644891.0,1719686.0,1145576.3333333333,1574050.0833333333,6,2,2025,152,0,лето
Республика Татарстан,2025,январь-июль,2771563.0,7,2025-07-01,False,2238118.0,1239279.0,282448.0,932893.0,2230447.3333333335,1560428.8333333333,1727272.5833333333,7,3,2025,182,0,лето
Республика Татарстан,2025,январь-август,3274181.0,8,2025-08-01,False,2771563.0,1681661.0,558798.0,1247449.0,2761287.3333333335,2012992.6666666667,1896166.9166666667,8,3,2025,213,0,лето
Республика Татарстан,2025,январь-сентябрь,3622443.0,9,2025-09-01,False,3274181.0,2238118.0,873154.0,1677555.0,3222729.0,2471207.5,2058240.9166666667,9,3,2025,244,0,осень
Республика Тыва,2022,январь,7074.0,1,2022-01-01,False,,,,,7074.0,7074.0,7074.0,1,1,2022,1,1,зима
Республика Тыва,2022,январь-февраль,11411.0,2,2022-02-01,False,7074.0,,,,9242.5,9242.5,9242.5,2,1,2022,32,1,зима
Республика Тыва,2022,январь-март,24179.0,3,2022-03-01,False,11411.0,,,,14221.333333333334,14221.333333333334,14221.333333333334,3,1,2022,60,1,весна
Республика Тыва,2022,январь-апрель,32519.0,4,2022-04-01,False,24179.0,7074.0,,,22703.0,18795.75,18795.75,4,2,2022,91,0,весна
Республика Тыва,2022,январь-май,40824.0,5,2022-05-01,False,32519.0,11411.0,,,32507.333333333332,23201.4,23201.4,5,2,2022,121,1,весна
Республика Тыва,2022,январь-июнь,45556.0,6,2022-06-01,False,40824.0,24179.0,,,39633.0,26927.166666666668,26927.166666666668,6,2,2022,152,0,лето
Республика Тыва,2022,январь-июль,55182.0,7,2022-07-01,False,45556.0,32519.0,7074.0,,47187.333333333336,34945.166666666664,30963.571428571428,7,3,2022,182,0,лето
Республика Тыва,2022,январь-август,62627.0,8,2022-08-01,False,55182.0,40824.0,11411.0,,54455.0,43481.166666666664,34921.5,8,3,2022,213,0,лето
Республика Тыва,2022,январь-сентябрь,64615.0,9,2022-09-01,False,62627.0,45556.0,24179.0,,60808.0,50220.5,38220.77777777778,9,3,2022,244,0,осень
Республика Тыва,2022,январь-октябрь*,67165.0,10,2022-10-01,False,64615.0,55182.0,32519.0,,64802.333333333336,55994.833333333336,41115.2,10,4,2022,274,0,осень
Республика Тыва,2022,январь-ноябрь*,69618.0,11,2022-11-01,False,67165.0,62627.0,40824.0,,67132.66666666667,60793.833333333336,43706.36363636364,11,4,2022,305,0,осень
Республика Тыва,2022,январь-декабрь*,72296.0,12,2022-12-01,False,69618.0,64615.0,45556.0,,69693.0,65250.5,46088.833333333336,12,4,2022,335,1,зима
Республика Тыва,2023,январь,1601.0,1,2023-01-01,False,72296.0,67165.0,55182.0,7074.0,47838.333333333336,56320.333333333336,45632.75,1,1,2023,1,1,зима
Республика Тыва,2023,январь-февраль,3075.0,2,2023-02-01,False,1601.0,69618.0,62627.0,11411.0,25657.333333333332,46395.0,44938.083333333336,2,1,2023,32,1,зима
Республика Тыва,2023,январь-март,4999.0,3,2023-03-01,False,3075.0,72296.0,64615.0,24179.0,3225.0,36459.0,43339.75,3,1,2023,60,1,весна
Республика Тыва,2023,январь-апрель,6938.0,4,2023-04-01,False,4999.0,1601.0,67165.0,32519.0,5004.0,26421.166666666668,41208.0,4,2,2023,91,0,весна
Республика Тыва,2023,январь-май,9085.0,5,2023-05-01,False,6938.0,3075.0,69618.0,40824.0,7007.333333333333,16332.333333333334,38563.083333333336,5,2,2023,121,1,весна
Республика Тыва,2023,январь-июнь,15199.0,6,2023-06-01,False,9085.0,4999.0,72296.0,45556.0,10407.333333333334,6816.166666666667,36033.333333333336,6,2,2023,152,0,лето
Республика Тыва,2023,январь-июль,23000.0,7,2023-07-01,False,15199.0,6938.0,1601.0,55182.0,15761.333333333334,10382.666666666666,33351.5,7,3,2023,182,0,лето
Республика Тыва,2023,январь-август,27955.0,8,2023-08-01,False,23000.0,9085.0,3075.0,62627.0,22051.333333333332,14529.333333333334,30462.166666666668,8,3,2023,213,0,лето
Республика Тыва,2023,январь-сентябрь,30535.0,9,2023-09-01,False,27955.0,15199.0,4999.0,64615.0,27163.333333333332,18785.333333333332,27622.166666666668,9,3,2023,244,0,осень
Республика Тыва,2024,январь,8847.0,1,2024-01-01,False,30535.0,23000.0,6938.0,67165.0,22445.666666666668,19103.5,22762.333333333332,1,1,2024,1,1,зима
Республика Тыва,2024,январь-февраль,17306.0,2,2024-02-01,False,8847.0,27955.0,9085.0,69618.0,18896.0,20473.666666666668,18403.0,2,1,2024,32,1,зима
Республика Тыва,2024,январь-март,26352.0,3,2024-03-01,False,17306.0,30535.0,15199.0,72296.0,17501.666666666668,22332.5,14574.333333333334,3,1,2024,61,1,весна
Республика Тыва,2024,январь-апрель,31643.0,4,2024-04-01,False,26352.0,8847.0,23000.0,1601.0,25100.333333333332,23773.0,17077.833333333332,4,2,2024,92,0,весна
Республика Тыва,2024,январь-май,36694.0,5,2024-05-01,False,31643.0,17306.0,27955.0,3075.0,31563.0,25229.5,19879.416666666668,5,2,2024,122,1,весна
Республика Тыва,2024,январь-июнь,50465.0,6,2024-06-01,False,36694.0,26352.0,30535.0,4999.0,39600.666666666664,28551.166666666668,23668.25,6,2,2024,153,0,лето
Республика Тыва,2024,январь-июль,63054.0,7,2024-07-01,False,50465.0,31643.0,8847.0,6938.0,50071.0,37585.666666666664,28344.583333333332,7,3,2024,183,0,лето
Республика Тыва,2024,январь-август,72922.0,8,2024-08-01,False,63054.0,36694.0,17306.0,9085.0,62147.0,46855.0,33664.333333333336,8,3,2024,214,0,лето
Республика Тыва,2024,январь-сентябрь,75852.0,9,2024-09-01,False,72922.0,50465.0,26352.0,15199.0,70609.33333333333,55105.0,38718.75,9,3,2024,245,0,осень
Республика Тыва,2025,январь,3321.0,1,2025-01-01,False,75852.0,63054.0,31643.0,23000.0,50698.333333333336,50384.666666666664,37078.833333333336,1,1,2025,1,1,зима
Республика Тыва,2025,январь-февраль,6087.0,2,2025-02-01,False,3321.0,72922.0,36694.0,27955.0,28420.0,45283.5,35256.5,2,1,2025,32,1,зима
Республика Тыва,2025,январь-март,9467.0,3,2025-03-01,False,6087.0,75852.0,50465.0,30535.0,6291.666666666667,38450.5,33500.833333333336,3,1,2025,60,1,весна
Республика Тыва,2025,январь-апрель,10526.0,4,2025-04-01,False,9467.0,3321.0,63054.0,8847.0,8693.333333333334,29695.833333333332,33640.75,4,2,2025,91,0,весна
Республика Тыва,2025,январь-май,12234.0,5,2025-05-01,False,10526.0,6087.0,72922.0,17306.0,10742.333333333334,19581.166666666668,33218.083333333336,5,2,2025,121,1,весна
Республика Тыва,2025,январь-июнь,20990.0,6,2025-06-01,False,12234.0,9467.0,75852.0,26352.0,14583.333333333334,10437.5,32771.25,6,2,2025,152,0,лето
Республика Тыва,2025,январь-июль,36673.0,7,2025-07-01,False,20990.0,10526.0,3321.0,31643.0,23299.0,15996.166666666666,33190.416666666664,7,3,2025,182,0,лето
Республика Тыва,2025,январь-август,47086.0,8,2025-08-01,False,36673.0,12234.0,6087.0,36694.0,34916.333333333336,22829.333333333332,34056.416666666664,8,3,2025,213,0,лето
Республика Тыва,2025,январь-сентябрь,49126.0,9,2025-09-01,False,47086.0,20990.0,9467.0,50465.0,44295.0,29439.166666666668,33944.833333333336,9,3,2025,244,0,осень
Республика Хакасия,2022,январь,18321.0,1,2022-01-01,False,,,,,18321.0,18321.0,18321.0,1,1,2022,1,1,зима
Республика Хакасия,2022,январь-февраль,31902.0,2,2022-02-01,False,18321.0,,,,25111.5,25111.5,25111.5,2,1,2022,32,1,зима
Республика Хакасия,2022,январь-март,46583.0,3,2022-03-01,False,31902.0,,,,32268.666666666668,32268.666666666668,32268.666666666668,3,1,2022,60,1,весна
Республика Хакасия,2022,январь-апрель,91611.0,4,2022-04-01,False,46583.0,18321.0,,,56698.666666666664,47104.25,47104.25,4,2,2022,91,0,весна
Республика Хакасия,2022,январь-май,155992.0,5,2022-05-01,False,91611.0,31902.0,,,98062.0,68881.8,68881.8,5,2,2022,121,1,весна
Республика Хакасия,2022,январь-июнь,226254.0,6,2022-06-01,False,155992.0,46583.0,,,157952.33333333334,95110.5,95110.5,6,2,2022,152,0,лето
Республика Хакасия,2022,январь-июль,294715.0,7,2022-07-01,False,226254.0,91611.0,18321.0,,225653.66666666666,141176.16666666666,123625.42857142857,7,3,2022,182,0,лето
Республика Хакасия,2022,январь-август,383820.0,8,2022-08-01,False,294715.0,155992.0,31902.0,,301596.3333333333,199829.16666666666,156149.75,8,3,2022,213,0,лето
Республика Хакасия,2022,январь-сентябрь,403761.0,9,2022-09-01,False,383820.0,226254.0,46583.0,,360765.3333333333,259358.83333333334,183662.11111111112,9,3,2022,244,0,осень
Республика Хакасия,2022,январь-октябрь*,440054.0,10,2022-10-01,False,403761.0,294715.0,91611.0,,409211.6666666667,317432.6666666667,209301.3,10,4,2022,274,0,осень
Республика Хакасия,2022,январь-ноябрь*,470370.0,11,2022-11-01,False,440054.0,383820.0,155992.0,,438061.6666666667,369829.0,233034.81818181818,11,4,2022,305,0,осень
Республика Хакасия,2022,январь-декабрь*,496112.0,12,2022-12-01,False,470370.0,403761.0,226254.0,,468845.3333333333,414805.3333333333,254957.91666666666,12,4,2022,335,1,зима
Республика Хакасия,2023,январь,23592.0,1,2023-01-01,False,496112.0,440054.0,294715.0,18321.0,330024.6666666667,369618.1666666667,255397.16666666666,1,1,2023,1,1,зима
Республика Хакасия,2023,январь-февраль,49114.0,2,2023-02-01,False,23592.0,470370.0,383820.0,31902.0,189606.0,313833.8333333333,256831.5,2,1,2023,32,1,зима
Республика Хакасия,2023,январь-март,84182.0,3,2023-03-01,False,49114.0,496112.0,403761.0,46583.0,52296.0,260570.66666666666,259964.75,3,1,2023,60,1,весна
Республика Хакасия,2023,январь-апрель,127519.0,4,2023-04-01,False,84182.0,23592.0,440054.0,91611.0,86938.33333333333,208481.5,262957.0833333333,4,2,2023,91,0,весна
Республика Хакасия,2023,январь-май,167922.0,5,2023-05-01,False,127519.0,49114.0,470370.0,155992.0,126541.0,158073.5,263951.25,5,2,2023,121,1,весна
Республика Хакасия,2023,январь-июнь,238551.0,6,2023-06-01,False,167922.0,84182.0,496112.0,226254.0,177997.33333333334,115146.66666666667,264976.0,6,2,2023,152,0,лето
Республика Хакасия,2023,январь-июль,383201.0,7,2023-07-01,False,238551.0,127519.0,23592.0,294715.0,263224.6666666667,175081.5,272349.8333333333,7,3,2023,182,0,лето
Республика Хакасия,2023,январь-август,475940.0,8,2023-08-01,False,383201.0,167922.0,49114.0,383820.0,365897.3333333333,246219.16666666666,280026.5,8,3,2023,213,0,лето
Республика Хакасия,2023,январь-сентябрь,513743.0,9,2023-09-01,False,475940.0,238551.0,84182.0,403761.0,457628.0,317812.6666666667,289191.6666666667,9,3,2023,244,0,осень
Республика Хакасия,2024,январь,23264.0,1,2024-01-01,False,513743.0,383201.0,127519.0,440054.0,337649.0,300436.8333333333,254459.16666666666,1,1,2024,1,1,зима
Республика Хакасия,2024,январь-февраль,43848.0,2,2024-02-01,False,23264.0,475940.0,167922.0,470370.0,193618.33333333334,279757.8333333333,218915.66666666666,2,1,2024,32,1,зима
Республика Хакасия,2024,январь-март,68873.0,3,2024-03-01,False,43848.0,513743.0,238551.0,496112.0,45328.333333333336,251478.16666666666,183312.41666666666,3,1,2024,61,1,весна
Республика Хакасия,2024,январь-апрель,105725.0,4,2024-04-01,False,68873.0,23264.0,383201.0,23592.0,72815.33333333333,205232.16666666666,190156.83333333334,4,2,2024,92,0,весна
Республика Хакасия,2024,январь-май,135757.0,5,2024-05-01,False,105725.0,43848.0,475940.0,49114.0,103451.66666666667,148535.0,197377.08333333334,5,2,2024,122,1,весна
Республика Хакасия,2024,январь-июнь,199009.0,6,2024-06-01,False,135757.0,68873.0,513743.0,84182.0,146830.33333333334,96079.33333333333,206946.0,6,2,2024,153,0,лето
Республика Хакасия,2024,январь-июль,298938.0,7,2024-07-01,False,199009.0,105725.0,23264.0,127519.0,211234.66666666666,142025.0,221230.91666666666,7,3,2024,183,0,лето
Республика Хакасия,2024,январь-август,369525.0,8,2024-08-01,False,298938.0,135757.0,43848.0,167922.0,289157.3333333333,196304.5,238031.16666666666,8,3,2024,214,0,лето
Республика Хакасия,2024,январь-сентябрь,408461.0,9,2024-09-01,False,369525.0,199009.0,68873.0,238551.0,358974.6666666667,252902.5,252190.33333333334,9,3,2024,245,0,осень
Республика Хакасия,2025,январь,46896.0,1,2025-01-01,False,408461.0,298938.0,105725.0,383201.0,274960.6666666667,243097.66666666666,224164.91666666666,1,1,2025,1,1,зима
Республика Хакасия,2025,январь-февраль,92561.0,2,2025-02-01,False,46896.0,369525.0,135757.0,475940.0,182639.33333333334,235898.33333333334,192216.66666666666,2,1,2025,32,1,зима
Республика Хакасия,2025,январь-март,148243.0,3,2025-03-01,False,92561.0,408461.0,199009.0,513743.0,95900.0,227437.33333333334,161758.33333333334,3,1,2025,60,1,весна
Республика Хакасия,2025,январь-апрель,179898.0,4,2025-04-01,False,148243.0,46896.0,298938.0,23264.0,140234.0,207597.33333333334,174811.16666666666,4,2,2025,91,0,весна
Республика Хакасия,2025,январь-май,205116.0,5,2025-05-01,False,179898.0,92561.0,369525.0,43848.0,177752.33333333334,180195.83333333334,188250.16666666666,5,2,2025,121,1,весна
Республика Хакасия,2025,январь-июнь,273936.0,6,2025-06-01,False,205116.0,148243.0,408461.0,68873.0,219650.0,157775.0,205338.75,6,2,2025,152,0,лето
Республика Хакасия,2025,январь-июль,407210.0,7,2025-07-01,False,273936.0,179898.0,46896.0,105725.0,295420.6666666667,217827.33333333334,230462.5,7,3,2025,182,0,лето
Республика Хакасия,2025,январь-август,498483.0,8,2025-08-01,False,407210.0,205116.0,92561.0,135757.0,393209.6666666667,285481.0,260689.66666666666,8,3,2025,213,0,лето
Республика Хакасия,2025,январь-сентябрь,530802.0,9,2025-09-01,False,498483.0,273936.0,148243.0,199009.0,478831.6666666667,349240.8333333333,288339.0833333333,9,3,2025,244,0,осень
Российская Федерация,2022,январь,8318513.0,1,2022-01-01,False,,,,,8318513.0,8318513.0,8318513.0,1,1,2022,1,1,зима
Российская Федерация,2022,январь-февраль,15237601.0,2,2022-02-01,False,8318513.0,,,,11778057.0,11778057.0,11778057.0,2,1,2022,32,1,зима
Российская Федерация,2022,январь-март,23541985.0,3,2022-03-01,False,15237601.0,,,,15699366.333333334,15699366.333333334,15699366.333333334,3,1,2022,60,1,весна
Российская Федерация,2022,январь-апрель,36278070.0,4,2022-04-01,False,23541985.0,8318513.0,,,25019218.666666668,20844042.25,20844042.25,4,2,2022,91,0,весна
Российская Федерация,2022,январь-май,49466390.0,5,2022-05-01,False,36278070.0,15237601.0,,,36428815.0,26568511.8,26568511.8,5,2,2022,121,1,весна
Российская Федерация,2022,январь-июнь,64900554.0,6,2022-06-01,False,49466390.0,23541985.0,,,50215004.666666664,32957185.5,32957185.5,6,2,2022,152,0,лето
Российская Федерация,2022,январь-июль,85540493.0,7,2022-07-01,False,64900554.0,36278070.0,8318513.0,,66635812.333333336,45827515.5,40469086.571428575,7,3,2022,182,0,лето
Российская Федерация,2022,январь-август,103497947.0,8,2022-08-01,False,85540493.0,49466390.0,15237601.0,,84646331.33333333,60537573.166666664,48347694.125,8,3,2022,213,0,лето
Российская Федерация,2022,январь-сентябрь,115854093.0,9,2022-09-01,False,103497947.0,64900554.0,23541985.0,,101630844.33333333,75922924.5,55848405.11111111,9,3,2022,244,0,осень
Российская Федерация,2022,январь-октябрь*,125027424.0,10,2022-10-01,False,115854093.0,85540493.0,36278070.0,,114793154.66666667,90714483.5,62766307.0,10,4,2022,274,0,осень
Российская Федерация,2022,январь-ноябрь*,133370089.0,11,2022-11-01,False,125027424.0,103497947.0,49466390.0,,124750535.33333333,104698433.33333333,69184832.63636364,11,4,2022,305,0,осень
Российская Федерация,2022,январь-декабрь*,141274584.0,12,2022-12-01,False,133370089.0,115854093.0,64900554.0,,133224032.33333333,117427438.33333333,75192311.91666667,12,4,2022,335,1,зима
Российская Федерация,2023,январь,8680183.0,1,2023-01-01,False,141274584.0,125027424.0,85540493.0,8318513.0,94441618.66666667,104617386.66666667,75222451.08333333,1,1,2023,1,1,зима
Российская Федерация,2023,январь-февраль,17523069.0,2,2023-02-01,False,8680183.0,133370089.0,103497947.0,15237601.0,55825945.333333336,90288240.33333333,75412906.75,2,1,2023,32,1,зима
Российская Федерация,2023,январь-март,27337782.0,3,2023-03-01,False,17523069.0,141274584.0,115854093.0,23541985.0,17847011.333333332,75535521.83333333,75729223.16666667,3,1,2023,60,1,весна
Российская Федерация,2023,январь-апрель,40011315.0,4,2023-04-01,False,27337782.0,8680183.0,125027424.0,36278070.0,28290722.0,61366170.333333336,76040326.91666667,4,2,2023,91,0,весна
Российская Федерация,2023,январь-май,53237984.0,5,2023-05-01,False,40011315.0,17523069.0,133370089.0,49466390.0,40195693.666666664,48010819.5,76354626.41666667,5,2,2023,121,1,весна
Российская Федерация,2023,январь-июнь,69597054.0,6,2023-06-01,False,53237984.0,27337782.0,141274584.0,64900554.0,54282117.666666664,36064564.5,76746001.41666667,6,2,2023,152,0,лето
Российская Федерация,2023,январь-июль,91690529.0,7,2023-07-01,False,69597054.0,40011315.0,8680183.0,85540493.0,71508522.33333333,49899622.166666664,77258504.41666667,7,3,2023,182,0,лето
Российская Федерация,2023,январь-август,113728324.0,8,2023-08-01,False,91690529.0,53237984.0,17523069.0,103497947.0,91671969.0,65933831.333333336,78111035.83333333,8,3,2023,213,0,лето
Российская Федерация,2023,январь-сентябрь,130213501.0,9,2023-09-01,False,113728324.0,69597054.0,27337782.0,115854093.0,111877451.33333333,83079784.5,79307653.16666667,9,3,2023,244,0,осень
Российская Федерация,2024,январь,9722928.0,1,2024-01-01,False,130213501.0,91690529.0,40011315.0,125027424.0,84554917.66666667,78031720.0,69698945.16666667,1,1,2024,1,1,зима
Российская Федерация,2024,январь-февраль,19373971.0,2,2024-02-01,False,9722928.0,113728324.0,53237984.0,133370089.0,53103466.666666664,72387717.83333333,60199268.666666664,2,1,2024,32,1,зима
Российская Федерация,2024,январь-март,30145133.0,3,2024-03-01,False,19373971.0,130213501.0,69597054.0,141274584.0,19747344.0,65812397.666666664,50938481.083333336,3,1,2024,61,1,весна
Российская Федерация,2024,январь-апрель,42812228.0,4,2024-04-01,False,30145133.0,9722928.0,91690529.0,8680183.0,30777110.666666668,57666014.166666664,53782818.166666664,4,2,2024,92,0,весна
Российская Федерация,2024,январь-май,56165339.0,5,2024-05-01,False,42812228.0,19373971.0,113728324.0,17523069.0,43040900.0,48072183.333333336,57003007.333333336,5,2,2024,122,1,весна
Российская Федерация,2024,январь-июнь,73530070.0,6,2024-06-01,False,56165339.0,30145133.0,130213501.0,27337782.0,57502545.666666664,38624944.833333336,60852364.666666664,6,2,2024,153,0,лето
Российская Федерация,2024,январь-июль,96050068.0,7,2024-07-01,False,73530070.0,42812228.0,9722928.0,40011315.0,75248492.33333333,53012801.5,65522260.75,7,3,2024,183,0,лето
Российская Федерация,2024,январь-август,118217698.0,8,2024-08-01,False,96050068.0,56165339.0,19373971.0,53237984.0,95932612.0,69486756.0,70937236.91666667,8,3,2024,214,0,лето
Российская Федерация,2024,январь-сентябрь,134188323.0,9,2024-09-01,False,118217698.0,73530070.0,30145133.0,69597054.0,116152029.66666667,86827287.66666667,76319842.66666667,9,3,2024,245,0,осень
Российская Федерация,2025,январь,10845937.0,1,2025-01-01,False,134188323.0,96050068.0,42812228.0,91690529.0,87750652.66666667,81499572.5,69582793.33333333,1,1,2025,1,1,зима
Российская Федерация,2025,январь-февраль,21217506.0,2,2025-02-01,False,10845937.0,118217698.0,56165339.0,113728324.0,55417255.333333336,75674933.66666667,61873558.5,2,1,2025,32,1,зима
Российская Федерация,2025,январь-март,32877441.0,3,2025-03-01,False,21217506.0,134188323.0,73530070.0,130213501.0,21646961.333333332,68899495.5,53762220.166666664,3,1,2025,60,1,весна
Российская Федерация,2025,январь-апрель,45722673.0,4,2025-04-01,False,32877441.0,10845937.0,96050068.0,9722928.0,33272540.0,60511596.333333336,56762198.916666664,4,2,2025,91,0,весна
Российская Федерация,2025,январь-май,60100179.0,5,2025-05-01,False,45722673.0,21217506.0,118217698.0,19373971.0,46233431.0,50825343.166666664,60156049.583333336,5,2,2025,121,1,весна
Российская Федерация,2025,январь-июнь,78160314.0,6,2025-06-01,False,60100179.0,32877441.0,134188323.0,30145133.0,61327722.0,41487341.666666664,64157314.666666664,6,2,2025,152,0,лето
Российская Федерация,2025,январь-июль,100842238.0,7,2025-07-01,False,78160314.0,45722673.0,10845937.0,42812228.0,79700910.33333333,56486725.166666664,68993148.83333333,7,3,2025,182,0,лето
Российская Федерация,2025,январь-август,122621350.0,8,2025-08-01,False,100842238.0,60100179.0,21217506.0,56165339.0,100541300.66666667,73387365.83333333,74531149.75,8,3,2025,213,0,лето
Российская Федерация,2025,январь-сентябрь,138595070.0,9,2025-09-01,False,122621350.0,78160314.0,32877441.0,73530070.0,120686219.33333333,91006970.66666667,79953233.08333333,9,3,2025,244,0,осень
Ростовская область,2022,январь,82250.0,1,2022-01-01,False,,,,,82250.0,82250.0,82250.0,1,1,2022,1,1,зима
Ростовская область,2022,январь-февраль,150671.0,2,2022-02-01,False,82250.0,,,,116460.5,116460.5,116460.5,2,1,2022,32,1,зима
Ростовская область,2022,январь-март,229193.0,3,2022-03-01,False,150671.0,,,,154038.0,154038.0,154038.0,3,1,2022,60,1,весна
Ростовская область,2022,январь-апрель,372021.0,4,2022-04-01,False,229193.0,82250.0,,,250628.33333333334,208533.75,208533.75,4,2,2022,91,0,весна
Ростовская область,2022,январь-май,523803.0,5,2022-05-01,False,372021.0,150671.0,,,375005.6666666667,271587.6,271587.6,5,2,2022,121,1,весна
Ростовская область,2022,январь-июнь,865805.0,6,2022-06-01,False,523803.0,229193.0,,,587209.6666666666,370623.8333333333,370623.8333333333,6,2,2022,152,0,лето
Ростовская область,2022,январь-июль,1160769.0,7,2022-07-01,False,865805.0,372021.0,82250.0,,850125.6666666666,550377.0,483501.71428571426,7,3,2022,182,0,лето
Ростовская область,2022,январь-август,1452866.0,8,2022-08-01,False,1160769.0,523803.0,150671.0,,1159813.3333333333,767409.5,604672.25,8,3,2022,213,0,лето
Ростовская область,2022,январь-сентябрь,1630637.0,9,2022-09-01,False,1452866.0,865805.0,229193.0,,1414757.3333333333,1000983.5,718668.3333333334,9,3,2022,244,0,осень
Ростовская область,2022,январь-октябрь*,1780599.0,10,2022-10-01,False,1630637.0,1160769.0,372021.0,,1621367.3333333333,1235746.5,824861.4,10,4,2022,274,0,осень
Ростовская область,2022,январь-ноябрь*,1957527.0,11,2022-11-01,False,1780599.0,1452866.0,523803.0,,1789587.6666666667,1474700.5,927831.0,11,4,2022,305,0,осень
Ростовская область,2022,январь-декабрь*,2128587.0,12,2022-12-01,False,1957527.0,1630637.0,865805.0,,1955571.0,1685164.1666666667,1027894.0,12,4,2022,335,1,зима
Ростовская область,2023,январь,124202.0,1,2023-01-01,False,2128587.0,1780599.0,1160769.0,82250.0,1403438.6666666667,1512403.0,1031390.0,1,1,2023,1,1,зима
Ростовская область,2023,январь-февраль,243733.0,2,2023-02-01,False,124202.0,1957527.0,1452866.0,150671.0,832174.0,1310880.8333333333,1039145.1666666666,2,1,2023,32,1,зима
Ростовская область,2023,январь-март,369287.0,3,2023-03-01,False,243733.0,2128587.0,1630637.0,229193.0,245740.66666666666,1100655.8333333333,1050819.6666666667,3,1,2023,60,1,весна
Ростовская область,2023,январь-апрель,502754.0,4,2023-04-01,False,369287.0,124202.0,1780599.0,372021.0,371924.6666666667,887681.6666666666,1061714.0833333333,4,2,2023,91,0,весна
Ростовская область,2023,январь-май,651916.0,5,2023-05-01,False,502754.0,243733.0,1957527.0,523803.0,507985.6666666667,670079.8333333334,1072390.1666666667,5,2,2023,121,1,весна
Ростовская область,2023,январь-июнь,837743.0,6,2023-06-01,False,651916.0,369287.0,2128587.0,865805.0,664137.6666666666,454939.1666666667,1070051.6666666667,6,2,2023,152,0,лето
Ростовская область,2023,январь-июль,1080472.0,7,2023-07-01,False,837743.0,502754.0,124202.0,1160769.0,856710.3333333334,614317.5,1063360.25,7,3,2023,182,0,лето
Ростовская область,2023,январь-август,1352988.0,8,2023-08-01,False,1080472.0,651916.0,243733.0,1452866.0,1090401.0,799193.3333333334,1055037.0833333333,8,3,2023,213,0,лето
Ростовская область,2023,январь-сентябрь,1500280.0,9,2023-09-01,False,1352988.0,837743.0,369287.0,1630637.0,1311246.6666666667,987692.1666666666,1044174.0,9,3,2023,244,0,осень
Ростовская область,2024,январь,135052.0,1,2024-01-01,False,1500280.0,1080472.0,502754.0,1780599.0,996106.6666666666,926408.5,907045.0833333334,1,1,2024,1,1,зима
Ростовская область,2024,январь-февраль,246201.0,2,2024-02-01,False,135052.0,1352988.0,651916.0,1957527.0,627177.6666666666,858789.3333333334,764434.5833333334,2,1,2024,32,1,зима
Ростовская область,2024,январь-март,372047.0,3,2024-03-01,False,246201.0,1500280.0,837743.0,2128587.0,251100.0,781173.3333333334,618056.25,3,1,2024,61,1,весна
Ростовская область,2024,январь-апрель,499261.0,4,2024-04-01,False,372047.0,135052.0,1080472.0,124202.0,372503.0,684304.8333333334,649311.1666666666,4,2,2024,92,0,весна
Ростовская область,2024,январь-май,622833.0,5,2024-05-01,False,499261.0,246201.0,1352988.0,243733.0,498047.0,562612.3333333334,680902.8333333334,5,2,2024,122,1,весна
Ростовская область,2024,январь-июнь,877904.0,6,2024-06-01,False,622833.0,372047.0,1500280.0,369287.0,666666.0,458883.0,723287.5833333334,6,2,2024,153,0,лето
Ростовская область,2024,январь-июль,1515300.0,7,2024-07-01,False,877904.0,499261.0,135052.0,502754.0,1005345.6666666666,688924.3333333334,807666.4166666666,7,3,2024,183,0,лето
Ростовская область,2024,январь-август,2091984.0,8,2024-08-01,False,1515300.0,622833.0,246201.0,651916.0,1495062.6666666667,996554.8333333334,927672.0833333334,8,3,2024,214,0,лето
Ростовская область,2024,январь-сентябрь,2446433.0,9,2024-09-01,False,2091984.0,877904.0,372047.0,837743.0,2017905.6666666667,1342285.8333333333,1061729.5833333333,9,3,2024,245,0,осень
Ростовская область,2025,январь,121625.0,1,2025-01-01,False,2446433.0,1515300.0,499261.0,1080472.0,1553347.3333333333,1279346.5,981825.6666666666,1,1,2025,1,1,зима
Ростовская область,2025,январь-февраль,217933.0,2,2025-02-01,False,121625.0,2091984.0,622833.0,1352988.0,928663.6666666666,1211863.1666666667,887237.75,2,1,2025,32,1,зима
Ростовская область,2025,январь-март,340387.0,3,2025-03-01,False,217933.0,2446433.0,877904.0,1500280.0,226648.33333333334,1122277.0,790580.0,3,1,2025,60,1,весна
Ростовская область,2025,январь-апрель,501756.0,4,2025-04-01,False,340387.0,121625.0,1515300.0,135052.0,353358.6666666667,953353.0,821138.6666666666,4,2,2025,91,0,весна
Ростовская область,2025,январь-май,724365.0,5,2025-05-01,False,501756.0,217933.0,2091984.0,246201.0,522169.3333333333,725416.5,860985.6666666666,5,2,2025,121,1,весна
Ростовская область,2025,январь-июнь,1028042.0,6,2025-06-01,False,724365.0,340387.0,2446433.0,372047.0,751387.6666666666,489018.0,915651.9166666666,6,2,2025,152,0,лето
Ростовская область,2025,январь-июль,1344899.0,7,2025-07-01,False,1028042.0,501756.0,121625.0,499261.0,1032435.3333333334,692897.0,986121.75,7,3,2025,182,0,лето
Ростовская область,2025,январь-август,1635874.0,8,2025-08-01,False,1344899.0,724365.0,217933.0,622833.0,1336271.6666666667,929220.5,1070541.8333333333,8,3,2025,213,0,лето
Ростовская область,2025,январь-сентябрь,1828040.0,9,2025-09-01,False,1635874.0,1028042.0,340387.0,877904.0,1602937.6666666667,1177162.6666666667,1149719.8333333333,9,3,2025,244,0,осень
Рязанская область,2022,январь,54851.0,1,2022-01-01,False,,,,,54851.0,54851.0,54851.0,1,1,2022,1,1,зима
Рязанская область,2022,январь-февраль,138838.0,2,2022-02-01,False,54851.0,,,,96844.5,96844.5,96844.5,2,1,2022,32,1,зима
Рязанская область,2022,январь-март,205229.0,3,2022-03-01,False,138838.0,,,,132972.66666666666,132972.66666666666,132972.66666666666,3,1,2022,60,1,весна
Рязанская область,2022,январь-апрель,258999.0,4,2022-04-01,False,205229.0,54851.0,,,201022.0,164479.25,164479.25,4,2,2022,91,0,весна
Рязанская область,2022,январь-май,324661.0,5,2022-05-01,False,258999.0,138838.0,,,262963.0,196515.6,196515.6,5,2,2022,121,1,весна
Рязанская область,2022,январь-июнь,422158.0,6,2022-06-01,False,324661.0,205229.0,,,335272.6666666667,234122.66666666666,234122.66666666666,6,2,2022,152,0,лето
Рязанская область,2022,январь-июль,523691.0,7,2022-07-01,False,422158.0,258999.0,54851.0,,423503.3333333333,312262.6666666667,275489.5714285714,7,3,2022,182,0,лето
Рязанская область,2022,январь-август,636682.0,8,2022-08-01,False,523691.0,324661.0,138838.0,,527510.3333333334,395236.6666666667,320638.625,8,3,2022,213,0,лето
Рязанская область,2022,январь-сентябрь,696767.0,9,2022-09-01,False,636682.0,422158.0,205229.0,,619046.6666666666,477159.6666666667,362430.6666666667,9,3,2022,244,0,осень
Рязанская область,2022,январь-октябрь*,826855.0,10,2022-10-01,False,696767.0,523691.0,258999.0,,720101.3333333334,571802.3333333334,408873.1,10,4,2022,274,0,осень
Рязанская область,2022,январь-ноябрь*,882054.0,11,2022-11-01,False,826855.0,636682.0,324661.0,,801892.0,664701.1666666666,451889.54545454547,11,4,2022,305,0,осень
Рязанская область,2022,январь-декабрь*,930967.0,12,2022-12-01,False,882054.0,696767.0,422158.0,,879958.6666666666,749502.6666666666,491812.6666666667,12,4,2022,335,1,зима
Рязанская область,2023,январь,52671.0,1,2023-01-01,False,930967.0,826855.0,523691.0,54851.0,621897.3333333334,670999.3333333334,491631.0,1,1,2023,1,1,зима
Рязанская область,2023,январь-февраль,94417.0,2,2023-02-01,False,52671.0,882054.0,636682.0,138838.0,359351.6666666667,580621.8333333334,487929.25,2,1,2023,32,1,зима
Рязанская область,2023,январь-март,139934.0,3,2023-03-01,False,94417.0,930967.0,696767.0,205229.0,95674.0,487816.3333333333,482488.0,3,1,2023,60,1,весна
Рязанская область,2023,январь-апрель,221216.0,4,2023-04-01,False,139934.0,52671.0,826855.0,258999.0,151855.66666666666,386876.5,479339.4166666667,4,2,2023,91,0,весна
Рязанская область,2023,январь-май,307025.0,5,2023-05-01,False,221216.0,94417.0,882054.0,324661.0,222725.0,291038.3333333333,477869.75,5,2,2023,121,1,весна
Рязанская область,2023,январь-июнь,424745.0,6,2023-06-01,False,307025.0,139934.0,930967.0,422158.0,317662.0,206668.0,478085.3333333333,6,2,2023,152,0,лето
Рязанская область,2023,январь-июль,514706.0,7,2023-07-01,False,424745.0,221216.0,52671.0,523691.0,415492.0,283673.8333333333,477336.5833333333,7,3,2023,182,0,лето
Рязанская область,2023,январь-август,600725.0,8,2023-08-01,False,514706.0,307025.0,94417.0,636682.0,513392.0,368058.5,474340.1666666667,8,3,2023,213,0,лето
Рязанская область,2023,январь-сентябрь,642562.0,9,2023-09-01,False,600725.0,424745.0,139934.0,696767.0,585997.6666666666,451829.8333333333,469823.0833333333,9,3,2023,244,0,осень
Рязанская область,2024,январь,80166.0,1,2024-01-01,False,642562.0,514706.0,221216.0,826855.0,441151.0,428321.5,407599.0,1,1,2024,1,1,зима
Рязанская область,2024,январь-февраль,164168.0,2,2024-02-01,False,80166.0,600725.0,307025.0,882054.0,295632.0,404512.0,347775.1666666667,2,1,2024,32,1,зима
Рязанская область,2024,январь-март,254038.0,3,2024-03-01,False,164168.0,642562.0,424745.0,930967.0,166124.0,376060.8333333333,291364.4166666667,3,1,2024,61,1,весна
Рязанская область,2024,январь-апрель,358188.0,4,2024-04-01,False,254038.0,80166.0,514706.0,52671.0,258798.0,349974.5,316824.1666666667,4,2,2024,92,0,весна
Рязанская область,2024,январь-май,480588.0,5,2024-05-01,False,358188.0,164168.0,600725.0,94417.0,364271.3333333333,329951.6666666667,349005.0833333333,5,2,2024,122,1,весна
Рязанская область,2024,январь-июнь,642139.0,6,2024-06-01,False,480588.0,254038.0,642562.0,139934.0,493638.3333333333,329881.1666666667,390855.5,6,2,2024,153,0,лето
Рязанская область,2024,январь-июль,857751.0,7,2024-07-01,False,642139.0,358188.0,80166.0,221216.0,660159.3333333334,459478.6666666667,443900.0833333333,7,3,2024,183,0,лето
Рязанская область,2024,январь-август,1064772.0,8,2024-08-01,False,857751.0,480588.0,164168.0,307025.0,854887.3333333334,609579.3333333334,507045.6666666667,8,3,2024,214,0,лето
Рязанская область,2024,январь-сентябрь,1196743.0,9,2024-09-01,False,1064772.0,642139.0,254038.0,424745.0,1039755.3333333334,766696.8333333334,571378.8333333334,9,3,2024,245,0,осень
Рязанская область,2025,январь,95222.0,1,2025-01-01,False,1196743.0,857751.0,358188.0,514706.0,785579.0,722869.1666666666,536421.8333333334,1,1,2025,1,1,зима
Рязанская область,2025,январь-февраль,190200.0,2,2025-02-01,False,95222.0,1064772.0,480588.0,600725.0,494055.0,674471.1666666666,502211.4166666667,2,1,2025,32,1,зима
Рязанская область,2025,январь-март,285303.0,3,2025-03-01,False,190200.0,1196743.0,642139.0,642562.0,190241.66666666666,614998.5,472439.8333333333,3,1,2025,60,1,весна
Рязанская область,2025,январь-апрель,385662.0,4,2025-04-01,False,285303.0,95222.0,857751.0,80166.0,287055.0,536317.0,497897.8333333333,4,2,2025,91,0,весна
Рязанская область,2025,январь-май,505853.0,5,2025-05-01,False,385662.0,190200.0,1064772.0,164168.0,392272.6666666667,443163.8333333333,526371.5833333334,5,2,2025,121,1,весна
Рязанская область,2025,январь-июнь,643012.0,6,2025-06-01,False,505853.0,285303.0,1196743.0,254038.0,511509.0,350875.3333333333,558786.0833333334,6,2,2025,152,0,лето
Рязанская область,2025,январь-июль,788978.0,7,2025-07-01,False,643012.0,385662.0,95222.0,358188.0,645947.6666666666,466501.3333333333,594685.25,7,3,2025,182,0,лето
Рязанская область,2025,январь-август,935147.0,8,2025-08-01,False,788978.0,505853.0,190200.0,480588.0,789045.6666666666,590659.1666666666,632565.1666666666,8,3,2025,213,0,лето
Рязанская область,2025,январь-сентябрь,1021076.0,9,2025-09-01,False,935147.0,643012.0,285303.0,642139.0,915067.0,713288.0,664143.25,9,3,2025,244,0,осень
Самарская область,2022,январь,121501.0,1,2022-01-01,False,,,,,121501.0,121501.0,121501.0,1,1,2022,1,1,зима
Самарская область,2022,январь-февраль,236334.0,2,2022-02-01,False,121501.0,,,,178917.5,178917.5,178917.5,2,1,2022,32,1,зима
Самарская область,2022,январь-март,371521.0,3,2022-03-01,False,236334.0,,,,243118.66666666666,243118.66666666666,243118.66666666666,3,1,2022,60,1,весна
Самарская область,2022,январь-апрель,505937.0,4,2022-04-01,False,371521.0,121501.0,,,371264.0,308823.25,308823.25,4,2,2022,91,0,весна
Самарская область,2022,январь-май,679234.0,5,2022-05-01,False,505937.0,236334.0,,,518897.3333333333,382905.4,382905.4,5,2,2022,121,1,весна
Самарская область,2022,январь-июнь,850147.0,6,2022-06-01,False,679234.0,371521.0,,,678439.3333333334,460779.0,460779.0,6,2,2022,152,0,лето
Самарская область,2022,январь-июль,1213939.0,7,2022-07-01,False,850147.0,505937.0,121501.0,,914440.0,642852.0,568373.2857142857,7,3,2022,182,0,лето
Самарская область,2022,январь-август,1495549.0,8,2022-08-01,False,1213939.0,679234.0,236334.0,,1186545.0,852721.1666666666,684270.25,8,3,2022,213,0,лето
Самарская область,2022,январь-сентябрь,1650434.0,9,2022-09-01,False,1495549.0,850147.0,371521.0,,1453307.3333333333,1065873.3333333333,791621.7777777778,9,3,2022,244,0,осень
Самарская область,2022,январь-октябрь*,1728789.0,10,2022-10-01,False,1650434.0,1213939.0,505937.0,,1624924.0,1269682.0,885338.5,10,4,2022,274,0,осень
Самарская область,2022,январь-ноябрь*,1794395.0,11,2022-11-01,False,1728789.0,1495549.0,679234.0,,1724539.3333333333,1455542.1666666667,967980.0,11,4,2022,305,0,осень
Самарская область,2022,январь-декабрь*,1854295.0,12,2022-12-01,False,1794395.0,1650434.0,850147.0,,1792493.0,1622900.1666666667,1041839.5833333334,12,4,2022,335,1,зима
Самарская область,2023,январь,89855.0,1,2023-01-01,False,1854295.0,1728789.0,1213939.0,121501.0,1246181.6666666667,1435552.8333333333,1039202.4166666666,1,1,2023,1,1,зима
Самарская область,2023,январь-февраль,184466.0,2,2023-02-01,False,89855.0,1794395.0,1495549.0,236334.0,709538.6666666666,1217039.0,1034880.0833333334,2,1,2023,32,1,зима
Самарская область,2023,январь-март,283979.0,3,2023-03-01,False,184466.0,1854295.0,1650434.0,371521.0,186100.0,989296.5,1027584.9166666666,3,1,2023,60,1,весна
Самарская область,2023,январь-апрель,386392.0,4,2023-04-01,False,283979.0,89855.0,1728789.0,505937.0,284945.6666666667,765563.6666666666,1017622.8333333334,4,2,2023,91,0,весна
Самарская область,2023,январь-май,491705.0,5,2023-05-01,False,386392.0,184466.0,1794395.0,679234.0,387358.6666666667,548448.6666666666,1001995.4166666666,5,2,2023,121,1,весна
Самарская область,2023,январь-июнь,647566.0,6,2023-06-01,False,491705.0,283979.0,1854295.0,850147.0,508554.3333333333,347327.1666666667,985113.6666666666,6,2,2023,152,0,лето
Самарская область,2023,январь-июль,933659.0,7,2023-07-01,False,647566.0,386392.0,89855.0,1213939.0,690976.6666666666,487961.1666666667,961757.0,7,3,2023,182,0,лето
Самарская область,2023,январь-август,1240070.0,8,2023-08-01,False,933659.0,491705.0,184466.0,1495549.0,940431.6666666666,663895.1666666666,940467.0833333334,8,3,2023,213,0,лето
Самарская область,2023,январь-сентябрь,1445199.0,9,2023-09-01,False,1240070.0,647566.0,283979.0,1650434.0,1206309.3333333333,857431.8333333334,923364.1666666666,9,3,2023,244,0,осень
Самарская область,2024,январь,117037.0,1,2024-01-01,False,1445199.0,933659.0,386392.0,1728789.0,934102.0,812539.3333333334,789051.5,1,1,2024,1,1,зима
Самарская область,2024,январь-февраль,237126.0,2,2024-02-01,False,117037.0,1240070.0,491705.0,1794395.0,599787.3333333334,770109.5,659279.0833333334,2,1,2024,32,1,зима
Самарская область,2024,январь-март,368286.0,3,2024-03-01,False,237126.0,1445199.0,647566.0,1854295.0,240816.33333333334,723562.8333333334,535445.0,3,1,2024,61,1,весна
Самарская область,2024,январь-апрель,508895.0,4,2024-04-01,False,368286.0,117037.0,933659.0,89855.0,371435.6666666667,652768.8333333334,570365.0,4,2,2024,92,0,весна
Самарская область,2024,январь-май,655958.0,5,2024-05-01,False,508895.0,237126.0,1240070.0,184466.0,511046.3333333333,555416.8333333334,609656.0,5,2,2024,122,1,весна
Самарская область,2024,январь-июнь,898656.0,6,2024-06-01,False,655958.0,368286.0,1445199.0,283979.0,687836.3333333334,464326.3333333333,660879.0833333334,6,2,2024,153,0,лето
Самарская область,2024,январь-июль,1280746.0,7,2024-07-01,False,898656.0,508895.0,117037.0,386392.0,945120.0,658277.8333333334,735408.5833333334,7,3,2024,183,0,лето
Самарская область,2024,январь-август,1745760.0,8,2024-08-01,False,1280746.0,655958.0,237126.0,491705.0,1308387.3333333333,909716.8333333334,839913.1666666666,8,3,2024,214,0,лето
Самарская область,2024,январь-сентябрь,1968561.0,9,2024-09-01,False,1745760.0,898656.0,368286.0,647566.0,1665022.3333333333,1176429.3333333333,949996.0833333334,9,3,2024,245,0,осень
Самарская область,2025,январь,100455.0,1,2025-01-01,False,1968561.0,1280746.0,508895.0,933659.0,1271592.0,1108356.0,880562.4166666666,1,1,2025,1,1,зима
Самарская область,2025,январь-февраль,205892.0,2,2025-02-01,False,100455.0,1745760.0,655958.0,1240070.0,758302.6666666666,1033345.0,794380.9166666666,2,1,2025,32,1,зима
Самарская область,2025,январь-март,321246.0,3,2025-03-01,False,205892.0,1968561.0,898656.0,1445199.0,209197.66666666666,937110.0,700718.1666666666,3,1,2025,60,1,весна
Самарская область,2025,январь-апрель,442352.0,4,2025-04-01,False,321246.0,100455.0,1280746.0,117037.0,323163.3333333333,797377.6666666666,727827.75,4,2,2025,91,0,весна
Самарская область,2025,январь-май,577624.0,5,2025-05-01,False,442352.0,205892.0,1745760.0,237126.0,447074.0,602688.3333333334,756202.5833333334,5,2,2025,121,1,весна
Самарская область,2025,январь-июнь,796460.0,6,2025-06-01,False,577624.0,321246.0,1968561.0,368286.0,605478.6666666666,407338.1666666667,791883.75,6,2,2025,152,0,лето
Самарская область,2025,январь-июль,1072803.0,7,2025-07-01,False,796460.0,442352.0,100455.0,508895.0,815629.0,569396.1666666666,838876.0833333334,7,3,2025,182,0,лето
Самарская область,2025,январь-август,1334100.0,8,2025-08-01,False,1072803.0,577624.0,205892.0,655958.0,1067787.6666666667,757430.8333333334,895387.9166666666,8,3,2025,213,0,лето
Самарская область,2025,январь-сентябрь,1488832.0,9,2025-09-01,False,1334100.0,796460.0,321246.0,898656.0,1298578.3333333333,952028.5,944569.25,9,3,2025,244,0,осень
Саратовская область,2022,январь,94081.0,1,2022-01-01,False,,,,,94081.0,94081.0,94081.0,1,1,2022,1,1,зима
Саратовская область,2022,январь-февраль,153233.0,2,2022-02-01,False,94081.0,,,,123657.0,123657.0,123657.0,2,1,2022,32,1,зима
Саратовская область,2022,январь-март,227042.0,3,2022-03-01,False,153233.0,,,,158118.66666666666,158118.66666666666,158118.66666666666,3,1,2022,60,1,весна
Саратовская область,2022,январь-апрель,278027.0,4,2022-04-01,False,227042.0,94081.0,,,219434.0,188095.75,188095.75,4,2,2022,91,0,весна
Саратовская область,2022,январь-май,335940.0,5,2022-05-01,False,278027.0,153233.0,,,280336.3333333333,217664.6,217664.6,5,2,2022,121,1,весна
Саратовская область,2022,январь-июнь,423006.0,6,2022-06-01,False,335940.0,227042.0,,,345657.6666666667,251888.16666666666,251888.16666666666,6,2,2022,152,0,лето
Саратовская область,2022,январь-июль,530292.0,7,2022-07-01,False,423006.0,278027.0,94081.0,,429746.0,324590.0,291660.14285714284,7,3,2022,182,0,лето
Саратовская область,2022,январь-август,623572.0,8,2022-08-01,False,530292.0,335940.0,153233.0,,525623.3333333334,402979.8333333333,333149.125,8,3,2022,213,0,лето
Саратовская область,2022,январь-сентябрь,666343.0,9,2022-09-01,False,623572.0,423006.0,227042.0,,606735.6666666666,476196.6666666667,370170.6666666667,9,3,2022,244,0,осень
Саратовская область,2022,январь-октябрь*,707429.0,10,2022-10-01,False,666343.0,530292.0,278027.0,,665781.3333333334,547763.6666666666,403896.5,10,4,2022,274,0,осень
Саратовская область,2022,январь-ноябрь*,739352.0,11,2022-11-01,False,707429.0,623572.0,335940.0,,704374.6666666666,614999.0,434392.45454545453,11,4,2022,305,0,осень
Саратовская область,2022,январь-декабрь*,775547.0,12,2022-12-01,False,739352.0,666343.0,423006.0,,740776.0,673755.8333333334,462822.0,12,4,2022,335,1,зима
Саратовская область,2023,январь,48836.0,1,2023-01-01,False,775547.0,707429.0,530292.0,94081.0,521245.0,593513.1666666666,459051.5833333333,1,1,2023,1,1,зима
Саратовская область,2023,январь-февраль,100527.0,2,2023-02-01,False,48836.0,739352.0,623572.0,153233.0,308303.3333333333,506339.0,454659.4166666667,2,1,2023,32,1,зима
Саратовская область,2023,январь-март,151760.0,3,2023-03-01,False,100527.0,775547.0,666343.0,227042.0,100374.33333333333,420575.1666666667,448385.9166666667,3,1,2023,60,1,весна
Саратовская область,2023,январь-апрель,210148.0,4,2023-04-01,False,151760.0,48836.0,707429.0,278027.0,154145.0,337695.0,442729.3333333333,4,2,2023,91,0,весна
Саратовская область,2023,январь-май,273715.0,5,2023-05-01,False,210148.0,100527.0,739352.0,335940.0,211874.33333333334,260088.83333333334,437543.9166666667,5,2,2023,121,1,весна
Саратовская область,2023,январь-июнь,385870.0,6,2023-06-01,False,273715.0,151760.0,775547.0,423006.0,289911.0,195142.66666666666,434449.25,6,2,2023,152,0,лето
Саратовская область,2023,январь-июль,606842.0,7,2023-07-01,False,385870.0,210148.0,48836.0,530292.0,422142.3333333333,288143.6666666667,440828.4166666667,7,3,2023,182,0,лето
Саратовская область,2023,январь-август,804411.0,8,2023-08-01,False,606842.0,273715.0,100527.0,623572.0,599041.0,405457.6666666667,455898.3333333333,8,3,2023,213,0,лето
Саратовская область,2023,январь-сентябрь,887602.0,9,2023-09-01,False,804411.0,385870.0,151760.0,666343.0,766285.0,528098.0,474336.5833333333,9,3,2023,244,0,осень
Саратовская область,2024,январь,35753.0,1,2024-01-01,False,887602.0,606842.0,210148.0,707429.0,575922.0,499032.1666666667,418363.5833333333,1,1,2024,1,1,зима
Саратовская область,2024,январь-февраль,68461.0,2,2024-02-01,False,35753.0,804411.0,273715.0,739352.0,330605.3333333333,464823.1666666667,362456.0,2,1,2024,32,1,зима
Саратовская область,2024,январь-март,113501.0,3,2024-03-01,False,68461.0,887602.0,385870.0,775547.0,72571.66666666667,419428.3333333333,307285.5,3,1,2024,61,1,весна
Саратовская область,2024,январь-апрель,167522.0,4,2024-04-01,False,113501.0,35753.0,606842.0,48836.0,116494.66666666667,346208.3333333333,317176.0,4,2,2024,92,0,весна
Саратовская область,2024,январь-май,224319.0,5,2024-05-01,False,167522.0,68461.0,804411.0,100527.0,168447.33333333334,249526.33333333334,327492.0,5,2,2024,122,1,весна
Саратовская область,2024,январь-июнь,342267.0,6,2024-06-01,False,224319.0,113501.0,887602.0,151760.0,244702.66666666666,158637.16666666666,343367.5833333333,6,2,2024,153,0,лето
Саратовская область,2024,январь-июль,482639.0,7,2024-07-01,False,342267.0,167522.0,35753.0,210148.0,349741.6666666667,233118.16666666666,366075.1666666667,7,3,2024,183,0,лето
Саратовская область,2024,январь-август,608674.0,8,2024-08-01,False,482639.0,224319.0,68461.0,273715.0,477860.0,323153.6666666667,393988.4166666667,8,3,2024,214,0,лето
Саратовская область,2024,январь-сентябрь,660808.0,9,2024-09-01,False,608674.0,342267.0,113501.0,385870.0,584040.3333333334,414371.5,416899.9166666667,9,3,2024,245,0,осень
Саратовская область,2025,январь,50518.0,1,2025-01-01,False,660808.0,482639.0,167522.0,606842.0,440000.0,394870.8333333333,370539.5833333333,1,1,2025,1,1,зима
Саратовская область,2025,январь-февраль,91297.0,2,2025-02-01,False,50518.0,608674.0,224319.0,804411.0,267541.0,372700.5,311113.4166666667,2,1,2025,32,1,зима
Саратовская область,2025,январь-март,146728.0,3,2025-03-01,False,91297.0,660808.0,342267.0,887602.0,96181.0,340110.6666666667,249373.91666666666,3,1,2025,60,1,весна
Саратовская область,2025,январь-апрель,195980.0,4,2025-04-01,False,146728.0,50518.0,482639.0,35753.0,144668.33333333334,292334.1666666667,262726.1666666667,4,2,2025,91,0,весна
Саратовская область,2025,январь-май,246323.0,5,2025-05-01,False,195980.0,91297.0,608674.0,68461.0,196343.66666666666,231942.33333333334,277548.0,5,2,2025,121,1,весна
Саратовская область,2025,январь-июнь,361027.0,6,2025-06-01,False,246323.0,146728.0,660808.0,113501.0,267776.6666666667,181978.83333333334,298175.1666666667,6,2,2025,152,0,лето
Саратовская область,2025,январь-июль,535125.0,7,2025-07-01,False,361027.0,195980.0,50518.0,167522.0,380825.0,262746.6666666667,328808.75,7,3,2025,182,0,лето
Саратовская область,2025,январь-август,677510.0,8,2025-08-01,False,535125.0,246323.0,91297.0,224319.0,524554.0,360448.8333333333,366574.6666666667,8,3,2025,213,0,лето
Саратовская область,2025,январь-сентябрь,738013.0,9,2025-09-01,False,677510.0,361027.0,146728.0,342267.0,650216.0,458996.3333333333,399553.5,9,3,2025,244,0,осень
Сахалинская область,2022,январь,52726.0,1,2022-01-01,False,,,,,52726.0,52726.0,52726.0,1,1,2022,1,1,зима
Сахалинская область,2022,январь-февраль,101784.0,2,2022-02-01,False,52726.0,,,,77255.0,77255.0,77255.0,2,1,2022,32,1,зима
Сахалинская область,2022,январь-март,158634.0,3,2022-03-01,False,101784.0,,,,104381.33333333333,104381.33333333333,104381.33333333333,3,1,2022,60,1,весна
Сахалинская область,2022,январь-апрель,171020.0,4,2022-04-01,False,158634.0,52726.0,,,143812.66666666666,121041.0,121041.0,4,2,2022,91,0,весна
Сахалинская область,2022,январь-май,186481.0,5,2022-05-01,False,171020.0,101784.0,,,172045.0,134129.0,134129.0,5,2,2022,121,1,весна
Сахалинская область,2022,январь-июнь,202236.0,6,2022-06-01,False,186481.0,158634.0,,,186579.0,145480.16666666666,145480.16666666666,6,2,2022,152,0,лето
Сахалинская область,2022,январь-июль,218861.0,7,2022-07-01,False,202236.0,171020.0,52726.0,,202526.0,173169.33333333334,155963.14285714287,7,3,2022,182,0,лето
Сахалинская область,2022,январь-август,237878.0,8,2022-08-01,False,218861.0,186481.0,101784.0,,219658.33333333334,195851.66666666666,166202.5,8,3,2022,213,0,лето
Сахалинская область,2022,январь-сентябрь,255417.0,9,2022-09-01,False,237878.0,202236.0,158634.0,,237385.33333333334,211982.16666666666,176115.22222222222,9,3,2022,244,0,осень
Сахалинская область,2022,январь-октябрь*,271694.0,10,2022-10-01,False,255417.0,218861.0,171020.0,,254996.33333333334,228761.16666666666,185673.1,10,4,2022,274,0,осень
Сахалинская область,2022,январь-ноябрь*,286201.0,11,2022-11-01,False,271694.0,237878.0,186481.0,,271104.0,245381.16666666666,194812.0,11,4,2022,305,0,осень
Сахалинская область,2022,январь-декабрь*,302739.0,12,2022-12-01,False,286201.0,255417.0,202236.0,,286878.0,262131.66666666666,203805.91666666666,12,4,2022,335,1,зима
Сахалинская область,2023,январь,59229.0,1,2023-01-01,False,302739.0,271694.0,218861.0,52726.0,216056.33333333334,235526.33333333334,204347.83333333334,1,1,2023,1,1,зима
Сахалинская область,2023,январь-февраль,138753.0,2,2023-02-01,False,59229.0,286201.0,237878.0,101784.0,166907.0,219005.5,207428.58333333334,2,1,2023,32,1,зима
Сахалинская область,2023,январь-март,217836.0,3,2023-03-01,False,138753.0,302739.0,255417.0,158634.0,138606.0,212742.0,212362.08333333334,3,1,2023,60,1,весна
Сахалинская область,2023,январь-апрель,237585.0,4,2023-04-01,False,217836.0,59229.0,271694.0,171020.0,198058.0,207057.16666666666,217909.16666666666,4,2,2023,91,0,весна
Сахалинская область,2023,январь-май,258437.0,5,2023-05-01,False,237585.0,138753.0,286201.0,186481.0,237952.66666666666,202429.83333333334,223905.5,5,2,2023,121,1,весна
Сахалинская область,2023,январь-июнь,284573.0,6,2023-06-01,False,258437.0,217836.0,302739.0,202236.0,260198.33333333334,199402.16666666666,230766.91666666666,6,2,2023,152,0,лето
Сахалинская область,2023,январь-июль,314850.0,7,2023-07-01,False,284573.0,237585.0,59229.0,218861.0,285953.3333333333,242005.66666666666,238766.0,7,3,2023,182,0,лето
Сахалинская область,2023,январь-август,349581.0,8,2023-08-01,False,314850.0,258437.0,138753.0,237878.0,316334.6666666667,277143.6666666667,248074.58333333334,8,3,2023,213,0,лето
Сахалинская область,2023,январь-сентябрь,377309.0,9,2023-09-01,False,349581.0,284573.0,217836.0,255417.0,347246.6666666667,303722.5,258232.25,9,3,2023,244,0,осень
Сахалинская область,2024,январь,25683.0,1,2024-01-01,False,377309.0,314850.0,237585.0,271694.0,250857.66666666666,268405.5,237731.33333333334,1,1,2024,1,1,зима
Сахалинская область,2024,январь-февраль,53439.0,2,2024-02-01,False,25683.0,349581.0,258437.0,286201.0,152143.66666666666,234239.16666666666,218334.5,2,1,2024,32,1,зима
Сахалинская область,2024,январь-март,84947.0,3,2024-03-01,False,53439.0,377309.0,284573.0,302739.0,54689.666666666664,200968.16666666666,200185.16666666666,3,1,2024,61,1,весна
Сахалинская область,2024,январь-апрель,102539.0,4,2024-04-01,False,84947.0,25683.0,314850.0,59229.0,80308.33333333333,165583.0,203794.33333333334,4,2,2024,92,0,весна
Сахалинская область,2024,январь-май,123153.0,5,2024-05-01,False,102539.0,53439.0,349581.0,138753.0,103546.33333333333,127845.0,202494.33333333334,5,2,2024,122,1,весна
Сахалинская область,2024,январь-июнь,144682.0,6,2024-06-01,False,123153.0,84947.0,377309.0,217836.0,123458.0,89073.83333333333,196398.16666666666,6,2,2024,153,0,лето
Сахалинская область,2024,январь-июль,173324.0,7,2024-07-01,False,144682.0,102539.0,25683.0,237585.0,147053.0,113680.66666666667,191043.08333333334,7,3,2024,183,0,лето
Сахалинская область,2024,январь-август,202943.0,8,2024-08-01,False,173324.0,123153.0,53439.0,258437.0,173649.66666666666,138598.0,186418.58333333334,8,3,2024,214,0,лето
Сахалинская область,2024,январь-сентябрь,229981.0,9,2024-09-01,False,202943.0,144682.0,84947.0,284573.0,202082.66666666666,162770.33333333334,181869.25,9,3,2024,245,0,осень
Сахалинская область,2025,январь,32346.0,1,2025-01-01,False,229981.0,173324.0,102539.0,314850.0,155090.0,151071.5,158327.25,1,1,2025,1,1,зима
Сахалинская область,2025,январь-февраль,70232.0,2,2025-02-01,False,32346.0,202943.0,123153.0,349581.0,110853.0,142251.33333333334,135048.16666666666,2,1,2025,32,1,зима
Сахалинская область,2025,январь-март,106718.0,3,2025-03-01,False,70232.0,229981.0,144682.0,377309.0,69765.33333333333,135924.0,112498.91666666667,3,1,2025,60,1,весна
Сахалинская область,2025,январь-апрель,129086.0,4,2025-04-01,False,106718.0,32346.0,173324.0,25683.0,102012.0,128551.0,121115.83333333333,4,2,2025,91,0,весна
Сахалинская область,2025,январь-май,152892.0,5,2025-05-01,False,129086.0,70232.0,202943.0,53439.0,129565.33333333333,120209.16666666667,129403.58333333333,5,2,2025,121,1,весна
Сахалинская область,2025,январь-июнь,186997.0,6,2025-06-01,False,152892.0,106718.0,229981.0,84947.0,156325.0,113045.16666666667,137907.75,6,2,2025,152,0,лето
Сахалинская область,2025,январь-июль,216088.0,7,2025-07-01,False,186997.0,129086.0,32346.0,102539.0,185325.66666666666,143668.83333333334,147370.16666666666,7,3,2025,182,0,лето
Сахалинская область,2025,январь-август,248144.0,8,2025-08-01,False,216088.0,152892.0,70232.0,123153.0,217076.33333333334,173320.83333333334,157786.08333333334,8,3,2025,213,0,лето
Сахалинская область,2025,январь-сентябрь,281243.0,9,2025-09-01,False,248144.0,186997.0,106718.0,144682.0,248491.66666666666,202408.33333333334,169166.16666666666,9,3,2025,244,0,осень
Свердловская область,2022,январь,199989.0,1,2022-01-01,False,,,,,199989.0,199989.0,199989.0,1,1,2022,1,1,зима
Свердловская область,2022,январь-февраль,348459.0,2,2022-02-01,False,199989.0,,,,274224.0,274224.0,274224.0,2,1,2022,32,1,зима
Свердловская область,2022,январь-март,557739.0,3,2022-03-01,False,348459.0,,,,368729.0,368729.0,368729.0,3,1,2022,60,1,весна
Свердловская область,2022,январь-апрель,739927.0,4,2022-04-01,False,557739.0,199989.0,,,548708.3333333334,461528.5,461528.5,4,2,2022,91,0,весна
Свердловская область,2022,январь-май,901125.0,5,2022-05-01,False,739927.0,348459.0,,,732930.3333333334,549447.8,549447.8,5,2,2022,121,1,весна
Свердловская область,2022,январь-июнь,1148573.0,6,2022-06-01,False,901125.0,557739.0,,,929875.0,649302.0,649302.0,6,2,2022,152,0,лето
Свердловская область,2022,январь-июль,1449281.0,7,2022-07-01,False,1148573.0,739927.0,199989.0,,1166326.3333333333,857517.3333333334,763584.7142857143,7,3,2022,182,0,лето
Свердловская область,2022,январь-август,1743488.0,8,2022-08-01,False,1449281.0,901125.0,348459.0,,1447114.0,1090022.1666666667,886072.625,8,3,2022,213,0,лето
Свердловская область,2022,январь-сентябрь,1900513.0,9,2022-09-01,False,1743488.0,1148573.0,557739.0,,1697760.6666666667,1313817.8333333333,998788.2222222222,9,3,2022,244,0,осень
Свердловская область,2022,январь-октябрь*,2077642.0,10,2022-10-01,False,1900513.0,1449281.0,739927.0,,1907214.3333333333,1536770.3333333333,1106673.6,10,4,2022,274,0,осень
Свердловская область,2022,январь-ноябрь*,2262038.0,11,2022-11-01,False,2077642.0,1743488.0,901125.0,,2080064.3333333333,1763589.1666666667,1211706.7272727273,11,4,2022,305,0,осень
Свердловская область,2022,январь-декабрь*,2445219.0,12,2022-12-01,False,2262038.0,1900513.0,1148573.0,,2261633.0,1979696.8333333333,1314499.4166666667,12,4,2022,335,1,зима
Свердловская область,2023,январь,260462.0,1,2023-01-01,False,2445219.0,2077642.0,1449281.0,199989.0,1655906.3333333333,1781560.3333333333,1319538.8333333333,1,1,2023,1,1,зима
Свердловская область,2023,январь-февраль,516454.0,2,2023-02-01,False,260462.0,2262038.0,1743488.0,348459.0,1074045.0,1577054.6666666667,1333538.4166666667,2,1,2023,32,1,зима
Свердловская область,2023,январь-март,827053.0,3,2023-03-01,False,516454.0,2445219.0,1900513.0,557739.0,534656.3333333334,1398144.6666666667,1355981.25,3,1,2023,60,1,весна
Свердловская область,2023,январь-апрель,1074150.0,4,2023-04-01,False,827053.0,260462.0,2077642.0,739927.0,805885.6666666666,1230896.0,1383833.1666666667,4,2,2023,91,0,весна
Свердловская область,2023,январь-май,1318916.0,5,2023-05-01,False,1074150.0,516454.0,2262038.0,901125.0,1073373.0,1073709.0,1418649.0833333333,5,2,2023,121,1,весна
Свердловская область,2023,январь-июнь,1734233.0,6,2023-06-01,False,1318916.0,827053.0,2445219.0,1148573.0,1375766.3333333333,955211.3333333334,1467454.0833333333,6,2,2023,152,0,лето
Свердловская область,2023,январь-июль,2250766.0,7,2023-07-01,False,1734233.0,1074150.0,260462.0,1449281.0,1767971.6666666667,1286928.6666666667,1534244.5,7,3,2023,182,0,лето
Свердловская область,2023,январь-август,2730535.0,8,2023-08-01,False,2250766.0,1318916.0,516454.0,1743488.0,2238511.3333333335,1655942.1666666667,1616498.4166666667,8,3,2023,213,0,лето
Свердловская область,2023,январь-сентябрь,3018512.0,9,2023-09-01,False,2730535.0,1734233.0,827053.0,1900513.0,2666604.3333333335,2021185.3333333333,1709665.0,9,3,2023,244,0,осень
Свердловская область,2024,январь,233881.0,1,2024-01-01,False,3018512.0,2250766.0,1074150.0,2077642.0,1994309.3333333333,1881140.5,1556018.25,1,1,2024,1,1,зима
Свердловская область,2024,январь-февраль,463501.0,2,2024-02-01,False,233881.0,2730535.0,1318916.0,2262038.0,1238631.3333333333,1738571.3333333333,1406140.1666666667,2,1,2024,32,1,зима
Свердловская область,2024,январь-март,739328.0,3,2024-03-01,False,463501.0,3018512.0,1734233.0,2445219.0,478903.3333333333,1572753.8333333333,1263982.5833333333,3,1,2024,61,1,весна
Свердловская область,2024,январь-апрель,960948.0,4,2024-04-01,False,739328.0,233881.0,2250766.0,260462.0,721259.0,1357784.1666666667,1322356.4166666667,4,2,2024,92,0,весна
Свердловская область,2024,январь-май,1165610.0,5,2024-05-01,False,960948.0,463501.0,2730535.0,516454.0,955295.3333333334,1096963.3333333333,1376452.75,5,2,2024,122,1,весна
Свердловская область,2024,январь-июнь,1500324.0,6,2024-06-01,False,1165610.0,739328.0,3018512.0,827053.0,1208960.6666666667,843932.0,1432558.6666666667,6,2,2024,153,0,лето
Свердловская область,2024,январь-июль,1879371.0,7,2024-07-01,False,1500324.0,960948.0,233881.0,1074150.0,1515101.6666666667,1118180.3333333333,1499660.4166666667,7,3,2024,183,0,лето
Свердловская область,2024,январь-август,2239271.0,8,2024-08-01,False,1879371.0,1165610.0,463501.0,1318916.0,1872988.6666666667,1414142.0,1576356.6666666667,8,3,2024,214,0,лето
Свердловская область,2024,январь-сентябрь,2465390.0,9,2024-09-01,False,2239271.0,1500324.0,739328.0,1734233.0,2194677.3333333335,1701819.0,1637286.4166666667,9,3,2024,245,0,осень
Свердловская область,2025,январь,217660.0,1,2025-01-01,False,2465390.0,1879371.0,960948.0,2250766.0,1640773.6666666667,1577937.6666666667,1467860.9166666667,1,1,2025,1,1,зима
Свердловская область,2025,январь-февраль,424019.0,2,2025-02-01,False,217660.0,2239271.0,1165610.0,2730535.0,1035689.6666666666,1454339.1666666667,1275651.25,2,1,2025,32,1,зима
Свердловская область,2025,январь-март,662140.0,3,2025-03-01,False,424019.0,2465390.0,1500324.0,3018512.0,434606.3333333333,1314641.8333333333,1079286.9166666667,3,1,2025,60,1,весна
Свердловская область,2025,январь-апрель,911038.0,4,2025-04-01,False,662140.0,217660.0,1879371.0,233881.0,665732.3333333334,1153253.0,1135716.6666666667,4,2,2025,91,0,весна
Свердловская область,2025,январь-май,1189149.0,5,2025-05-01,False,911038.0,424019.0,2239271.0,463501.0,920775.6666666666,978232.6666666666,1196187.3333333333,5,2,2025,121,1,весна
Свердловская область,2025,январь-июнь,1663096.0,6,2025-06-01,False,1189149.0,662140.0,2465390.0,739328.0,1254427.6666666667,844517.0,1273168.0,6,2,2025,152,0,лето
Свердловская область,2025,январь-июль,2034204.0,7,2025-07-01,False,1663096.0,911038.0,217660.0,960948.0,1628816.3333333333,1147274.3333333333,1362606.0,7,3,2025,182,0,лето
Свердловская область,2025,январь-август,2381659.0,8,2025-08-01,False,2034204.0,1189149.0,424019.0,1165610.0,2026319.6666666667,1473547.6666666667,1463943.4166666667,8,3,2025,213,0,лето
Свердловская область,2025,январь-сентябрь,2591264.0,9,2025-09-01,False,2381659.0,1663096.0,662140.0,1500324.0,2335709.0,1795068.3333333333,1554855.0833333333,9,3,2025,244,0,осень
Смоленская область,2022,январь,17022.0,1,2022-01-01,False,,,,,17022.0,17022.0,17022.0,1,1,2022,1,1,зима
Смоленская область,2022,январь-февраль,32103.0,2,2022-02-01,False,17022.0,,,,24562.5,24562.5,24562.5,2,1,2022,32,1,зима
Смоленская область,2022,январь-март,52201.0,3,2022-03-01,False,32103.0,,,,33775.333333333336,33775.333333333336,33775.333333333336,3,1,2022,60,1,весна
Смоленская область,2022,январь-апрель,75598.0,4,2022-04-01,False,52201.0,17022.0,,,53300.666666666664,44231.0,44231.0,4,2,2022,91,0,весна
Смоленская область,2022,январь-май,114958.0,5,2022-05-01,False,75598.0,32103.0,,,80919.0,58376.4,58376.4,5,2,2022,121,1,весна
Смоленская область,2022,январь-июнь,175672.0,6,2022-06-01,False,114958.0,52201.0,,,122076.0,77925.66666666667,77925.66666666667,6,2,2022,152,0,лето
Смоленская область,2022,январь-июль,219716.0,7,2022-07-01,False,175672.0,75598.0,17022.0,,170115.33333333334,111708.0,98181.42857142857,7,3,2022,182,0,лето
Смоленская область,2022,январь-август,266211.0,8,2022-08-01,False,219716.0,114958.0,32103.0,,220533.0,150726.0,119185.125,8,3,2022,213,0,лето
Смоленская область,2022,январь-сентябрь,295412.0,9,2022-09-01,False,266211.0,175672.0,52201.0,,260446.33333333334,191261.16666666666,138765.88888888888,9,3,2022,244,0,осень
Смоленская область,2022,январь-октябрь*,321293.0,10,2022-10-01,False,295412.0,219716.0,75598.0,,294305.3333333333,232210.33333333334,157018.6,10,4,2022,274,0,осень
Смоленская область,2022,январь-ноябрь*,345510.0,11,2022-11-01,False,321293.0,266211.0,114958.0,,320738.3333333333,270635.6666666667,174154.18181818182,11,4,2022,305,0,осень
Смоленская область,2022,январь-декабрь*,368369.0,12,2022-12-01,False,345510.0,295412.0,175672.0,,345057.3333333333,302751.8333333333,190338.75,12,4,2022,335,1,зима
Смоленская область,2023,январь,34244.0,1,2023-01-01,False,368369.0,321293.0,219716.0,17022.0,249374.33333333334,271839.8333333333,191773.91666666666,1,1,2023,1,1,зима
Смоленская область,2023,январь-февраль,74281.0,2,2023-02-01,False,34244.0,345510.0,266211.0,32103.0,158964.66666666666,239851.5,195288.75,2,1,2023,32,1,зима
Смоленская область,2023,январь-март,120851.0,3,2023-03-01,False,74281.0,368369.0,295412.0,52201.0,76458.66666666667,210758.0,201009.58333333334,3,1,2023,60,1,весна
Смоленская область,2023,январь-апрель,234063.0,4,2023-04-01,False,120851.0,34244.0,321293.0,75598.0,143065.0,196219.66666666666,214215.0,4,2,2023,91,0,весна
Смоленская область,2023,январь-май,356766.0,5,2023-05-01,False,234063.0,74281.0,345510.0,114958.0,237226.66666666666,198095.66666666666,234365.66666666666,5,2,2023,121,1,весна
Смоленская область,2023,январь-июнь,517198.0,6,2023-06-01,False,356766.0,120851.0,368369.0,175672.0,369342.3333333333,222900.5,262826.1666666667,6,2,2023,152,0,лето
Смоленская область,2023,январь-июль,611527.0,7,2023-07-01,False,517198.0,234063.0,34244.0,219716.0,495163.6666666667,319114.3333333333,295477.0833333333,7,3,2023,182,0,лето
Смоленская область,2023,январь-август,697304.0,8,2023-08-01,False,611527.0,356766.0,74281.0,266211.0,608676.3333333334,422951.5,331401.5,8,3,2023,213,0,лето
Смоленская область,2023,январь-сентябрь,770176.0,9,2023-09-01,False,697304.0,517198.0,120851.0,295412.0,693002.3333333334,531172.3333333334,370965.1666666667,9,3,2023,244,0,осень
Смоленская область,2024,январь,41242.0,1,2024-01-01,False,770176.0,611527.0,234063.0,321293.0,502907.3333333333,499035.5,347627.5833333333,1,1,2024,1,1,зима
Смоленская область,2024,январь-февраль,88307.0,2,2024-02-01,False,41242.0,697304.0,356766.0,345510.0,299908.3333333333,454292.3333333333,326194.0,2,1,2024,32,1,зима
Смоленская область,2024,январь-март,138864.0,3,2024-03-01,False,88307.0,770176.0,517198.0,368369.0,89471.0,391236.6666666667,307068.5833333333,3,1,2024,61,1,весна
Смоленская область,2024,январь-апрель,220242.0,4,2024-04-01,False,138864.0,41242.0,611527.0,34244.0,149137.66666666666,326022.5,322568.4166666667,4,2,2024,92,0,весна
Смоленская область,2024,январь-май,298491.0,5,2024-05-01,False,220242.0,88307.0,697304.0,74281.0,219199.0,259553.66666666666,341252.5833333333,5,2,2024,122,1,весна
Смоленская область,2024,январь-июнь,408435.0,6,2024-06-01,False,298491.0,138864.0,770176.0,120851.0,309056.0,199263.5,365217.9166666667,6,2,2024,153,0,лето
Смоленская область,2024,январь-июль,481859.0,7,2024-07-01,False,408435.0,220242.0,41242.0,234063.0,396261.6666666667,272699.6666666667,385867.5833333333,7,3,2024,183,0,лето
Смоленская область,2024,январь-август,558565.0,8,2024-08-01,False,481859.0,298491.0,88307.0,356766.0,482953.0,351076.0,402684.1666666667,8,3,2024,214,0,лето
Смоленская область,2024,январь-сентябрь,609602.0,9,2024-09-01,False,558565.0,408435.0,138864.0,517198.0,550008.6666666666,429532.3333333333,410384.5,9,3,2024,245,0,осень
Смоленская область,2025,январь,42334.0,1,2025-01-01,False,609602.0,481859.0,220242.0,611527.0,403500.3333333333,399881.0,362951.75,1,1,2025,1,1,зима
Смоленская область,2025,январь-февраль,85133.0,2,2025-02-01,False,42334.0,558565.0,298491.0,697304.0,245689.66666666666,364321.3333333333,311937.5,2,1,2025,32,1,зима
Смоленская область,2025,январь-март,128938.0,3,2025-03-01,False,85133.0,609602.0,408435.0,770176.0,85468.33333333333,317738.5,258501.0,3,1,2025,60,1,весна
Смоленская область,2025,январь-апрель,168144.0,4,2025-04-01,False,128938.0,42334.0,481859.0,41242.0,127405.0,265452.6666666667,269076.1666666667,4,2,2025,91,0,весна
Смоленская область,2025,январь-май,205077.0,5,2025-05-01,False,168144.0,85133.0,558565.0,88307.0,167386.33333333334,206538.0,278807.0,5,2,2025,121,1,весна
Смоленская область,2025,январь-июнь,259798.0,6,2025-06-01,False,205077.0,128938.0,609602.0,138864.0,211006.33333333334,148237.33333333334,288884.8333333333,6,2,2025,152,0,лето
Смоленская область,2025,январь-июль,322615.0,7,2025-07-01,False,259798.0,168144.0,42334.0,220242.0,262496.6666666667,194950.83333333334,297415.9166666667,7,3,2025,182,0,лето
Смоленская область,2025,январь-август,377787.0,8,2025-08-01,False,322615.0,205077.0,85133.0,298491.0,320066.6666666667,243726.5,304023.9166666667,8,3,2025,213,0,лето
Смоленская область,2025,январь-сентябрь,422882.0,9,2025-09-01,False,377787.0,259798.0,128938.0,408435.0,374428.0,292717.1666666667,305227.8333333333,9,3,2025,244,0,осень
Ставропольский край,2022,январь,121085.0,1,2022-01-01,False,,,,,121085.0,121085.0,121085.0,1,1,2022,1,1,зима
Ставропольский край,2022,январь-февраль,235616.0,2,2022-02-01,False,121085.0,,,,178350.5,178350.5,178350.5,2,1,2022,32,1,зима
Ставропольский край,2022,январь-март,396606.0,3,2022-03-01,False,235616.0,,,,251102.33333333334,251102.33333333334,251102.33333333334,3,1,2022,60,1,весна
Ставропольский край,2022,январь-апрель,564253.0,4,2022-04-01,False,396606.0,121085.0,,,398825.0,329390.0,329390.0,4,2,2022,91,0,весна
Ставропольский край,2022,январь-май,713583.0,5,2022-05-01,False,564253.0,235616.0,,,558147.3333333334,406228.6,406228.6,5,2,2022,121,1,весна
Ставропольский край,2022,январь-июнь,875355.0,6,2022-06-01,False,713583.0,396606.0,,,717730.3333333334,484416.3333333333,484416.3333333333,6,2,2022,152,0,лето
Ставропольский край,2022,январь-июль,1073370.0,7,2022-07-01,False,875355.0,564253.0,121085.0,,887436.0,643130.5,568552.5714285715,7,3,2022,182,0,лето
Ставропольский край,2022,январь-август,1241415.0,8,2022-08-01,False,1073370.0,713583.0,235616.0,,1063380.0,810763.6666666666,652660.375,8,3,2022,213,0,лето
Ставропольский край,2022,январь-сентябрь,1416902.0,9,2022-09-01,False,1241415.0,875355.0,396606.0,,1243895.6666666667,980813.0,737576.1111111111,9,3,2022,244,0,осень
Ставропольский край,2022,январь-октябрь*,1555274.0,10,2022-10-01,False,1416902.0,1073370.0,564253.0,,1404530.3333333333,1145983.1666666667,819345.9,10,4,2022,274,0,осень
Ставропольский край,2022,январь-ноябрь*,1683732.0,11,2022-11-01,False,1555274.0,1241415.0,713583.0,,1551969.3333333333,1307674.6666666667,897926.4545454546,11,4,2022,305,0,осень
Ставропольский край,2022,январь-декабрь*,1771898.0,12,2022-12-01,False,1683732.0,1416902.0,875355.0,,1670301.3333333333,1457098.5,970757.4166666666,12,4,2022,335,1,зима
Ставропольский край,2023,январь,131859.0,1,2023-01-01,False,1771898.0,1555274.0,1073370.0,121085.0,1195829.6666666667,1300180.0,971655.25,1,1,2023,1,1,зима
Ставропольский край,2023,январь-февраль,264309.0,2,2023-02-01,False,131859.0,1683732.0,1241415.0,235616.0,722688.6666666666,1137329.0,974046.3333333334,2,1,2023,32,1,зима
Ставропольский край,2023,январь-март,436398.0,3,2023-03-01,False,264309.0,1771898.0,1416902.0,396606.0,277522.0,973911.6666666666,977362.3333333334,3,1,2023,60,1,весна
Ставропольский край,2023,январь-апрель,663224.0,4,2023-04-01,False,436398.0,131859.0,1555274.0,564253.0,454643.6666666667,825236.6666666666,985609.9166666666,4,2,2023,91,0,весна
Ставропольский край,2023,январь-май,878668.0,5,2023-05-01,False,663224.0,264309.0,1683732.0,713583.0,659430.0,691059.3333333334,999367.0,5,2,2023,121,1,весна
Ставропольский край,2023,январь-июнь,1092885.0,6,2023-06-01,False,878668.0,436398.0,1771898.0,875355.0,878259.0,577890.5,1017494.5,6,2,2023,152,0,лето
Ставропольский край,2023,январь-июль,1537875.0,7,2023-07-01,False,1092885.0,663224.0,131859.0,1073370.0,1169809.3333333333,812226.5,1056203.25,7,3,2023,182,0,лето
Ставропольский край,2023,январь-август,2004496.0,8,2023-08-01,False,1537875.0,878668.0,264309.0,1241415.0,1545085.3333333333,1102257.6666666667,1119793.3333333333,8,3,2023,213,0,лето
Ставропольский край,2023,январь-сентябрь,2421829.0,9,2023-09-01,False,2004496.0,1092885.0,436398.0,1416902.0,1988066.6666666667,1433162.8333333333,1203537.25,9,3,2023,244,0,осень
Ставропольский край,2024,январь,136508.0,1,2024-01-01,False,2421829.0,1537875.0,663224.0,1555274.0,1520944.3333333333,1345376.8333333333,1085306.75,1,1,2024,1,1,зима
Ставропольский край,2024,январь-февраль,275748.0,2,2024-02-01,False,136508.0,2004496.0,878668.0,1683732.0,944695.0,1244890.1666666667,967974.75,2,1,2024,32,1,зима
Ставропольский край,2024,январь-март,441358.0,3,2024-03-01,False,275748.0,2421829.0,1092885.0,1771898.0,284538.0,1136302.3333333333,857096.4166666666,3,1,2024,61,1,весна
Ставропольский край,2024,январь-апрель,715587.0,4,2024-04-01,False,441358.0,136508.0,1537875.0,131859.0,477564.3333333333,999254.3333333334,905740.4166666666,4,2,2024,92,0,весна
Ставропольский край,2024,январь-май,966972.0,5,2024-05-01,False,715587.0,275748.0,2004496.0,264309.0,707972.3333333334,826333.6666666666,964295.6666666666,5,2,2024,122,1,весна
Ставропольский край,2024,январь-июнь,1232593.0,6,2024-06-01,False,966972.0,441358.0,2421829.0,436398.0,971717.3333333334,628127.6666666666,1030645.25,6,2,2024,153,0,лето
Ставропольский край,2024,январь-июль,1490323.0,7,2024-07-01,False,1232593.0,715587.0,136508.0,663224.0,1229962.6666666667,853763.5,1099570.1666666667,7,3,2024,183,0,лето
Ставропольский край,2024,январь-август,1749924.0,8,2024-08-01,False,1490323.0,966972.0,275748.0,878668.0,1490946.6666666667,1099459.5,1172174.8333333333,8,3,2024,214,0,лето
Ставропольский край,2024,январь-сентябрь,1983100.0,9,2024-09-01,False,1749924.0,1232593.0,441358.0,1092885.0,1741115.6666666667,1356416.5,1246359.4166666667,9,3,2024,245,0,осень
Ставропольский край,2025,январь,141649.0,1,2025-01-01,False,1983100.0,1490323.0,715587.0,1537875.0,1291557.6666666667,1260760.1666666667,1130007.25,1,1,2025,1,1,зима
Ставропольский край,2025,январь-февраль,278950.0,2,2025-02-01,False,141649.0,1749924.0,966972.0,2004496.0,801233.0,1146089.8333333333,986211.75,2,1,2025,32,1,зима
Ставропольский край,2025,январь-март,454155.0,3,2025-03-01,False,278950.0,1983100.0,1232593.0,2421829.0,291584.6666666667,1016350.1666666666,822238.9166666666,3,1,2025,60,1,весна
Ставропольский край,2025,январь-апрель,691672.0,4,2025-04-01,False,454155.0,141649.0,1490323.0,136508.0,474925.6666666667,883241.6666666666,868502.5833333334,4,2,2025,91,0,весна
Ставропольский край,2025,январь-май,919900.0,5,2025-05-01,False,691672.0,278950.0,1749924.0,275748.0,688575.6666666666,744904.3333333334,922181.9166666666,5,2,2025,121,1,весна
Ставропольский край,2025,январь-июнь,1168314.0,6,2025-06-01,False,919900.0,454155.0,1983100.0,441358.0,926628.6666666666,609106.6666666666,982761.5833333334,6,2,2025,152,0,лето
Ставропольский край,2025,январь-июль,1506358.0,7,2025-07-01,False,1168314.0,691672.0,141649.0,715587.0,1198190.6666666667,836558.1666666666,1048659.1666666667,7,3,2025,182,0,лето
Ставропольский край,2025,январь-август,1846714.0,8,2025-08-01,False,1506358.0,919900.0,278950.0,966972.0,1507128.6666666667,1097852.1666666667,1121971.0,8,3,2025,213,0,лето
Ставропольский край,2025,январь-сентябрь,2139761.0,9,2025-09-01,False,1846714.0,1168314.0,454155.0,1232593.0,1830944.3333333333,1378786.5,1197568.3333333333,9,3,2025,244,0,осень
Тамбовская область,2022,январь,13395.0,1,2022-01-01,False,,,,,13395.0,13395.0,13395.0,1,1,2022,1,1,зима
Тамбовская область,2022,январь-февраль,29165.0,2,2022-02-01,False,13395.0,,,,21280.0,21280.0,21280.0,2,1,2022,32,1,зима
Тамбовская область,2022,январь-март,53260.0,3,2022-03-01,False,29165.0,,,,31940.0,31940.0,31940.0,3,1,2022,60,1,весна
Тамбовская область,2022,январь-апрель,101956.0,4,2022-04-01,False,53260.0,13395.0,,,61460.333333333336,49444.0,49444.0,4,2,2022,91,0,весна
Тамбовская область,2022,январь-май,149459.0,5,2022-05-01,False,101956.0,29165.0,,,101558.33333333333,69447.0,69447.0,5,2,2022,121,1,весна
Тамбовская область,2022,январь-июнь,201341.0,6,2022-06-01,False,149459.0,53260.0,,,150918.66666666666,91429.33333333333,91429.33333333333,6,2,2022,152,0,лето
Тамбовская область,2022,январь-июль,270186.0,7,2022-07-01,False,201341.0,101956.0,13395.0,,206995.33333333334,134227.83333333334,116966.0,7,3,2022,182,0,лето
Тамбовская область,2022,январь-август,310306.0,8,2022-08-01,False,270186.0,149459.0,29165.0,,260611.0,181084.66666666666,141133.5,8,3,2022,213,0,лето
Тамбовская область,2022,январь-сентябрь,330986.0,9,2022-09-01,False,310306.0,201341.0,53260.0,,303826.0,227372.33333333334,162228.22222222222,9,3,2022,244,0,осень
Тамбовская область,2022,январь-октябрь*,345318.0,10,2022-10-01,False,330986.0,270186.0,101956.0,,328870.0,267932.6666666667,180537.2,10,4,2022,274,0,осень
Тамбовская область,2022,январь-ноябрь*,361927.0,11,2022-11-01,False,345318.0,310306.0,149459.0,,346077.0,303344.0,197027.18181818182,11,4,2022,305,0,осень
Тамбовская область,2022,январь-декабрь*,374687.0,12,2022-12-01,False,361927.0,330986.0,201341.0,,360644.0,332235.0,211832.16666666666,12,4,2022,335,1,зима
Тамбовская область,2023,январь,16664.0,1,2023-01-01,False,374687.0,345318.0,270186.0,13395.0,251092.66666666666,289981.3333333333,212104.58333333334,1,1,2023,1,1,зима
Тамбовская область,2023,январь-февраль,34318.0,2,2023-02-01,False,16664.0,361927.0,310306.0,29165.0,141889.66666666666,243983.33333333334,212534.0,2,1,2023,32,1,зима
Тамбовская область,2023,январь-март,52094.0,3,2023-03-01,False,34318.0,374687.0,330986.0,53260.0,34358.666666666664,197501.33333333334,212436.83333333334,3,1,2023,60,1,весна
Тамбовская область,2023,январь-апрель,77373.0,4,2023-04-01,False,52094.0,16664.0,345318.0,101956.0,54595.0,152843.83333333334,210388.25,4,2,2023,91,0,весна
Тамбовская область,2023,январь-май,118240.0,5,2023-05-01,False,77373.0,34318.0,361927.0,149459.0,82569.0,112229.33333333333,207786.66666666666,5,2,2023,121,1,весна
Тамбовская область,2023,январь-июнь,177474.0,6,2023-06-01,False,118240.0,52094.0,374687.0,201341.0,124362.33333333333,79360.5,205797.75,6,2,2023,152,0,лето
Тамбовская область,2023,январь-июль,281708.0,7,2023-07-01,False,177474.0,77373.0,16664.0,270186.0,192474.0,123534.5,206757.91666666666,7,3,2023,182,0,лето
Тамбовская область,2023,январь-август,366508.0,8,2023-08-01,False,281708.0,118240.0,34318.0,310306.0,275230.0,178899.5,211441.41666666666,8,3,2023,213,0,лето
Тамбовская область,2023,январь-сентябрь,398807.0,9,2023-09-01,False,366508.0,177474.0,52094.0,330986.0,349007.6666666667,236685.0,217093.16666666666,9,3,2023,244,0,осень
Тамбовская область,2024,январь,14103.0,1,2024-01-01,False,398807.0,281708.0,77373.0,345318.0,259806.0,226140.0,189491.91666666666,1,1,2024,1,1,зима
Тамбовская область,2024,январь-февраль,31810.0,2,2024-02-01,False,14103.0,366508.0,118240.0,361927.0,148240.0,211735.0,161982.16666666666,2,1,2024,32,1,зима
Тамбовская область,2024,январь-март,50139.0,3,2024-03-01,False,31810.0,398807.0,177474.0,374687.0,32017.333333333332,190512.5,134936.5,3,1,2024,61,1,весна
Тамбовская область,2024,январь-апрель,76857.0,4,2024-04-01,False,50139.0,14103.0,281708.0,16664.0,52935.333333333336,156370.66666666666,139952.58333333334,4,2,2024,92,0,весна
Тамбовская область,2024,январь-май,109270.0,5,2024-05-01,False,76857.0,31810.0,366508.0,34318.0,78755.33333333333,113497.66666666667,146198.58333333334,5,2,2024,122,1,весна
Тамбовская область,2024,январь-июнь,188580.0,6,2024-06-01,False,109270.0,50139.0,398807.0,52094.0,124902.33333333333,78459.83333333333,157572.41666666666,6,2,2024,153,0,лето
Тамбовская область,2024,январь-июль,266959.0,7,2024-07-01,False,188580.0,76857.0,14103.0,77373.0,188269.66666666666,120602.5,173371.25,7,3,2024,183,0,лето
Тамбовская область,2024,январь-август,332897.0,8,2024-08-01,False,266959.0,109270.0,31810.0,118240.0,262812.0,170783.66666666666,191259.33333333334,8,3,2024,214,0,лето
Тамбовская область,2024,январь-сентябрь,357631.0,9,2024-09-01,False,332897.0,188580.0,50139.0,177474.0,319162.3333333333,222032.33333333334,206272.41666666666,9,3,2024,245,0,осень
Тамбовская область,2025,январь,19042.0,1,2025-01-01,False,357631.0,266959.0,76857.0,281708.0,236523.33333333334,212396.5,184383.58333333334,1,1,2025,1,1,зима
Тамбовская область,2025,январь-февраль,44941.0,2,2025-02-01,False,19042.0,332897.0,109270.0,366508.0,140538.0,201675.0,157586.33333333334,2,1,2025,32,1,зима
Тамбовская область,2025,январь-март,73323.0,3,2025-03-01,False,44941.0,357631.0,188580.0,398807.0,45768.666666666664,182465.5,130462.66666666667,3,1,2025,60,1,весна
Тамбовская область,2025,январь-апрель,99715.0,4,2025-04-01,False,73323.0,19042.0,266959.0,14103.0,72659.66666666667,154591.5,137597.0,4,2,2025,91,0,весна
Тамбовская область,2025,январь-май,134658.0,5,2025-05-01,False,99715.0,44941.0,332897.0,31810.0,102565.33333333333,121551.66666666667,146167.66666666666,5,2,2025,121,1,весна
Тамбовская область,2025,январь-июнь,210815.0,6,2025-06-01,False,134658.0,73323.0,357631.0,50139.0,148396.0,97082.33333333333,159557.33333333334,6,2,2025,152,0,лето
Тамбовская область,2025,январь-июль,274220.0,7,2025-07-01,False,210815.0,99715.0,19042.0,76857.0,206564.33333333334,139612.0,176004.25,7,3,2025,182,0,лето
Тамбовская область,2025,январь-август,325380.0,8,2025-08-01,False,274220.0,134658.0,44941.0,109270.0,270138.3333333333,186351.83333333334,194013.41666666666,8,3,2025,213,0,лето
Тамбовская область,2025,январь-сентябрь,351045.0,9,2025-09-01,False,325380.0,210815.0,73323.0,188580.0,316881.6666666667,232638.83333333334,207552.16666666666,9,3,2025,244,0,осень
Тверская область,2022,январь,129519.0,1,2022-01-01,False,,,,,129519.0,129519.0,129519.0,1,1,2022,1,1,зима
Тверская область,2022,январь-февраль,225261.0,2,2022-02-01,False,129519.0,,,,177390.0,177390.0,177390.0,2,1,2022,32,1,зима
Тверская область,2022,январь-март,337181.0,3,2022-03-01,False,225261.0,,,,230653.66666666666,230653.66666666666,230653.66666666666,3,1,2022,60,1,весна
Тверская область,2022,январь-апрель,566716.0,4,2022-04-01,False,337181.0,129519.0,,,376386.0,314669.25,314669.25,4,2,2022,91,0,весна
Тверская область,2022,январь-май,746144.0,5,2022-05-01,False,566716.0,225261.0,,,550013.6666666666,400964.2,400964.2,5,2,2022,121,1,весна
Тверская область,2022,январь-июнь,974075.0,6,2022-06-01,False,746144.0,337181.0,,,762311.6666666666,496482.6666666667,496482.6666666667,6,2,2022,152,0,лето
Тверская область,2022,январь-июль,1128975.0,7,2022-07-01,False,974075.0,566716.0,129519.0,,949731.3333333334,663058.6666666666,586838.7142857143,7,3,2022,182,0,лето
Тверская область,2022,январь-август,1269993.0,8,2022-08-01,False,1128975.0,746144.0,225261.0,,1124347.6666666667,837180.6666666666,672233.0,8,3,2022,213,0,лето
Тверская область,2022,январь-сентябрь,1354512.0,9,2022-09-01,False,1269993.0,974075.0,337181.0,,1251160.0,1006735.8333333334,748041.7777777778,9,3,2022,244,0,осень
Тверская область,2022,январь-октябрь*,1399681.0,10,2022-10-01,False,1354512.0,1128975.0,566716.0,,1341395.3333333333,1145563.3333333333,813205.7,10,4,2022,274,0,осень
Тверская область,2022,январь-ноябрь*,1439999.0,11,2022-11-01,False,1399681.0,1269993.0,746144.0,,1398064.0,1261205.8333333333,870186.9090909091,11,4,2022,305,0,осень
Тверская область,2022,январь-декабрь*,1482327.0,12,2022-12-01,False,1439999.0,1354512.0,974075.0,,1440669.0,1345914.5,921198.5833333334,12,4,2022,335,1,зима
Тверская область,2023,январь,66940.0,1,2023-01-01,False,1482327.0,1399681.0,1128975.0,129519.0,996422.0,1168908.6666666667,915983.6666666666,1,1,2023,1,1,зима
Тверская область,2023,январь-февраль,176843.0,2,2023-02-01,False,66940.0,1439999.0,1269993.0,225261.0,575370.0,986717.0,911948.8333333334,2,1,2023,32,1,зима
Тверская область,2023,январь-март,260067.0,3,2023-03-01,False,176843.0,1482327.0,1354512.0,337181.0,167950.0,804309.5,905522.6666666666,3,1,2023,60,1,весна
Тверская область,2023,январь-апрель,324933.0,4,2023-04-01,False,260067.0,66940.0,1399681.0,566716.0,253947.66666666666,625184.8333333334,885374.0833333334,4,2,2023,91,0,весна
Тверская область,2023,январь-май,397275.0,5,2023-05-01,False,324933.0,176843.0,1439999.0,746144.0,327425.0,451397.5,856301.6666666666,5,2,2023,121,1,весна
Тверская область,2023,январь-июнь,509314.0,6,2023-06-01,False,397275.0,260067.0,1482327.0,974075.0,410507.3333333333,289228.6666666667,817571.5833333334,6,2,2023,152,0,лето
Тверская область,2023,январь-июль,679048.0,7,2023-07-01,False,509314.0,324933.0,66940.0,1128975.0,528545.6666666666,391246.6666666667,780077.6666666666,7,3,2023,182,0,лето
Тверская область,2023,январь-август,853327.0,8,2023-08-01,False,679048.0,397275.0,176843.0,1269993.0,680563.0,503994.0,745355.5,8,3,2023,213,0,лето
Тверская область,2023,январь-сентябрь,965788.0,9,2023-09-01,False,853327.0,509314.0,260067.0,1354512.0,832721.0,621614.1666666666,712961.8333333334,9,3,2023,244,0,осень
Тверская область,2024,январь,159849.0,1,2024-01-01,False,965788.0,679048.0,324933.0,1399681.0,659654.6666666666,594100.1666666666,609642.5,1,1,2024,1,1,зима
Тверская область,2024,январь-февраль,347705.0,2,2024-02-01,False,159849.0,853327.0,397275.0,1439999.0,491114.0,585838.5,518618.0,2,1,2024,32,1,зима
Тверская область,2024,январь-март,517066.0,3,2024-03-01,False,347705.0,965788.0,509314.0,1482327.0,341540.0,587130.5,438179.5833333333,3,1,2024,61,1,весна
Тверская область,2024,январь-апрель,826963.0,4,2024-04-01,False,517066.0,159849.0,679048.0,66940.0,563911.3333333334,611783.0,501514.8333333333,4,2,2024,92,0,весна
Тверская область,2024,январь-май,1210081.0,5,2024-05-01,False,826963.0,347705.0,853327.0,176843.0,851370.0,671242.0,587618.0,5,2,2024,122,1,весна
Тверская область,2024,январь-июнь,1815825.0,6,2024-06-01,False,1210081.0,517066.0,965788.0,260067.0,1284289.6666666667,812914.8333333334,717264.5,6,2,2024,153,0,лето
Тверская область,2024,январь-июль,2186707.0,7,2024-07-01,False,1815825.0,826963.0,159849.0,324933.0,1737537.6666666667,1150724.5,872412.3333333334,7,3,2024,183,0,лето
Тверская область,2024,январь-август,2550816.0,8,2024-08-01,False,2186707.0,1210081.0,347705.0,397275.0,2184449.3333333335,1517909.6666666667,1051874.0833333333,8,3,2024,214,0,лето
Тверская область,2024,январь-сентябрь,2781824.0,9,2024-09-01,False,2550816.0,1815825.0,517066.0,509314.0,2506449.0,1895369.3333333333,1241249.9166666667,9,3,2024,245,0,осень
Тверская область,2025,январь,315045.0,1,2025-01-01,False,2781824.0,2186707.0,826963.0,679048.0,1882561.6666666667,1810049.6666666667,1210916.3333333333,1,1,2025,1,1,зима
Тверская область,2025,январь-февраль,750638.0,2,2025-02-01,False,315045.0,2550816.0,1210081.0,853327.0,1282502.3333333333,1733475.8333333333,1202358.9166666667,2,1,2025,32,1,зима
Тверская область,2025,январь-март,1171236.0,3,2025-03-01,False,750638.0,2781824.0,1815825.0,965788.0,745639.6666666666,1626044.3333333333,1219479.5833333333,3,1,2025,60,1,весна
Тверская область,2025,январь-апрель,1426660.0,4,2025-04-01,False,1171236.0,315045.0,2186707.0,159849.0,1116178.0,1499369.8333333333,1325047.1666666667,4,2,2025,91,0,весна
Тверская область,2025,январь-май,1725729.0,5,2025-05-01,False,1426660.0,750638.0,2550816.0,347705.0,1441208.3333333333,1361855.3333333333,1439882.5,5,2,2025,121,1,весна
Тверская область,2025,январь-июнь,2184399.0,6,2025-06-01,False,1725729.0,1171236.0,2781824.0,517066.0,1778929.3333333333,1262284.5,1578826.9166666667,6,2,2025,152,0,лето
Тверская область,2025,январь-июль,2624548.0,7,2025-07-01,False,2184399.0,1426660.0,315045.0,826963.0,2178225.3333333335,1647201.6666666667,1728625.6666666667,7,3,2025,182,0,лето
Тверская область,2025,январь-август,3027936.0,8,2025-08-01,False,2624548.0,1725729.0,750638.0,1210081.0,2612294.3333333335,2026751.3333333333,1880113.5833333333,8,3,2025,213,0,лето
Тверская область,2025,январь-сентябрь,3263582.0,9,2025-09-01,True,3027936.0,2184399.0,1171236.0,1815825.0,2972022.0,2375475.6666666665,2000760.0,9,3,2025,244,0,осень
Томская область,2022,январь,18789.0,1,2022-01-01,False,,,,,18789.0,18789.0,18789.0,1,1,2022,1,1,зима
Томская область,2022,январь-февраль,37183.0,2,2022-02-01,False,18789.0,,,,27986.0,27986.0,27986.0,2,1,2022,32,1,зима
Томская область,2022,январь-март,61201.0,3,2022-03-01,False,37183.0,,,,39057.666666666664,39057.666666666664,39057.666666666664,3,1,2022,60,1,весна
Томская область,2022,январь-апрель,93863.0,4,2022-04-01,False,61201.0,18789.0,,,64082.333333333336,52759.0,52759.0,4,2,2022,91,0,весна
Томская область,2022,январь-май,130677.0,5,2022-05-01,False,93863.0,37183.0,,,95247.0,68342.6,68342.6,5,2,2022,121,1,весна
Томская область,2022,январь-июнь,182569.0,6,2022-06-01,False,130677.0,61201.0,,,135703.0,87380.33333333333,87380.33333333333,6,2,2022,152,0,лето
Томская область,2022,январь-июль,222228.0,7,2022-07-01,False,182569.0,93863.0,18789.0,,178491.33333333334,121286.83333333333,106644.28571428571,7,3,2022,182,0,лето
Томская область,2022,январь-август,252191.0,8,2022-08-01,False,222228.0,130677.0,37183.0,,218996.0,157121.5,124837.625,8,3,2022,213,0,лето
Томская область,2022,январь-сентябрь,285586.0,9,2022-09-01,False,252191.0,182569.0,61201.0,,253335.0,194519.0,142698.55555555556,9,3,2022,244,0,осень
Томская область,2022,январь-октябрь*,339017.0,10,2022-10-01,False,285586.0,222228.0,93863.0,,292264.6666666667,235378.0,162330.4,10,4,2022,274,0,осень
Томская область,2022,январь-ноябрь*,387380.0,11,2022-11-01,False,339017.0,252191.0,130677.0,,337327.6666666667,278161.8333333333,182789.45454545456,11,4,2022,305,0,осень
Томская область,2022,январь-декабрь*,419934.0,12,2022-12-01,False,387380.0,285586.0,182569.0,,382110.3333333333,317722.6666666667,202551.5,12,4,2022,335,1,зима
Томская область,2023,январь,20131.0,1,2023-01-01,False,419934.0,339017.0,222228.0,18789.0,275815.0,284039.8333333333,202663.33333333334,1,1,2023,1,1,зима
Томская область,2023,январь-февраль,43157.0,2,2023-02-01,False,20131.0,387380.0,252191.0,37183.0,161074.0,249200.83333333334,203161.16666666666,2,1,2023,32,1,зима
Томская область,2023,январь-март,74117.0,3,2023-03-01,False,43157.0,419934.0,285586.0,61201.0,45801.666666666664,213956.0,204237.5,3,1,2023,60,1,весна
Томская область,2023,январь-апрель,103032.0,4,2023-04-01,False,74117.0,20131.0,339017.0,93863.0,73435.33333333333,174625.16666666666,205001.58333333334,4,2,2023,91,0,весна
Томская область,2023,январь-май,144156.0,5,2023-05-01,False,103032.0,43157.0,387380.0,130677.0,107101.66666666667,134087.83333333334,206124.83333333334,5,2,2023,121,1,весна
Томская область,2023,январь-июнь,187208.0,6,2023-06-01,False,144156.0,74117.0,419934.0,182569.0,144798.66666666666,95300.16666666667,206511.41666666666,6,2,2023,152,0,лето
Томская область,2023,январь-июль,257722.0,7,2023-07-01,False,187208.0,103032.0,20131.0,222228.0,196362.0,134898.66666666666,209469.25,7,3,2023,182,0,лето
Томская область,2023,январь-август,321486.0,8,2023-08-01,False,257722.0,144156.0,43157.0,252191.0,255472.0,181286.83333333334,215243.83333333334,8,3,2023,213,0,лето
Томская область,2023,январь-сентябрь,367084.0,9,2023-09-01,False,321486.0,187208.0,74117.0,285586.0,315430.6666666667,230114.66666666666,222035.33333333334,9,3,2023,244,0,осень
Томская область,2024,январь,27449.0,1,2024-01-01,False,367084.0,257722.0,103032.0,339017.0,238673.0,217517.5,196071.33333333334,1,1,2024,1,1,зима
Томская область,2024,январь-февраль,54904.0,2,2024-02-01,False,27449.0,321486.0,144156.0,387380.0,149812.33333333334,202642.16666666666,168365.0,2,1,2024,32,1,зима
Томская область,2024,январь-март,93282.0,3,2024-03-01,False,54904.0,367084.0,187208.0,419934.0,58545.0,186987.83333333334,141144.0,3,1,2024,61,1,весна
Томская область,2024,январь-апрель,126788.0,4,2024-04-01,False,93282.0,27449.0,257722.0,20131.0,91658.0,165165.5,150032.08333333334,4,2,2024,92,0,весна
Томская область,2024,январь-май,165887.0,5,2024-05-01,False,126788.0,54904.0,321486.0,43157.0,128652.33333333333,139232.33333333334,160259.58333333334,5,2,2024,122,1,весна
Томская область,2024,январь-июнь,212945.0,6,2024-06-01,False,165887.0,93282.0,367084.0,74117.0,168540.0,113542.5,171828.58333333334,6,2,2024,153,0,лето
Томская область,2024,январь-июль,281861.0,7,2024-07-01,False,212945.0,126788.0,27449.0,103032.0,220231.0,155944.5,186731.0,7,3,2024,183,0,лето
Томская область,2024,январь-август,350156.0,8,2024-08-01,False,281861.0,165887.0,54904.0,144156.0,281654.0,205153.16666666666,203897.66666666666,8,3,2024,214,0,лето
Томская область,2024,январь-сентябрь,393458.0,9,2024-09-01,False,350156.0,212945.0,93282.0,187208.0,341825.0,255182.5,221085.16666666666,9,3,2024,245,0,осень
Томская область,2025,январь,43137.0,1,2025-01-01,False,393458.0,281861.0,126788.0,257722.0,262250.3333333333,241240.66666666666,203203.08333333334,1,1,2025,1,1,зима
Томская область,2025,январь-февраль,91434.0,2,2025-02-01,False,43137.0,350156.0,165887.0,321486.0,176009.66666666666,228831.83333333334,184032.08333333334,2,1,2025,32,1,зима
Томская область,2025,январь-март,153399.0,3,2025-03-01,False,91434.0,393458.0,212945.0,367084.0,95990.0,218907.5,166225.0,3,1,2025,60,1,весна
Томская область,2025,январь-апрель,182974.0,4,2025-04-01,False,153399.0,43137.0,281861.0,27449.0,142602.33333333334,202426.33333333334,179185.41666666666,4,2,2025,91,0,весна
Томская область,2025,январь-май,220284.0,5,2025-05-01,False,182974.0,91434.0,350156.0,54904.0,185552.33333333334,180781.0,192967.08333333334,5,2,2025,121,1,весна
Томская область,2025,январь-июнь,259397.0,6,2025-06-01,False,220284.0,153399.0,393458.0,93282.0,220885.0,158437.5,206810.0,6,2,2025,152,0,лето
Томская область,2025,январь-июль,304303.0,7,2025-07-01,False,259397.0,182974.0,43137.0,126788.0,261328.0,201965.16666666666,221602.91666666666,7,3,2025,182,0,лето
Томская область,2025,январь-август,346109.0,8,2025-08-01,False,304303.0,220284.0,91434.0,165887.0,303269.6666666667,244411.0,236621.41666666666,8,3,2025,213,0,лето
Томская область,2025,январь-сентябрь,375851.0,9,2025-09-01,False,346109.0,259397.0,153399.0,212945.0,342087.6666666667,281486.3333333333,250196.91666666666,9,3,2025,244,0,осень
Тульская область,2022,январь,45637.0,1,2022-01-01,False,,,,,45637.0,45637.0,45637.0,1,1,2022,1,1,зима
Тульская область,2022,январь-февраль,78765.0,2,2022-02-01,False,45637.0,,,,62201.0,62201.0,62201.0,2,1,2022,32,1,зима
Тульская область,2022,январь-март,117146.0,3,2022-03-01,False,78765.0,,,,80516.0,80516.0,80516.0,3,1,2022,60,1,весна
Тульская область,2022,январь-апрель,182083.0,4,2022-04-01,False,117146.0,45637.0,,,125998.0,105907.75,105907.75,4,2,2022,91,0,весна
Тульская область,2022,январь-май,272018.0,5,2022-05-01,False,182083.0,78765.0,,,190415.66666666666,139129.8,139129.8,5,2,2022,121,1,весна
Тульская область,2022,январь-июнь,350963.0,6,2022-06-01,False,272018.0,117146.0,,,268354.6666666667,174435.33333333334,174435.33333333334,6,2,2022,152,0,лето
Тульская область,2022,январь-июль,465451.0,7,2022-07-01,False,350963.0,182083.0,45637.0,,362810.6666666667,244404.33333333334,216009.0,7,3,2022,182,0,лето
Тульская область,2022,январь-август,576845.0,8,2022-08-01,False,465451.0,272018.0,78765.0,,464419.6666666667,327417.6666666667,261113.5,8,3,2022,213,0,лето
Тульская область,2022,январь-сентябрь,643305.0,9,2022-09-01,False,576845.0,350963.0,117146.0,,561867.0,415110.8333333333,303579.22222222225,9,3,2022,244,0,осень
Тульская область,2022,январь-октябрь*,696780.0,10,2022-10-01,False,643305.0,465451.0,182083.0,,638976.6666666666,500893.6666666667,342899.3,10,4,2022,274,0,осень
Тульская область,2022,январь-ноябрь*,749323.0,11,2022-11-01,False,696780.0,576845.0,272018.0,,696469.3333333334,580444.5,379846.9090909091,11,4,2022,305,0,осень
Тульская область,2022,январь-декабрь*,794566.0,12,2022-12-01,False,749323.0,643305.0,350963.0,,746889.6666666666,654378.3333333334,414406.8333333333,12,4,2022,335,1,зима
Тульская область,2023,январь,48405.0,1,2023-01-01,False,794566.0,696780.0,465451.0,45637.0,530764.6666666666,584870.6666666666,414637.5,1,1,2023,1,1,зима
Тульская область,2023,январь-февраль,98463.0,2,2023-02-01,False,48405.0,749323.0,576845.0,78765.0,313811.3333333333,505140.3333333333,416279.0,2,1,2023,32,1,зима
Тульская область,2023,январь-март,146461.0,3,2023-03-01,False,98463.0,794566.0,643305.0,117146.0,97776.33333333333,422333.0,418721.9166666667,3,1,2023,60,1,весна
Тульская область,2023,январь-апрель,235614.0,4,2023-04-01,False,146461.0,48405.0,696780.0,182083.0,160179.33333333334,345472.0,423182.8333333333,4,2,2023,91,0,весна
Тульская область,2023,январь-май,332742.0,5,2023-05-01,False,235614.0,98463.0,749323.0,272018.0,238272.33333333334,276041.8333333333,428243.1666666667,5,2,2023,121,1,весна
Тульская область,2023,январь-июнь,460746.0,6,2023-06-01,False,332742.0,146461.0,794566.0,350963.0,343034.0,220405.16666666666,437391.75,6,2,2023,152,0,лето
Тульская область,2023,январь-июль,708882.0,7,2023-07-01,False,460746.0,235614.0,48405.0,465451.0,500790.0,330484.6666666667,457677.6666666667,7,3,2023,182,0,лето
Тульская область,2023,январь-август,975482.0,8,2023-08-01,False,708882.0,332742.0,98463.0,576845.0,715036.6666666666,476654.5,490897.4166666667,8,3,2023,213,0,лето
Тульская область,2023,январь-сентябрь,1145834.0,9,2023-09-01,False,975482.0,460746.0,146461.0,643305.0,943399.3333333334,643216.6666666666,532774.8333333334,9,3,2023,244,0,осень
Тульская область,2024,январь,86751.0,1,2024-01-01,False,1145834.0,708882.0,235614.0,696780.0,736022.3333333334,618406.1666666666,481939.0833333333,1,1,2024,1,1,зима
Тульская область,2024,январь-февраль,166086.0,2,2024-02-01,False,86751.0,975482.0,332742.0,749323.0,466223.6666666667,590630.1666666666,433336.0,2,1,2024,32,1,зима
Тульская область,2024,январь-март,250567.0,3,2024-03-01,False,166086.0,1145834.0,460746.0,794566.0,167801.33333333334,555600.3333333334,388002.75,3,1,2024,61,1,весна
Тульская область,2024,январь-апрель,334338.0,4,2024-04-01,False,250567.0,86751.0,708882.0,48405.0,250330.33333333334,493176.3333333333,411830.5,4,2,2024,92,0,весна
Тульская область,2024,январь-май,411960.0,5,2024-05-01,False,334338.0,166086.0,975482.0,98463.0,332288.3333333333,399256.0,437955.25,5,2,2024,122,1,весна
Тульская область,2024,январь-июнь,515279.0,6,2024-06-01,False,411960.0,250567.0,1145834.0,146461.0,420525.6666666667,294163.5,468690.0833333333,6,2,2024,153,0,лето
Тульская область,2024,январь-июль,822581.0,7,2024-07-01,False,515279.0,334338.0,86751.0,235614.0,583273.3333333334,416801.8333333333,517604.0,7,3,2024,183,0,лето
Тульская область,2024,январь-август,1155628.0,8,2024-08-01,False,822581.0,411960.0,166086.0,332742.0,831162.6666666666,581725.5,586177.8333333334,8,3,2024,214,0,лето
Тульская область,2024,январь-сентябрь,1417314.0,9,2024-09-01,False,1155628.0,515279.0,250567.0,460746.0,1131841.0,776183.3333333334,665891.8333333334,9,3,2024,245,0,осень
Тульская область,2025,январь,86205.0,1,2025-01-01,False,1417314.0,822581.0,334338.0,708882.0,886382.3333333334,734827.8333333334,614002.0833333334,1,1,2025,1,1,зима
Тульская область,2025,январь-февраль,168313.0,2,2025-02-01,False,86205.0,1155628.0,411960.0,975482.0,557277.3333333334,694220.0,546738.0,2,1,2025,32,1,зима
Тульская область,2025,январь-март,260571.0,3,2025-03-01,False,168313.0,1417314.0,515279.0,1145834.0,171696.33333333334,651768.6666666666,472966.0833333333,3,1,2025,60,1,весна
Тульская область,2025,январь-апрель,385809.0,4,2025-04-01,False,260571.0,86205.0,822581.0,86751.0,271564.3333333333,578973.3333333334,497887.5833333333,4,2,2025,91,0,весна
Тульская область,2025,январь-май,548166.0,5,2025-05-01,False,385809.0,168313.0,1155628.0,166086.0,398182.0,477729.6666666667,529727.5833333334,5,2,2025,121,1,весна
Тульская область,2025,январь-июнь,717472.0,6,2025-06-01,False,548166.0,260571.0,1417314.0,250567.0,550482.3333333334,361089.3333333333,568636.3333333334,6,2,2025,152,0,лето
Тульская область,2025,январь-июль,964727.0,7,2025-07-01,False,717472.0,385809.0,86205.0,334338.0,743455.0,507509.6666666667,621168.75,7,3,2025,182,0,лето
Тульская область,2025,январь-август,1236734.0,8,2025-08-01,False,964727.0,548166.0,168313.0,411960.0,972977.6666666666,685579.8333333334,689899.9166666666,8,3,2025,213,0,лето
Тульская область,2025,январь-сентябрь,1396524.0,9,2025-09-01,False,1236734.0,717472.0,260571.0,515279.0,1199328.3333333333,874905.3333333334,763337.0,9,3,2025,244,0,осень
Тюменская область,2022,январь,183958.0,1,2022-01-01,False,,,,,183958.0,183958.0,183958.0,1,1,2022,1,1,зима
Тюменская область,2022,январь-февраль,330016.0,2,2022-02-01,False,183958.0,,,,256987.0,256987.0,256987.0,2,1,2022,32,1,зима
Тюменская область,2022,январь-март,580574.0,3,2022-03-01,False,330016.0,,,,364849.3333333333,364849.3333333333,364849.3333333333,3,1,2022,60,1,весна
Тюменская область,2022,январь-апрель,821439.0,4,2022-04-01,False,580574.0,183958.0,,,577343.0,478996.75,478996.75,4,2,2022,91,0,весна
Тюменская область,2022,январь-май,1049067.0,5,2022-05-01,False,821439.0,330016.0,,,817026.6666666666,593010.8,593010.8,5,2,2022,121,1,весна
Тюменская область,2022,январь-июнь,1300113.0,6,2022-06-01,False,1049067.0,580574.0,,,1056873.0,710861.1666666666,710861.1666666666,6,2,2022,152,0,лето
Тюменская область,2022,январь-июль,1479093.0,7,2022-07-01,False,1300113.0,821439.0,183958.0,,1276091.0,926717.0,820608.5714285715,7,3,2022,182,0,лето
Тюменская область,2022,январь-август,1721046.0,8,2022-08-01,False,1479093.0,1049067.0,330016.0,,1500084.0,1158555.3333333333,933163.25,8,3,2022,213,0,лето
Тюменская область,2022,январь-сентябрь,1922820.0,9,2022-09-01,False,1721046.0,1300113.0,580574.0,,1707653.0,1382263.0,1043125.1111111111,9,3,2022,244,0,осень
Тюменская область,2022,январь-октябрь*,2128583.0,10,2022-10-01,False,1922820.0,1479093.0,821439.0,,1924149.6666666667,1600120.3333333333,1151670.9,10,4,2022,274,0,осень
Тюменская область,2022,январь-ноябрь*,2336271.0,11,2022-11-01,False,2128583.0,1721046.0,1049067.0,,2129224.6666666665,1814654.3333333333,1259361.8181818181,11,4,2022,305,0,осень
Тюменская область,2022,январь-декабрь*,2571483.0,12,2022-12-01,False,2336271.0,1922820.0,1300113.0,,2345445.6666666665,2026549.3333333333,1368705.25,12,4,2022,335,1,зима
Тюменская область,2023,январь,187512.0,1,2023-01-01,False,2571483.0,2128583.0,1479093.0,183958.0,1698422.0,1811285.8333333333,1369001.4166666667,1,1,2023,1,1,зима
Тюменская область,2023,январь-февраль,391054.0,2,2023-02-01,False,187512.0,2336271.0,1721046.0,330016.0,1050016.3333333333,1589620.5,1374087.9166666667,2,1,2023,32,1,зима
Тюменская область,2023,январь-март,607882.0,3,2023-03-01,False,391054.0,2571483.0,1922820.0,580574.0,395482.6666666667,1370464.1666666667,1376363.5833333333,3,1,2023,60,1,весна
Тюменская область,2023,январь-апрель,840513.0,4,2023-04-01,False,607882.0,187512.0,2128583.0,821439.0,613149.6666666666,1155785.8333333333,1377953.0833333333,4,2,2023,91,0,весна
Тюменская область,2023,январь-май,1076381.0,5,2023-05-01,False,840513.0,391054.0,2336271.0,1049067.0,841592.0,945804.1666666666,1380229.25,5,2,2023,121,1,весна
Тюменская область,2023,январь-июнь,1316926.0,6,2023-06-01,False,1076381.0,607882.0,2571483.0,1300113.0,1077940.0,736711.3333333334,1381630.3333333333,6,2,2023,152,0,лето
Тюменская область,2023,январь-июль,1594683.0,7,2023-07-01,False,1316926.0,840513.0,187512.0,1479093.0,1329330.0,971239.8333333334,1391262.8333333333,7,3,2023,182,0,лето
Тюменская область,2023,январь-август,1866318.0,8,2023-08-01,False,1594683.0,1076381.0,391054.0,1721046.0,1592642.3333333333,1217117.1666666667,1403368.8333333333,8,3,2023,213,0,лето
Тюменская область,2023,январь-сентябрь,2091512.0,9,2023-09-01,False,1866318.0,1316926.0,607882.0,1922820.0,1850837.6666666667,1464388.8333333333,1417426.5,9,3,2023,244,0,осень
Тюменская область,2024,январь,264015.0,1,2024-01-01,False,2091512.0,1594683.0,840513.0,2128583.0,1407281.6666666667,1368305.8333333333,1262045.8333333333,1,1,2024,1,1,зима
Тюменская область,2024,январь-февраль,590812.0,2,2024-02-01,False,264015.0,1866318.0,1076381.0,2336271.0,982113.0,1287377.6666666667,1116590.9166666667,2,1,2024,32,1,зима
Тюменская область,2024,январь-март,965240.0,3,2024-03-01,False,590812.0,2091512.0,1316926.0,2571483.0,606689.0,1228763.3333333333,982737.3333333334,3,1,2024,61,1,весна
Тюменская область,2024,январь-апрель,1184243.0,4,2024-04-01,False,965240.0,264015.0,1594683.0,187512.0,913431.6666666666,1160356.6666666667,1065798.25,4,2,2024,92,0,весна
Тюменская область,2024,январь-май,1389475.0,5,2024-05-01,False,1184243.0,590812.0,1866318.0,391054.0,1179652.6666666667,1080882.8333333333,1149000.0,5,2,2024,122,1,весна
Тюменская область,2024,январь-июнь,1592315.0,6,2024-06-01,False,1389475.0,965240.0,2091512.0,607882.0,1388677.6666666667,997683.3333333334,1231036.0833333333,6,2,2024,153,0,лето
Тюменская область,2024,январь-июль,1839800.0,7,2024-07-01,False,1592315.0,1184243.0,264015.0,840513.0,1607196.6666666667,1260314.1666666667,1314310.0,7,3,2024,183,0,лето
Тюменская область,2024,январь-август,2092102.0,8,2024-08-01,False,1839800.0,1389475.0,590812.0,1076381.0,1841405.6666666667,1510529.1666666667,1398953.4166666667,8,3,2024,214,0,лето
Тюменская область,2024,январь-сентябрь,2330937.0,9,2024-09-01,False,2092102.0,1592315.0,965240.0,1316926.0,2087613.0,1738145.3333333333,1483454.3333333333,9,3,2024,245,0,осень
Тюменская область,2025,январь,173239.0,1,2025-01-01,False,2330937.0,1839800.0,1184243.0,1594683.0,1532092.6666666667,1569644.6666666667,1365000.6666666667,1,1,2025,1,1,зима
Тюменская область,2025,январь-февраль,360650.0,2,2025-02-01,False,173239.0,2092102.0,1389475.0,1866318.0,954942.0,1398173.8333333333,1239528.3333333333,2,1,2025,32,1,зима
Тюменская область,2025,январь-март,586782.0,3,2025-03-01,False,360650.0,2330937.0,1592315.0,2091512.0,373557.0,1230585.0,1114134.1666666667,3,1,2025,60,1,весна
Тюменская область,2025,январь-апрель,798074.0,4,2025-04-01,False,586782.0,173239.0,1839800.0,264015.0,581835.3333333334,1056964.0,1158639.0833333333,4,2,2025,91,0,весна
Тюменская область,2025,январь-май,1023953.0,5,2025-05-01,False,798074.0,360650.0,2092102.0,590812.0,802936.3333333334,878939.1666666666,1194734.1666666667,5,2,2025,121,1,весна
Тюменская область,2025,январь-июнь,1240603.0,6,2025-06-01,False,1023953.0,586782.0,2330937.0,965240.0,1020876.6666666666,697216.8333333334,1217681.0833333333,6,2,2025,152,0,лето
Тюменская область,2025,январь-июль,1472238.0,7,2025-07-01,False,1240603.0,798074.0,173239.0,1184243.0,1245598.0,913716.6666666666,1241680.6666666667,7,3,2025,182,0,лето
Тюменская область,2025,январь-август,1708054.0,8,2025-08-01,False,1472238.0,1023953.0,360650.0,1389475.0,1473631.6666666667,1138284.0,1268228.9166666667,8,3,2025,213,0,лето
Тюменская область,2025,январь-сентябрь,1920431.0,9,2025-09-01,False,1708054.0,1240603.0,586782.0,1592315.0,1700241.0,1360558.8333333333,1295571.9166666667,9,3,2025,244,0,осень
Тюменская область (кроме Ханты-Мансийского автономного округа-Югры и Ямало-Ненецкого автономного округа),2022,январь,121468.0,1,2022-01-01,False,,,,,121468.0,121468.0,121468.0,1,1,2022,1,1,зима
Тюменская область (кроме Ханты-Мансийского автономного округа-Югры и Ямало-Ненецкого автономного округа),2022,январь-февраль,210730.0,2,2022-02-01,False,121468.0,,,,166099.0,166099.0,166099.0,2,1,2022,32,1,зима
Тюменская область (кроме Ханты-Мансийского автономного округа-Югры и Ямало-Ненецкого автономного округа),2022,январь-март,341872.0,3,2022-03-01,False,210730.0,,,,224690.0,224690.0,224690.0,3,1,2022,60,1,весна
Тюменская область (кроме Ханты-Мансийского автономного округа-Югры и Ямало-Ненецкого автономного округа),2022,январь-апрель,471381.0,4,2022-04-01,False,341872.0,121468.0,,,341327.6666666667,286362.75,286362.75,4,2,2022,91,0,весна
Тюменская область (кроме Ханты-Мансийского автономного округа-Югры и Ямало-Ненецкого автономного округа),2022,январь-май,596048.0,5,2022-05-01,False,471381.0,210730.0,,,469767.0,348299.8,348299.8,5,2,2022,121,1,весна
Тюменская область (кроме Ханты-Мансийского автономного округа-Югры и Ямало-Ненецкого автономного округа),2022,январь-июнь,723884.0,6,2022-06-01,False,596048.0,341872.0,,,597104.3333333334,410897.1666666667,410897.1666666667,6,2,2022,152,0,лето
Тюменская область (кроме Ханты-Мансийского автономного округа-Югры и Ямало-Ненецкого автономного округа),2022,январь-июль,848003.0,7,2022-07-01,False,723884.0,471381.0,121468.0,,722645.0,531986.3333333334,473340.85714285716,7,3,2022,182,0,лето
Тюменская область (кроме Ханты-Мансийского автономного округа-Югры и Ямало-Ненецкого автономного округа),2022,январь-август,979311.0,8,2022-08-01,False,848003.0,596048.0,210730.0,,850399.3333333334,660083.1666666666,536587.125,8,3,2022,213,0,лето
Тюменская область (кроме Ханты-Мансийского автономного округа-Югры и Ямало-Ненецкого автономного округа),2022,январь-сентябрь,1086128.0,9,2022-09-01,False,979311.0,723884.0,341872.0,,971147.3333333334,784125.8333333334,597647.2222222222,9,3,2022,244,0,осень
Тюменская область (кроме Ханты-Мансийского автономного округа-Югры и Ямало-Ненецкого автономного округа),2022,январь-октябрь*,1185056.0,10,2022-10-01,False,1086128.0,848003.0,471381.0,,1083498.3333333333,903071.6666666666,656388.1,10,4,2022,274,0,осень
Тюменская область (кроме Ханты-Мансийского автономного округа-Югры и Ямало-Ненецкого автономного округа),2022,январь-ноябрь*,1289065.0,11,2022-11-01,False,1185056.0,979311.0,596048.0,,1186749.6666666667,1018574.5,713904.1818181818,11,4,2022,305,0,осень
Тюменская область (кроме Ханты-Мансийского автономного округа-Югры и Ямало-Ненецкого автономного округа),2022,январь-декабрь*,1411310.0,12,2022-12-01,False,1289065.0,1086128.0,723884.0,,1295143.6666666667,1133145.5,772021.3333333334,12,4,2022,335,1,зима
Тюменская область (кроме Ханты-Мансийского автономного округа-Югры и Ямало-Ненецкого автономного округа),2023,январь,100840.0,1,2023-01-01,False,1411310.0,1185056.0,848003.0,121468.0,933738.3333333334,1008618.3333333334,770302.3333333334,1,1,2023,1,1,зима
Тюменская область (кроме Ханты-Мансийского автономного округа-Югры и Ямало-Ненецкого автономного округа),2023,январь-февраль,208229.0,2,2023-02-01,False,100840.0,1289065.0,979311.0,210730.0,573459.6666666666,880104.6666666666,770093.9166666666,2,1,2023,32,1,зима
Тюменская область (кроме Ханты-Мансийского автономного округа-Югры и Ямало-Ненецкого автономного округа),2023,январь-март,319043.0,3,2023-03-01,False,208229.0,1411310.0,1086128.0,341872.0,209370.66666666666,752257.1666666666,768191.5,3,1,2023,60,1,весна
Тюменская область (кроме Ханты-Мансийского автономного округа-Югры и Ямало-Ненецкого автономного округа),2023,январь-апрель,428581.0,4,2023-04-01,False,319043.0,100840.0,1185056.0,471381.0,318617.6666666667,626178.0,764624.8333333334,4,2,2023,91,0,весна
Тюменская область (кроме Ханты-Мансийского автономного округа-Югры и Ямало-Ненецкого автономного округа),2023,январь-май,549104.0,5,2023-05-01,False,428581.0,208229.0,1289065.0,596048.0,432242.6666666667,502851.1666666667,760712.8333333334,5,2,2023,121,1,весна
Тюменская область (кроме Ханты-Мансийского автономного округа-Югры и Ямало-Ненецкого автономного округа),2023,январь-июнь,676004.0,6,2023-06-01,False,549104.0,319043.0,1411310.0,723884.0,551229.6666666666,380300.1666666667,756722.8333333334,6,2,2023,152,0,лето
Тюменская область (кроме Ханты-Мансийского автономного округа-Югры и Ямало-Ненецкого автономного округа),2023,январь-июль,831753.0,7,2023-07-01,False,676004.0,428581.0,100840.0,848003.0,685620.3333333334,502119.0,755368.6666666666,7,3,2023,182,0,лето
Тюменская область (кроме Ханты-Мансийского автономного округа-Югры и Ямало-Ненецкого автономного округа),2023,январь-август,988632.0,8,2023-08-01,False,831753.0,549104.0,208229.0,979311.0,832129.6666666666,632186.1666666666,756145.4166666666,8,3,2023,213,0,лето
Тюменская область (кроме Ханты-Мансийского автономного округа-Югры и Ямало-Ненецкого автономного округа),2023,январь-сентябрь,1076277.0,9,2023-09-01,False,988632.0,676004.0,319043.0,1086128.0,965554.0,758391.8333333334,755324.5,9,3,2023,244,0,осень
Тюменская область (кроме Ханты-Мансийского автономного округа-Югры и Ямало-Ненецкого автономного округа),2024,январь,108897.0,1,2024-01-01,False,1076277.0,831753.0,428581.0,1185056.0,724602.0,705111.1666666666,665644.5833333334,1,1,2024,1,1,зима
Тюменская область (кроме Ханты-Мансийского автономного округа-Югры и Ямало-Ненецкого автономного округа),2024,январь-февраль,222892.0,2,2024-02-01,False,108897.0,988632.0,549104.0,1289065.0,469355.3333333333,650742.5,576796.8333333334,2,1,2024,32,1,зима
Тюменская область (кроме Ханты-Мансийского автономного округа-Югры и Ямало-Ненецкого автономного округа),2024,январь-март,355998.0,3,2024-03-01,False,222892.0,1076277.0,676004.0,1411310.0,229262.33333333334,597408.1666666666,488854.1666666667,3,1,2024,61,1,весна
Тюменская область (кроме Ханты-Мансийского автономного округа-Югры и Ямало-Ненецкого автономного округа),2024,январь-апрель,447886.0,4,2024-04-01,False,355998.0,108897.0,831753.0,100840.0,342258.6666666667,533430.3333333334,517774.6666666667,4,2,2024,92,0,весна
Тюменская область (кроме Ханты-Мансийского автономного округа-Югры и Ямало-Ненецкого автономного округа),2024,январь-май,540094.0,5,2024-05-01,False,447886.0,222892.0,988632.0,208229.0,447992.6666666667,458674.0,545430.0833333334,5,2,2024,122,1,весна
Тюменская область (кроме Ханты-Мансийского автономного округа-Югры и Ямало-Ненецкого автономного округа),2024,январь-июнь,640131.0,6,2024-06-01,False,540094.0,355998.0,1076277.0,319043.0,542703.6666666666,385983.0,572187.4166666666,6,2,2024,153,0,лето
Тюменская область (кроме Ханты-Мансийского автономного округа-Югры и Ямало-Ненецкого автономного округа),2024,январь-июль,774059.0,7,2024-07-01,False,640131.0,447886.0,108897.0,428581.0,651428.0,496843.3333333333,600977.25,7,3,2024,183,0,лето
Тюменская область (кроме Ханты-Мансийского автономного округа-Югры и Ямало-Ненецкого автономного округа),2024,январь-август,907300.0,8,2024-08-01,False,774059.0,540094.0,222892.0,549104.0,773830.0,610911.3333333334,630826.9166666666,8,3,2024,214,0,лето
Тюменская область (кроме Ханты-Мансийского автономного округа-Югры и Ямало-Ненецкого автономного округа),2024,январь-сентябрь,1009006.0,9,2024-09-01,False,907300.0,640131.0,355998.0,676004.0,896788.3333333334,719746.0,658577.0833333334,9,3,2024,245,0,осень
Тюменская область (кроме Ханты-Мансийского автономного округа-Югры и Ямало-Ненецкого автономного округа),2025,январь,88764.0,1,2025-01-01,False,1009006.0,774059.0,447886.0,831753.0,668356.6666666666,659892.3333333334,596661.3333333334,1,1,2025,1,1,зима
Тюменская область (кроме Ханты-Мансийского автономного округа-Югры и Ямало-Ненецкого автономного округа),2025,январь-февраль,178880.0,2,2025-02-01,False,88764.0,907300.0,540094.0,988632.0,425550.0,599690.0,529182.0,2,1,2025,32,1,зима
Тюменская область (кроме Ханты-Мансийского автономного округа-Югры и Ямало-Ненецкого автономного округа),2025,январь-март,288455.0,3,2025-03-01,False,178880.0,1009006.0,640131.0,1076277.0,185366.33333333334,541077.3333333334,463530.1666666667,3,1,2025,60,1,весна
Тюменская область (кроме Ханты-Мансийского автономного округа-Югры и Ямало-Ненецкого автономного округа),2025,январь-апрель,381830.0,4,2025-04-01,False,288455.0,88764.0,774059.0,108897.0,283055.0,475705.8333333333,486274.5833333333,4,2,2025,91,0,весна
Тюменская область (кроме Ханты-Мансийского автономного округа-Югры и Ямало-Ненецкого автономного округа),2025,январь-май,497827.0,5,2025-05-01,False,381830.0,178880.0,907300.0,222892.0,389370.6666666667,407460.3333333333,509185.8333333333,5,2,2025,121,1,весна
Тюменская область (кроме Ханты-Мансийского автономного округа-Югры и Ямало-Ненецкого автономного округа),2025,январь-июнь,618032.0,6,2025-06-01,False,497827.0,288455.0,1009006.0,355998.0,499229.6666666667,342298.0,531022.0,6,2,2025,152,0,лето
Тюменская область (кроме Ханты-Мансийского автономного округа-Югры и Ямало-Ненецкого автономного округа),2025,январь-июль,744516.0,7,2025-07-01,False,618032.0,381830.0,88764.0,447886.0,620125.0,451590.0,555741.1666666666,7,3,2025,182,0,лето
Тюменская область (кроме Ханты-Мансийского автономного округа-Югры и Ямало-Ненецкого автономного округа),2025,январь-август,868345.0,8,2025-08-01,False,744516.0,497827.0,178880.0,540094.0,743631.0,566500.8333333334,583095.4166666666,8,3,2025,213,0,лето
Тюменская область (кроме Ханты-Мансийского автономного округа-Югры и Ямало-Ненецкого автономного округа),2025,январь-сентябрь,961042.0,9,2025-09-01,False,868345.0,618032.0,288455.0,640131.0,857967.6666666666,678598.6666666666,609838.0,9,3,2025,244,0,осень
Удмуртская Республика,2022,январь,47547.0,1,2022-01-01,False,,,,,47547.0,47547.0,47547.0,1,1,2022,1,1,зима
Удмуртская Республика,2022,январь-февраль,94187.0,2,2022-02-01,False,47547.0,,,,70867.0,70867.0,70867.0,2,1,2022,32,1,зима
Удмуртская Республика,2022,январь-март,147404.0,3,2022-03-01,False,94187.0,,,,96379.33333333333,96379.33333333333,96379.33333333333,3,1,2022,60,1,весна
Удмуртская Республика,2022,январь-апрель,209239.0,4,2022-04-01,False,147404.0,47547.0,,,150276.66666666666,124594.25,124594.25,4,2,2022,91,0,весна
Удмуртская Республика,2022,январь-май,271123.0,5,2022-05-01,False,209239.0,94187.0,,,209255.33333333334,153900.0,153900.0,5,2,2022,121,1,весна
Удмуртская Республика,2022,январь-июнь,338832.0,6,2022-06-01,False,271123.0,147404.0,,,273064.6666666667,184722.0,184722.0,6,2,2022,152,0,лето
Удмуртская Республика,2022,январь-июль,435592.0,7,2022-07-01,False,338832.0,209239.0,47547.0,,348515.6666666667,249396.16666666666,220560.57142857142,7,3,2022,182,0,лето
Удмуртская Республика,2022,январь-август,527015.0,8,2022-08-01,False,435592.0,271123.0,94187.0,,433813.0,321534.1666666667,258867.375,8,3,2022,213,0,лето
Удмуртская Республика,2022,январь-сентябрь,567562.0,9,2022-09-01,False,527015.0,338832.0,147404.0,,510056.3333333333,391560.5,293166.77777777775,9,3,2022,244,0,осень
Удмуртская Республика,2022,январь-октябрь*,605718.0,10,2022-10-01,False,567562.0,435592.0,209239.0,,566765.0,457640.3333333333,324421.9,10,4,2022,274,0,осень
Удмуртская Республика,2022,январь-ноябрь*,641797.0,11,2022-11-01,False,605718.0,527015.0,271123.0,,605025.6666666666,519419.3333333333,353274.1818181818,11,4,2022,305,0,осень
Удмуртская Республика,2022,январь-декабрь*,686757.0,12,2022-12-01,False,641797.0,567562.0,338832.0,,644757.3333333334,577406.8333333334,381064.4166666667,12,4,2022,335,1,зима
Удмуртская Республика,2023,январь,42940.0,1,2023-01-01,False,686757.0,605718.0,435592.0,47547.0,457164.6666666667,511964.8333333333,380680.5,1,1,2023,1,1,зима
Удмуртская Республика,2023,январь-февраль,88905.0,2,2023-02-01,False,42940.0,641797.0,527015.0,94187.0,272867.3333333333,438946.5,380240.3333333333,2,1,2023,32,1,зима
Удмуртская Республика,2023,январь-март,141140.0,3,2023-03-01,False,88905.0,686757.0,567562.0,147404.0,90995.0,367876.1666666667,379718.3333333333,3,1,2023,60,1,весна
Удмуртская Республика,2023,январь-апрель,200890.0,4,2023-04-01,False,141140.0,42940.0,605718.0,209239.0,143645.0,300404.8333333333,379022.5833333333,4,2,2023,91,0,весна
Удмуртская Республика,2023,январь-май,263881.0,5,2023-05-01,False,200890.0,88905.0,641797.0,271123.0,201970.33333333334,237418.83333333334,378419.0833333333,5,2,2023,121,1,весна
Удмуртская Республика,2023,январь-июнь,363228.0,6,2023-06-01,False,263881.0,141140.0,686757.0,338832.0,275999.6666666667,183497.33333333334,380452.0833333333,6,2,2023,152,0,лето
Удмуртская Республика,2023,январь-июль,477571.0,7,2023-07-01,False,363228.0,200890.0,42940.0,435592.0,368226.6666666667,255935.83333333334,383950.3333333333,7,3,2023,182,0,лето
Удмуртская Республика,2023,январь-август,575438.0,8,2023-08-01,False,477571.0,263881.0,88905.0,527015.0,472079.0,337024.6666666667,387985.5833333333,8,3,2023,213,0,лето
Удмуртская Республика,2023,январь-сентябрь,635403.0,9,2023-09-01,False,575438.0,363228.0,141140.0,567562.0,562804.0,419401.8333333333,393639.0,9,3,2023,244,0,осень
Удмуртская Республика,2024,январь,45647.0,1,2024-01-01,False,635403.0,477571.0,200890.0,605718.0,418829.3333333333,393528.0,346966.4166666667,1,1,2024,1,1,зима
Удмуртская Республика,2024,январь-февраль,91329.0,2,2024-02-01,False,45647.0,575438.0,263881.0,641797.0,257459.66666666666,364769.3333333333,301094.0833333333,2,1,2024,32,1,зима
Удмуртская Республика,2024,январь-март,146050.0,3,2024-03-01,False,91329.0,635403.0,363228.0,686757.0,94342.0,328573.0,256035.16666666666,3,1,2024,61,1,весна
Удмуртская Республика,2024,январь-апрель,213261.0,4,2024-04-01,False,146050.0,45647.0,477571.0,42940.0,150213.33333333334,284521.3333333333,270228.5833333333,4,2,2024,92,0,весна
Удмуртская Республика,2024,январь-май,291366.0,5,2024-05-01,False,213261.0,91329.0,575438.0,88905.0,216892.33333333334,237176.0,287100.3333333333,5,2,2024,122,1,весна
Удмуртская Республика,2024,январь-июнь,391966.0,6,2024-06-01,False,291366.0,146050.0,635403.0,141140.0,298864.3333333333,196603.16666666666,308002.5,6,2,2024,153,0,лето
Удмуртская Республика,2024,январь-июль,497777.0,7,2024-07-01,False,391966.0,213261.0,45647.0,200890.0,393703.0,271958.1666666667,332743.0833333333,7,3,2024,183,0,лето
Удмуртская Республика,2024,январь-август,592572.0,8,2024-08-01,False,497777.0,291366.0,91329.0,263881.0,494105.0,355498.6666666667,360134.0,8,3,2024,214,0,лето
Удмуртская Республика,2024,январь-сентябрь,647579.0,9,2024-09-01,False,592572.0,391966.0,146050.0,363228.0,579309.3333333334,439086.8333333333,383829.9166666667,9,3,2024,245,0,осень
Удмуртская Республика,2025,январь,64741.0,1,2025-01-01,False,647579.0,497777.0,213261.0,477571.0,434964.0,414333.5,349427.4166666667,1,1,2025,1,1,зима
Удмуртская Республика,2025,январь-февраль,125120.0,2,2025-02-01,False,64741.0,592572.0,291366.0,575438.0,279146.6666666667,386625.8333333333,311900.9166666667,2,1,2025,32,1,зима
Удмуртская Республика,2025,январь-март,198744.0,3,2025-03-01,False,125120.0,647579.0,391966.0,635403.0,129535.0,354422.1666666667,275512.6666666667,3,1,2025,60,1,весна
Удмуртская Республика,2025,январь-апрель,269444.0,4,2025-04-01,False,198744.0,64741.0,497777.0,45647.0,197769.33333333334,316366.6666666667,294162.4166666667,4,2,2025,91,0,весна
Удмуртская Республика,2025,январь-май,357893.0,5,2025-05-01,False,269444.0,125120.0,592572.0,91329.0,275360.3333333333,277253.5,316376.0833333333,5,2,2025,121,1,весна
Удмуртская Республика,2025,январь-июнь,471223.0,6,2025-06-01,False,357893.0,198744.0,647579.0,146050.0,366186.6666666667,247860.83333333334,343473.8333333333,6,2,2025,152,0,лето
Удмуртская Республика,2025,январь-июль,627632.0,7,2025-07-01,False,471223.0,269444.0,64741.0,213261.0,485582.6666666667,341676.0,378004.75,7,3,2025,182,0,лето
Удмуртская Республика,2025,январь-август,770611.0,8,2025-08-01,False,627632.0,357893.0,125120.0,291366.0,623155.3333333334,449257.8333333333,417941.8333333333,8,3,2025,213,0,лето
Удмуртская Республика,2025,январь-сентябрь,845194.0,9,2025-09-01,False,770611.0,471223.0,198744.0,391966.0,747812.3333333334,556999.5,455710.8333333333,9,3,2025,244,0,осень
Ульяновская область,2022,январь,28803.0,1,2022-01-01,False,,,,,28803.0,28803.0,28803.0,1,1,2022,1,1,зима
Ульяновская область,2022,январь-февраль,52914.0,2,2022-02-01,False,28803.0,,,,40858.5,40858.5,40858.5,2,1,2022,32,1,зима
Ульяновская область,2022,январь-март,82353.0,3,2022-03-01,False,52914.0,,,,54690.0,54690.0,54690.0,3,1,2022,60,1,весна
Ульяновская область,2022,январь-апрель,128905.0,4,2022-04-01,False,82353.0,28803.0,,,88057.33333333333,73243.75,73243.75,4,2,2022,91,0,весна
Ульяновская область,2022,январь-май,178007.0,5,2022-05-01,False,128905.0,52914.0,,,129755.0,94196.4,94196.4,5,2,2022,121,1,весна
Ульяновская область,2022,январь-июнь,221596.0,6,2022-06-01,False,178007.0,82353.0,,,176169.33333333334,115429.66666666667,115429.66666666667,6,2,2022,152,0,лето
Ульяновская область,2022,январь-июль,278323.0,7,2022-07-01,False,221596.0,128905.0,28803.0,,225975.33333333334,157016.33333333334,138700.14285714287,7,3,2022,182,0,лето
Ульяновская область,2022,январь-август,317885.0,8,2022-08-01,False,278323.0,178007.0,52914.0,,272601.3333333333,201178.16666666666,161098.25,8,3,2022,213,0,лето
Ульяновская область,2022,январь-сентябрь,342337.0,9,2022-09-01,False,317885.0,221596.0,82353.0,,312848.3333333333,244508.83333333334,181235.88888888888,9,3,2022,244,0,осень
Ульяновская область,2022,январь-октябрь*,365401.0,10,2022-10-01,False,342337.0,278323.0,128905.0,,341874.3333333333,283924.8333333333,199652.4,10,4,2022,274,0,осень
Ульяновская область,2022,январь-ноябрь*,390610.0,11,2022-11-01,False,365401.0,317885.0,178007.0,,366116.0,319358.6666666667,217012.18181818182,11,4,2022,305,0,осень
Ульяновская область,2022,январь-декабрь*,409673.0,12,2022-12-01,False,390610.0,342337.0,221596.0,,388561.3333333333,350704.8333333333,233067.25,12,4,2022,335,1,зима
Ульяновская область,2023,январь,31671.0,1,2023-01-01,False,409673.0,365401.0,278323.0,28803.0,277318.0,309596.1666666667,233306.25,1,1,2023,1,1,зима
Ульяновская область,2023,январь-февраль,65732.0,2,2023-02-01,False,31671.0,390610.0,317885.0,52914.0,169025.33333333334,267570.6666666667,234374.41666666666,2,1,2023,32,1,зима
Ульяновская область,2023,январь-март,99422.0,3,2023-03-01,False,65732.0,409673.0,342337.0,82353.0,65608.33333333333,227084.83333333334,235796.83333333334,3,1,2023,60,1,весна
Ульяновская область,2023,январь-апрель,141320.0,4,2023-04-01,False,99422.0,31671.0,365401.0,128905.0,102158.0,189738.0,236831.41666666666,4,2,2023,91,0,весна
Ульяновская область,2023,январь-май,182400.0,5,2023-05-01,False,141320.0,65732.0,390610.0,178007.0,141047.33333333334,155036.33333333334,237197.5,5,2,2023,121,1,весна
Ульяновская область,2023,январь-июнь,236498.0,6,2023-06-01,False,182400.0,99422.0,409673.0,221596.0,186739.33333333334,126173.83333333333,238439.33333333334,6,2,2023,152,0,лето
Ульяновская область,2023,январь-июль,291970.0,7,2023-07-01,False,236498.0,141320.0,31671.0,278323.0,236956.0,169557.0,239576.58333333334,7,3,2023,182,0,лето
Ульяновская область,2023,январь-август,339697.0,8,2023-08-01,False,291970.0,182400.0,65732.0,317885.0,289388.3333333333,215217.83333333334,241394.25,8,3,2023,213,0,лето
Ульяновская область,2023,январь-сентябрь,370231.0,9,2023-09-01,False,339697.0,236498.0,99422.0,342337.0,333966.0,260352.66666666666,243718.75,9,3,2023,244,0,осень
Ульяновская область,2024,январь,57960.0,1,2024-01-01,False,370231.0,291970.0,141320.0,365401.0,255962.66666666666,246459.33333333334,218098.66666666666,1,1,2024,1,1,зима
Ульяновская область,2024,январь-февраль,108986.0,2,2024-02-01,False,57960.0,339697.0,182400.0,390610.0,179059.0,234223.66666666666,194630.0,2,1,2024,32,1,зима
Ульяновская область,2024,январь-март,163835.0,3,2024-03-01,False,108986.0,370231.0,236498.0,409673.0,110260.33333333333,222113.16666666666,174143.5,3,1,2024,61,1,весна
Ульяновская область,2024,январь-апрель,203388.0,4,2024-04-01,False,163835.0,57960.0,291970.0,31671.0,158736.33333333334,207349.5,188453.25,4,2,2024,92,0,весна
Ульяновская область,2024,январь-май,237634.0,5,2024-05-01,False,203388.0,108986.0,339697.0,65732.0,201619.0,190339.0,202778.41666666666,5,2,2024,122,1,весна
Ульяновская область,2024,январь-июнь,289882.0,6,2024-06-01,False,237634.0,163835.0,370231.0,99422.0,243634.66666666666,176947.5,218650.08333333334,6,2,2024,153,0,лето
Ульяновская область,2024,январь-июль,366059.0,7,2024-07-01,False,289882.0,203388.0,57960.0,141320.0,297858.3333333333,228297.33333333334,237378.33333333334,7,3,2024,183,0,лето
Ульяновская область,2024,январь-август,443406.0,8,2024-08-01,False,366059.0,237634.0,108986.0,182400.0,366449.0,284034.0,259128.83333333334,8,3,2024,214,0,лето
Ульяновская область,2024,январь-сентябрь,495052.0,9,2024-09-01,False,443406.0,289882.0,163835.0,236498.0,434839.0,339236.8333333333,280675.0,9,3,2024,245,0,осень
Ульяновская область,2025,январь,59278.0,1,2025-01-01,False,495052.0,366059.0,203388.0,291970.0,332578.6666666667,315218.5,261284.0,1,1,2025,1,1,зима
Ульяновская область,2025,январь-февраль,118564.0,2,2025-02-01,False,59278.0,443406.0,237634.0,339697.0,224298.0,295373.5,242856.25,2,1,2025,32,1,зима
Ульяновская область,2025,январь-март,185670.0,3,2025-03-01,False,118564.0,495052.0,289882.0,370231.0,121170.66666666667,278004.8333333333,227476.16666666666,3,1,2025,60,1,весна
Ульяновская область,2025,январь-апрель,231120.0,4,2025-04-01,False,185670.0,59278.0,366059.0,57960.0,178451.33333333334,255515.0,241906.16666666666,4,2,2025,91,0,весна
Ульяновская область,2025,январь-май,276055.0,5,2025-05-01,False,231120.0,118564.0,443406.0,108986.0,230948.33333333334,227623.16666666666,255828.58333333334,5,2,2025,121,1,весна
Ульяновская область,2025,январь-июнь,338183.0,6,2025-06-01,False,276055.0,185670.0,495052.0,163835.0,281786.0,201478.33333333334,270357.5833333333,6,2,2025,152,0,лето
Ульяновская область,2025,январь-июль,423573.0,7,2025-07-01,False,338183.0,231120.0,59278.0,203388.0,345937.0,262194.1666666667,288706.3333333333,7,3,2025,182,0,лето
Ульяновская область,2025,январь-август,492644.0,8,2025-08-01,False,423573.0,276055.0,118564.0,237634.0,418133.3333333333,324540.8333333333,309957.1666666667,8,3,2025,213,0,лето
Ульяновская область,2025,январь-сентябрь,537571.0,9,2025-09-01,False,492644.0,338183.0,185670.0,289882.0,484596.0,383191.0,330597.9166666667,9,3,2025,244,0,осень
Хабаровский край,2022,январь,49713.0,1,2022-01-01,False,,,,,49713.0,49713.0,49713.0,1,1,2022,1,1,зима
Хабаровский край,2022,январь-февраль,86419.0,2,2022-02-01,False,49713.0,,,,68066.0,68066.0,68066.0,2,1,2022,32,1,зима
Хабаровский край,2022,январь-март,131641.0,3,2022-03-01,False,86419.0,,,,89257.66666666667,89257.66666666667,89257.66666666667,3,1,2022,60,1,весна
Хабаровский край,2022,январь-апрель,203934.0,4,2022-04-01,False,131641.0,49713.0,,,140664.66666666666,117926.75,117926.75,4,2,2022,91,0,весна
Хабаровский край,2022,январь-май,247426.0,5,2022-05-01,False,203934.0,86419.0,,,194333.66666666666,143826.6,143826.6,5,2,2022,121,1,весна
Хабаровский край,2022,январь-июнь,319814.0,6,2022-06-01,False,247426.0,131641.0,,,257058.0,173157.83333333334,173157.83333333334,6,2,2022,152,0,лето
Хабаровский край,2022,январь-июль,382240.0,7,2022-07-01,False,319814.0,203934.0,49713.0,,316493.3333333333,228579.0,203026.7142857143,7,3,2022,182,0,лето
Хабаровский край,2022,январь-август,434620.0,8,2022-08-01,False,382240.0,247426.0,86419.0,,378891.3333333333,286612.5,231975.875,8,3,2022,213,0,лето
Хабаровский край,2022,январь-сентябрь,476276.0,9,2022-09-01,False,434620.0,319814.0,131641.0,,431045.3333333333,344051.6666666667,259120.33333333334,9,3,2022,244,0,осень
Хабаровский край,2022,январь-октябрь*,508994.0,10,2022-10-01,False,476276.0,382240.0,203934.0,,473296.6666666667,394895.0,284107.7,10,4,2022,274,0,осень
Хабаровский край,2022,январь-ноябрь*,540860.0,11,2022-11-01,False,508994.0,434620.0,247426.0,,508710.0,443800.6666666667,307448.8181818182,11,4,2022,305,0,осень
Хабаровский край,2022,январь-декабрь*,578821.0,12,2022-12-01,False,540860.0,476276.0,319814.0,,542891.6666666666,486968.5,330063.1666666667,12,4,2022,335,1,зима
Хабаровский край,2023,январь,30193.0,1,2023-01-01,False,578821.0,508994.0,382240.0,49713.0,383291.3333333333,428294.0,328436.5,1,1,2023,1,1,зима
Хабаровский край,2023,январь-февраль,76690.0,2,2023-02-01,False,30193.0,540860.0,434620.0,86419.0,228568.0,368639.0,327625.75,2,1,2023,32,1,зима
Хабаровский край,2023,январь-март,136885.0,3,2023-03-01,False,76690.0,578821.0,476276.0,131641.0,81256.0,312073.8333333333,328062.75,3,1,2023,60,1,весна
Хабаровский край,2023,январь-апрель,230355.0,4,2023-04-01,False,136885.0,30193.0,508994.0,203934.0,147976.66666666666,265634.0,330264.5,4,2,2023,91,0,весна
Хабаровский край,2023,январь-май,321580.0,5,2023-05-01,False,230355.0,76690.0,540860.0,247426.0,229606.66666666666,229087.33333333334,336444.0,5,2,2023,121,1,весна
Хабаровский край,2023,январь-июнь,424159.0,6,2023-06-01,False,321580.0,136885.0,578821.0,319814.0,325364.6666666667,203310.33333333334,345139.4166666667,6,2,2023,152,0,лето
Хабаровский край,2023,январь-июль,624630.0,7,2023-07-01,False,424159.0,230355.0,30193.0,382240.0,456789.6666666667,302383.1666666667,365338.5833333333,7,3,2023,182,0,лето
Хабаровский край,2023,январь-август,824448.0,8,2023-08-01,False,624630.0,321580.0,76690.0,434620.0,624412.3333333334,427009.5,397824.25,8,3,2023,213,0,лето
Хабаровский край,2023,январь-сентябрь,993044.0,9,2023-09-01,False,824448.0,424159.0,136885.0,476276.0,814040.6666666666,569702.6666666666,440888.25,9,3,2023,244,0,осень
Хабаровский край,2024,январь,94240.0,1,2024-01-01,False,993044.0,624630.0,230355.0,508994.0,637244.0,547016.8333333334,406325.4166666667,1,1,2024,1,1,зима
Хабаровский край,2024,январь-февраль,193927.0,2,2024-02-01,False,94240.0,824448.0,321580.0,540860.0,427070.3333333333,525741.3333333334,377414.3333333333,2,1,2024,32,1,зима
Хабаровский край,2024,январь-март,297002.0,3,2024-03-01,False,193927.0,993044.0,424159.0,578821.0,195056.33333333334,504548.5,353929.4166666667,3,1,2024,61,1,весна
Хабаровский край,2024,январь-апрель,394948.0,4,2024-04-01,False,297002.0,94240.0,624630.0,30193.0,295292.3333333333,466268.1666666667,384325.6666666667,4,2,2024,92,0,весна
Хабаровский край,2024,январь-май,500811.0,5,2024-05-01,False,394948.0,193927.0,824448.0,76690.0,397587.0,412328.6666666667,419669.0833333333,5,2,2024,122,1,весна
Хабаровский край,2024,январь-июнь,641430.0,6,2024-06-01,False,500811.0,297002.0,993044.0,136885.0,512396.3333333333,353726.3333333333,461714.5,6,2,2024,153,0,лето
Хабаровский край,2024,январь-июль,780005.0,7,2024-07-01,False,641430.0,394948.0,94240.0,230355.0,640748.6666666666,468020.5,507518.6666666667,7,3,2024,183,0,лето
Хабаровский край,2024,январь-август,916757.0,8,2024-08-01,False,780005.0,500811.0,193927.0,321580.0,779397.3333333334,588492.1666666666,557116.75,8,3,2024,214,0,лето
Хабаровский край,2024,январь-сентябрь,1036582.0,9,2024-09-01,False,916757.0,641430.0,297002.0,424159.0,911114.6666666666,711755.5,608152.0,9,3,2024,245,0,осень
Хабаровский край,2025,январь,81146.0,1,2025-01-01,False,1036582.0,780005.0,394948.0,624630.0,678161.6666666666,659455.1666666666,562861.6666666666,1,1,2025,1,1,зима
Хабаровский край,2025,январь-февраль,161710.0,2,2025-02-01,False,81146.0,916757.0,500811.0,824448.0,426479.3333333333,602938.3333333334,507633.5,2,1,2025,32,1,зима
Хабаровский край,2025,январь-март,248695.0,3,2025-03-01,False,161710.0,1036582.0,641430.0,993044.0,163850.33333333334,537482.5,445604.4166666667,3,1,2025,60,1,весна
Хабаровский край,2025,январь-апрель,329345.0,4,2025-04-01,False,248695.0,81146.0,780005.0,94240.0,246583.33333333334,462372.5,465196.5,4,2,2025,91,0,весна
Хабаровский край,2025,январь-май,411148.0,5,2025-05-01,False,329345.0,161710.0,916757.0,193927.0,329729.3333333333,378104.3333333333,483298.25,5,2,2025,121,1,весна
Хабаровский край,2025,январь-июнь,514565.0,6,2025-06-01,False,411148.0,248695.0,1036582.0,297002.0,418352.6666666667,291101.5,501428.5,6,2,2025,152,0,лето
Хабаровский край,2025,январь-июль,636716.0,7,2025-07-01,False,514565.0,329345.0,81146.0,394948.0,520809.6666666667,383696.5,521575.8333333333,7,3,2025,182,0,лето
Хабаровский край,2025,январь-август,759454.0,8,2025-08-01,False,636716.0,411148.0,161710.0,500811.0,636911.6666666666,483320.5,543129.4166666666,8,3,2025,213,0,лето
Хабаровский край,2025,январь-сентябрь,870330.0,9,2025-09-01,False,759454.0,514565.0,248695.0,641430.0,755500.0,586926.3333333334,562204.4166666666,9,3,2025,244,0,осень
Ханты-Мансийский автономный округ - Югра,2022,январь,46919.0,1,2022-01-01,False,,,,,46919.0,46919.0,46919.0,1,1,2022,1,1,зима
Ханты-Мансийский автономный округ - Югра,2022,январь-февраль,86256.0,2,2022-02-01,False,46919.0,,,,66587.5,66587.5,66587.5,2,1,2022,32,1,зима
Ханты-Мансийский автономный округ - Югра,2022,январь-март,180546.0,3,2022-03-01,False,86256.0,,,,104573.66666666667,104573.66666666667,104573.66666666667,3,1,2022,60,1,весна
Ханты-Мансийский автономный округ - Югра,2022,январь-апрель,257788.0,4,2022-04-01,False,180546.0,46919.0,,,174863.33333333334,142877.25,142877.25,4,2,2022,91,0,весна
Ханты-Мансийский автономный округ - Югра,2022,январь-май,332914.0,5,2022-05-01,False,257788.0,86256.0,,,257082.66666666666,180884.6,180884.6,5,2,2022,121,1,весна
Ханты-Мансийский автономный округ - Югра,2022,январь-июнь,409749.0,6,2022-06-01,False,332914.0,180546.0,,,333483.6666666667,219028.66666666666,219028.66666666666,6,2,2022,152,0,лето
Ханты-Мансийский автономный округ - Югра,2022,январь-июль,443027.0,7,2022-07-01,False,409749.0,257788.0,46919.0,,395230.0,285046.6666666667,251028.42857142858,7,3,2022,182,0,лето
Ханты-Мансийский автономный округ - Югра,2022,январь-август,530640.0,8,2022-08-01,False,443027.0,332914.0,86256.0,,461138.6666666667,359110.6666666667,285979.875,8,3,2022,213,0,лето
Ханты-Мансийский автономный округ - Югра,2022,январь-сентябрь,594906.0,9,2022-09-01,False,530640.0,409749.0,180546.0,,522857.6666666667,428170.6666666667,320305.0,9,3,2022,244,0,осень
Ханты-Мансийский автономный округ - Югра,2022,январь-октябрь*,669830.0,10,2022-10-01,False,594906.0,443027.0,257788.0,,598458.6666666666,496844.3333333333,355257.5,10,4,2022,274,0,осень
Ханты-Мансийский автономный округ - Югра,2022,январь-ноябрь*,747731.0,11,2022-11-01,False,669830.0,530640.0,332914.0,,670822.3333333334,565980.5,390936.9090909091,11,4,2022,305,0,осень
Ханты-Мансийский автономный округ - Югра,2022,январь-декабрь*,831998.0,12,2022-12-01,False,747731.0,594906.0,409749.0,,749853.0,636355.3333333334,427692.0,12,4,2022,335,1,зима
Ханты-Мансийский автономный округ - Югра,2023,январь,64534.0,1,2023-01-01,False,831998.0,669830.0,443027.0,46919.0,548087.6666666666,573273.1666666666,429159.9166666667,1,1,2023,1,1,зима
Ханты-Мансийский автономный округ - Югра,2023,январь-февраль,132526.0,2,2023-02-01,False,64534.0,747731.0,530640.0,86256.0,343019.3333333333,506920.8333333333,433015.75,2,1,2023,32,1,зима
Ханты-Мансийский автономный округ - Югра,2023,январь-март,210710.0,3,2023-03-01,False,132526.0,831998.0,594906.0,180546.0,135923.33333333334,442888.1666666667,435529.4166666667,3,1,2023,60,1,весна
Ханты-Мансийский автономный округ - Югра,2023,январь-апрель,302334.0,4,2023-04-01,False,210710.0,64534.0,669830.0,257788.0,215190.0,381638.8333333333,439241.5833333333,4,2,2023,91,0,весна
Ханты-Мансийский автономный округ - Югра,2023,январь-май,388097.0,5,2023-05-01,False,302334.0,132526.0,747731.0,332914.0,300380.3333333333,321699.8333333333,443840.1666666667,5,2,2023,121,1,весна
Ханты-Мансийский автономный округ - Югра,2023,январь-июнь,471136.0,6,2023-06-01,False,388097.0,210710.0,831998.0,409749.0,387189.0,261556.16666666666,448955.75,6,2,2023,152,0,лето
Ханты-Мансийский автономный округ - Югра,2023,январь-июль,560947.0,7,2023-07-01,False,471136.0,302334.0,64534.0,443027.0,473393.3333333333,344291.6666666667,458782.4166666667,7,3,2023,182,0,лето
Ханты-Мансийский автономный округ - Югра,2023,январь-август,639754.0,8,2023-08-01,False,560947.0,388097.0,132526.0,530640.0,557279.0,428829.6666666667,467875.25,8,3,2023,213,0,лето
Ханты-Мансийский автономный округ - Югра,2023,январь-сентябрь,743480.0,9,2023-09-01,False,639754.0,471136.0,210710.0,594906.0,648060.3333333334,517624.6666666667,480256.4166666667,9,3,2023,244,0,осень
Ханты-Мансийский автономный округ - Югра,2024,январь,130546.0,1,2024-01-01,False,743480.0,560947.0,302334.0,669830.0,504593.3333333333,488993.3333333333,435316.0833333333,1,1,2024,1,1,зима
Ханты-Мансийский автономный округ - Югра,2024,январь-февраль,311207.0,2,2024-02-01,False,130546.0,639754.0,388097.0,747731.0,395077.6666666667,476178.3333333333,398939.0833333333,2,1,2024,32,1,зима
Ханты-Мансийский автономный округ - Югра,2024,январь-март,515356.0,3,2024-03-01,False,311207.0,743480.0,471136.0,831998.0,319036.3333333333,483548.3333333333,372552.25,3,1,2024,61,1,весна
Ханты-Мансийский автономный округ - Югра,2024,январь-апрель,610734.0,4,2024-04-01,False,515356.0,130546.0,560947.0,64534.0,479099.0,491846.1666666667,418068.9166666667,4,2,2024,92,0,весна
Ханты-Мансийский автономный округ - Югра,2024,январь-май,699146.0,5,2024-05-01,False,610734.0,311207.0,639754.0,132526.0,608412.0,501744.8333333333,465287.25,5,2,2024,122,1,весна
Ханты-Мансийский автономный округ - Югра,2024,январь-июнь,774288.0,6,2024-06-01,False,699146.0,515356.0,743480.0,210710.0,694722.6666666666,506879.5,512252.0833333333,6,2,2024,153,0,лето
Ханты-Мансийский автономный округ - Югра,2024,январь-июль,857928.0,7,2024-07-01,False,774288.0,610734.0,130546.0,302334.0,777120.6666666666,628109.8333333334,558551.5833333334,7,3,2024,183,0,лето
Ханты-Мансийский автономный округ - Югра,2024,январь-август,946379.0,8,2024-08-01,False,857928.0,699146.0,311207.0,388097.0,859531.6666666666,733971.8333333334,605075.0833333334,8,3,2024,214,0,лето
Ханты-Мансийский автономный округ - Югра,2024,январь-сентябрь,1049995.0,9,2024-09-01,False,946379.0,774288.0,515356.0,471136.0,951434.0,823078.3333333334,653313.3333333334,9,3,2024,245,0,осень
Ханты-Мансийский автономный округ - Югра,2025,январь,65242.0,1,2025-01-01,False,1049995.0,857928.0,610734.0,560947.0,687205.3333333334,732163.0,612004.5833333334,1,1,2025,1,1,зима
Ханты-Мансийский автономный округ - Югра,2025,январь-февраль,135919.0,2,2025-02-01,False,65242.0,946379.0,699146.0,639754.0,417052.0,638291.8333333334,570018.3333333334,2,1,2025,32,1,зима
Ханты-Мансийский автономный округ - Югра,2025,январь-март,219689.0,3,2025-03-01,False,135919.0,1049995.0,774288.0,743480.0,140283.33333333334,545858.6666666666,526369.0833333334,3,1,2025,60,1,весна
Ханты-Мансийский автономный округ - Югра,2025,январь-апрель,308134.0,4,2025-04-01,False,219689.0,65242.0,857928.0,130546.0,221247.33333333334,454226.3333333333,541168.0833333334,4,2,2025,91,0,весна
Ханты-Мансийский автономный округ - Югра,2025,январь-май,395246.0,5,2025-05-01,False,308134.0,135919.0,946379.0,311207.0,307689.6666666667,362370.8333333333,548171.3333333334,5,2,2025,121,1,весна
Ханты-Мансийский автономный округ - Югра,2025,январь-июнь,466801.0,6,2025-06-01,False,395246.0,219689.0,1049995.0,515356.0,390060.3333333333,265171.8333333333,544125.0833333334,6,2,2025,152,0,лето
Ханты-Мансийский автономный округ - Югра,2025,январь-июль,542518.0,7,2025-07-01,False,466801.0,308134.0,65242.0,610734.0,468188.3333333333,344717.8333333333,538440.4166666666,7,3,2025,182,0,лето
Ханты-Мансийский автономный округ - Югра,2025,январь-август,624544.0,8,2025-08-01,False,542518.0,395246.0,135919.0,699146.0,544621.0,426155.3333333333,532223.5833333334,8,3,2025,213,0,лето
Ханты-Мансийский автономный округ - Югра,2025,январь-сентябрь,707552.0,9,2025-09-01,False,624544.0,466801.0,219689.0,774288.0,624871.3333333334,507465.8333333333,526662.25,9,3,2025,244,0,осень
Челябинская область,2022,январь,79868.0,1,2022-01-01,False,,,,,79868.0,79868.0,79868.0,1,1,2022,1,1,зима
Челябинская область,2022,январь-февраль,135238.0,2,2022-02-01,False,79868.0,,,,107553.0,107553.0,107553.0,2,1,2022,32,1,зима
Челябинская область,2022,январь-март,217340.0,3,2022-03-01,False,135238.0,,,,144148.66666666666,144148.66666666666,144148.66666666666,3,1,2022,60,1,весна
Челябинская область,2022,январь-апрель,359280.0,4,2022-04-01,False,217340.0,79868.0,,,237286.0,197931.5,197931.5,4,2,2022,91,0,весна
Челябинская область,2022,январь-май,508309.0,5,2022-05-01,False,359280.0,135238.0,,,361643.0,260007.0,260007.0,5,2,2022,121,1,весна
Челябинская область,2022,январь-июнь,707461.0,6,2022-06-01,False,508309.0,217340.0,,,525016.6666666666,334582.6666666667,334582.6666666667,6,2,2022,152,0,лето
Челябинская область,2022,январь-июль,1012525.0,7,2022-07-01,False,707461.0,359280.0,79868.0,,742765.0,490025.5,431431.5714285714,7,3,2022,182,0,лето
Челябинская область,2022,январь-август,1248395.0,8,2022-08-01,False,1012525.0,508309.0,135238.0,,989460.3333333334,675551.6666666666,533552.0,8,3,2022,213,0,лето
Челябинская область,2022,январь-сентябрь,1367766.0,9,2022-09-01,False,1248395.0,707461.0,217340.0,,1209562.0,867289.3333333334,626242.4444444445,9,3,2022,244,0,осень
Челябинская область,2022,январь-октябрь*,1483776.0,10,2022-10-01,False,1367766.0,1012525.0,359280.0,,1366645.6666666667,1054705.3333333333,711995.8,10,4,2022,274,0,осень
Челябинская область,2022,январь-ноябрь*,1633000.0,11,2022-11-01,False,1483776.0,1248395.0,508309.0,,1494847.3333333333,1242153.8333333333,795723.4545454546,11,4,2022,305,0,осень
Челябинская область,2022,январь-декабрь*,1737877.0,12,2022-12-01,False,1633000.0,1367766.0,707461.0,,1618217.6666666667,1413889.8333333333,874236.25,12,4,2022,335,1,зима
Челябинская область,2023,январь,110122.0,1,2023-01-01,False,1737877.0,1483776.0,1012525.0,79868.0,1160333.0,1263489.3333333333,876757.4166666666,1,1,2023,1,1,зима
Челябинская область,2023,январь-февраль,219957.0,2,2023-02-01,False,110122.0,1633000.0,1248395.0,135238.0,689318.6666666666,1092083.0,883817.3333333334,2,1,2023,32,1,зима
Челябинская область,2023,январь-март,345057.0,3,2023-03-01,False,219957.0,1737877.0,1367766.0,217340.0,225045.33333333334,921631.5,894460.4166666666,3,1,2023,60,1,весна
Челябинская область,2023,январь-апрель,467290.0,4,2023-04-01,False,345057.0,110122.0,1483776.0,359280.0,344101.3333333333,752217.1666666666,903461.25,4,2,2023,91,0,весна
Челябинская область,2023,январь-май,597416.0,5,2023-05-01,False,467290.0,219957.0,1633000.0,508309.0,469921.0,579619.8333333334,910886.8333333334,5,2,2023,121,1,весна
Челябинская область,2023,январь-июнь,815157.0,6,2023-06-01,False,597416.0,345057.0,1737877.0,707461.0,626621.0,425833.1666666667,919861.5,6,2,2023,152,0,лето
Челябинская область,2023,январь-июль,1096192.0,7,2023-07-01,False,815157.0,467290.0,110122.0,1012525.0,836255.0,590178.1666666666,926833.75,7,3,2023,182,0,лето
Челябинская область,2023,январь-август,1308090.0,8,2023-08-01,False,1096192.0,597416.0,219957.0,1248395.0,1073146.3333333333,771533.6666666666,931808.3333333334,8,3,2023,213,0,лето
Челябинская область,2023,январь-сентябрь,1395396.0,9,2023-09-01,False,1308090.0,815157.0,345057.0,1367766.0,1266559.3333333333,946590.1666666666,934110.8333333334,9,3,2023,244,0,осень
Челябинская область,2024,январь,96388.0,1,2024-01-01,False,1395396.0,1096192.0,467290.0,1483776.0,933291.3333333334,884773.1666666666,818495.1666666666,1,1,2024,1,1,зима
Челябинская область,2024,январь-февраль,198492.0,2,2024-02-01,False,96388.0,1308090.0,597416.0,1633000.0,563425.3333333334,818285.8333333334,698952.8333333334,2,1,2024,32,1,зима
Челябинская область,2024,январь-март,313718.0,3,2024-03-01,False,198492.0,1395396.0,815157.0,1737877.0,202866.0,734712.6666666666,580272.9166666666,3,1,2024,61,1,весна
Челябинская область,2024,январь-апрель,406109.0,4,2024-04-01,False,313718.0,96388.0,1096192.0,110122.0,306106.3333333333,619698.8333333334,604938.5,4,2,2024,92,0,весна
Челябинская область,2024,январь-май,504077.0,5,2024-05-01,False,406109.0,198492.0,1308090.0,219957.0,407968.0,485696.6666666667,628615.1666666666,5,2,2024,122,1,весна
Челябинская область,2024,январь-июнь,702569.0,6,2024-06-01,False,504077.0,313718.0,1395396.0,345057.0,537585.0,370225.5,658407.8333333334,6,2,2024,153,0,лето
Челябинская область,2024,январь-июль,1029807.0,7,2024-07-01,False,702569.0,406109.0,96388.0,467290.0,745484.3333333334,525795.3333333334,705284.25,7,3,2024,183,0,лето
Челябинская область,2024,январь-август,1282166.0,8,2024-08-01,False,1029807.0,504077.0,198492.0,597416.0,1004847.3333333334,706407.6666666666,762346.75,8,3,2024,214,0,лето
Челябинская область,2024,январь-сентябрь,1404402.0,9,2024-09-01,False,1282166.0,702569.0,313718.0,815157.0,1238791.6666666667,888188.3333333334,811450.5,9,3,2024,245,0,осень
Челябинская область,2025,январь,124604.0,1,2025-01-01,False,1404402.0,1029807.0,406109.0,1096192.0,937057.3333333334,841270.8333333334,730484.8333333334,1,1,2025,1,1,зима
Челябинская область,2025,январь-февраль,236473.0,2,2025-02-01,False,124604.0,1282166.0,504077.0,1308090.0,588493.0,796670.1666666666,641183.4166666666,2,1,2025,32,1,зима
Челябинская область,2025,январь-март,365555.0,3,2025-03-01,False,236473.0,1404402.0,702569.0,1395396.0,242210.66666666666,740501.1666666666,555363.3333333334,3,1,2025,60,1,весна
Челябинская область,2025,январь-апрель,471132.0,4,2025-04-01,False,365555.0,124604.0,1029807.0,96388.0,357720.0,647388.6666666666,586592.0,4,2,2025,91,0,весна
Челябинская область,2025,январь-май,587558.0,5,2025-05-01,False,471132.0,236473.0,1282166.0,198492.0,474748.3333333333,531620.6666666666,619014.1666666666,5,2,2025,121,1,весна
Челябинская область,2025,январь-июнь,839519.0,6,2025-06-01,False,587558.0,365555.0,1404402.0,313718.0,632736.3333333334,437473.5,662830.9166666666,6,2,2025,152,0,лето
Челябинская область,2025,январь-июль,1142735.0,7,2025-07-01,False,839519.0,471132.0,124604.0,406109.0,856604.0,607162.0,724216.4166666666,7,3,2025,182,0,лето
Челябинская область,2025,январь-август,1380256.0,8,2025-08-01,False,1142735.0,587558.0,236473.0,504077.0,1120836.6666666667,797792.5,797231.3333333334,8,3,2025,213,0,лето
Челябинская область,2025,январь-сентябрь,1499724.0,9,2025-09-01,False,1380256.0,839519.0,365555.0,702569.0,1340905.0,986820.6666666666,863660.9166666666,9,3,2025,244,0,осень
Чеченская Республика,2022,январь,6473.0,1,2022-01-01,False,,,,,6473.0,6473.0,6473.0,1,1,2022,1,1,зима
Чеченская Республика,2022,январь-февраль,13680.0,2,2022-02-01,False,6473.0,,,,10076.5,10076.5,10076.5,2,1,2022,32,1,зима
Чеченская Республика,2022,январь-март,22820.0,3,2022-03-01,False,13680.0,,,,14324.333333333334,14324.333333333334,14324.333333333334,3,1,2022,60,1,весна
Чеченская Республика,2022,январь-апрель,26680.0,4,2022-04-01,False,22820.0,6473.0,,,21060.0,17413.25,17413.25,4,2,2022,91,0,весна
Чеченская Республика,2022,январь-май,33204.0,5,2022-05-01,False,26680.0,13680.0,,,27568.0,20571.4,20571.4,5,2,2022,121,1,весна
Чеченская Республика,2022,январь-июнь,42978.0,6,2022-06-01,False,33204.0,22820.0,,,34287.333333333336,24305.833333333332,24305.833333333332,6,2,2022,152,0,лето
Чеченская Республика,2022,январь-июль,57350.0,7,2022-07-01,False,42978.0,26680.0,6473.0,,44510.666666666664,32785.333333333336,29026.428571428572,7,3,2022,182,0,лето
Чеченская Республика,2022,январь-август,71706.0,8,2022-08-01,False,57350.0,33204.0,13680.0,,57344.666666666664,42456.333333333336,34361.375,8,3,2022,213,0,лето
Чеченская Республика,2022,январь-сентябрь,85896.0,9,2022-09-01,False,71706.0,42978.0,22820.0,,71650.66666666667,52969.0,40087.444444444445,9,3,2022,244,0,осень
Чеченская Республика,2022,январь-октябрь*,89913.0,10,2022-10-01,False,85896.0,57350.0,26680.0,,82505.0,63507.833333333336,45070.0,10,4,2022,274,0,осень
Чеченская Республика,2022,январь-ноябрь*,94038.0,11,2022-11-01,False,89913.0,71706.0,33204.0,,89949.0,73646.83333333333,49521.63636363636,11,4,2022,305,0,осень
Чеченская Республика,2022,январь-декабрь*,104844.0,12,2022-12-01,False,94038.0,85896.0,42978.0,,96265.0,83957.83333333333,54131.833333333336,12,4,2022,335,1,зима
Чеченская Республика,2023,январь,6363.0,1,2023-01-01,False,104844.0,89913.0,57350.0,6473.0,68415.0,75460.0,54122.666666666664,1,1,2023,1,1,зима
Чеченская Республика,2023,январь-февраль,12069.0,2,2023-02-01,False,6363.0,94038.0,71706.0,13680.0,41092.0,65520.5,53988.416666666664,2,1,2023,32,1,зима
Чеченская Республика,2023,январь-март,21292.0,3,2023-03-01,False,12069.0,104844.0,85896.0,22820.0,13241.333333333334,54753.166666666664,53861.083333333336,3,1,2023,60,1,весна
Чеченская Республика,2023,январь-апрель,37664.0,4,2023-04-01,False,21292.0,6363.0,89913.0,26680.0,23675.0,46045.0,54776.416666666664,4,2,2023,91,0,весна
Чеченская Республика,2023,январь-май,72426.0,5,2023-05-01,False,37664.0,12069.0,94038.0,33204.0,43794.0,42443.0,58044.916666666664,5,2,2023,121,1,весна
Чеченская Республика,2023,январь-июнь,114884.0,6,2023-06-01,False,72426.0,21292.0,104844.0,42978.0,74991.33333333333,44116.333333333336,64037.083333333336,6,2,2023,152,0,лето
Чеченская Республика,2023,январь-июль,138665.0,7,2023-07-01,False,114884.0,37664.0,6363.0,57350.0,108658.33333333333,66166.66666666667,70813.33333333333,7,3,2023,182,0,лето
Чеченская Республика,2023,январь-август,164423.0,8,2023-08-01,False,138665.0,72426.0,12069.0,71706.0,139324.0,91559.0,78539.75,8,3,2023,213,0,лето
Чеченская Республика,2023,январь-сентябрь,186355.0,9,2023-09-01,False,164423.0,114884.0,21292.0,85896.0,163147.66666666666,119069.5,86911.33333333333,9,3,2023,244,0,осень
Чеченская Республика,2024,январь,7989.0,1,2024-01-01,False,186355.0,138665.0,37664.0,89913.0,119589.0,114123.66666666667,80084.33333333333,1,1,2024,1,1,зима
Чеченская Республика,2024,январь-февраль,19771.0,2,2024-02-01,False,7989.0,164423.0,72426.0,94038.0,71371.66666666667,105347.83333333333,73895.41666666667,2,1,2024,32,1,зима
Чеченская Республика,2024,январь-март,30890.0,3,2024-03-01,False,19771.0,186355.0,114884.0,104844.0,19550.0,91348.83333333333,67732.58333333333,3,1,2024,61,1,весна
Чеченская Республика,2024,январь-апрель,51158.0,4,2024-04-01,False,30890.0,7989.0,138665.0,6363.0,33939.666666666664,76764.33333333333,71465.5,4,2,2024,92,0,весна
Чеченская Республика,2024,январь-май,77797.0,5,2024-05-01,False,51158.0,19771.0,164423.0,12069.0,53281.666666666664,62326.666666666664,76942.83333333333,5,2,2024,122,1,весна
Чеченская Республика,2024,январь-июнь,116411.0,6,2024-06-01,False,77797.0,30890.0,186355.0,21292.0,81788.66666666667,50669.333333333336,84869.41666666667,6,2,2024,153,0,лето
Чеченская Республика,2024,январь-июль,158022.0,7,2024-07-01,False,116411.0,51158.0,7989.0,37664.0,117410.0,75674.83333333333,94899.25,7,3,2024,183,0,лето
Чеченская Республика,2024,январь-август,189706.0,8,2024-08-01,False,158022.0,77797.0,19771.0,72426.0,154713.0,103997.33333333333,104672.58333333333,8,3,2024,214,0,лето
Чеченская Республика,2024,январь-сентябрь,208591.0,9,2024-09-01,False,189706.0,116411.0,30890.0,114884.0,185439.66666666666,133614.16666666666,112481.5,9,3,2024,245,0,осень
Чеченская Республика,2025,январь,6717.0,1,2025-01-01,False,208591.0,158022.0,51158.0,138665.0,135004.66666666666,126207.33333333333,101485.83333333333,1,1,2025,1,1,зима
Чеченская Республика,2025,январь-февраль,13910.0,2,2025-02-01,False,6717.0,189706.0,77797.0,164423.0,76406.0,115559.5,88943.08333333333,2,1,2025,32,1,зима
Чеченская Республика,2025,январь-март,25687.0,3,2025-03-01,False,13910.0,208591.0,116411.0,186355.0,15438.0,100438.83333333333,75554.08333333333,3,1,2025,60,1,весна
Чеченская Республика,2025,январь-апрель,45412.0,4,2025-04-01,False,25687.0,6717.0,158022.0,7989.0,28336.333333333332,81670.5,78672.66666666667,4,2,2025,91,0,весна
Чеченская Республика,2025,январь-май,79653.0,5,2025-05-01,False,45412.0,13910.0,189706.0,19771.0,50250.666666666664,63328.333333333336,83662.83333333333,5,2,2025,121,1,весна
Чеченская Республика,2025,январь-июнь,123674.0,6,2025-06-01,False,79653.0,25687.0,208591.0,30890.0,82913.0,49175.5,91394.83333333333,6,2,2025,152,0,лето
Чеченская Республика,2025,январь-июль,195800.0,7,2025-07-01,False,123674.0,45412.0,6717.0,51158.0,133042.33333333334,80689.33333333333,103448.33333333333,7,3,2025,182,0,лето
Чеченская Республика,2025,январь-август,237643.0,8,2025-08-01,False,195800.0,79653.0,13910.0,77797.0,185705.66666666666,117978.16666666667,116768.83333333333,8,3,2025,213,0,лето
Чеченская Республика,2025,январь-сентябрь,266905.0,9,2025-09-01,True,237643.0,123674.0,25687.0,116411.0,233449.33333333334,158181.16666666666,129310.0,9,3,2025,244,0,осень
Чувашская Республика,2022,январь,32604.0,1,2022-01-01,False,,,,,32604.0,32604.0,32604.0,1,1,2022,1,1,зима
Чувашская Республика,2022,январь-февраль,61518.0,2,2022-02-01,False,32604.0,,,,47061.0,47061.0,47061.0,2,1,2022,32,1,зима
Чувашская Республика,2022,январь-март,97454.0,3,2022-03-01,False,61518.0,,,,63858.666666666664,63858.666666666664,63858.666666666664,3,1,2022,60,1,весна
Чувашская Республика,2022,январь-апрель,152279.0,4,2022-04-01,False,97454.0,32604.0,,,103750.33333333333,85963.75,85963.75,4,2,2022,91,0,весна
Чувашская Республика,2022,январь-май,190389.0,5,2022-05-01,False,152279.0,61518.0,,,146707.33333333334,106848.8,106848.8,5,2,2022,121,1,весна
Чувашская Республика,2022,январь-июнь,256087.0,6,2022-06-01,False,190389.0,97454.0,,,199585.0,131721.83333333334,131721.83333333334,6,2,2022,152,0,лето
Чувашская Республика,2022,январь-июль,327286.0,7,2022-07-01,False,256087.0,152279.0,32604.0,,257920.66666666666,180835.5,159659.57142857142,7,3,2022,182,0,лето
Чувашская Республика,2022,январь-август,388665.0,8,2022-08-01,False,327286.0,190389.0,61518.0,,324012.6666666667,235360.0,188285.25,8,3,2022,213,0,лето
Чувашская Республика,2022,январь-сентябрь,416093.0,9,2022-09-01,False,388665.0,256087.0,97454.0,,377348.0,288466.5,213597.22222222222,9,3,2022,244,0,осень
Чувашская Республика,2022,январь-октябрь*,458844.0,10,2022-10-01,False,416093.0,327286.0,152279.0,,421200.6666666667,339560.6666666667,238121.9,10,4,2022,274,0,осень
Чувашская Республика,2022,январь-ноябрь*,499171.0,11,2022-11-01,False,458844.0,388665.0,190389.0,,458036.0,391024.3333333333,261853.63636363635,11,4,2022,305,0,осень
Чувашская Республика,2022,январь-декабрь*,537427.0,12,2022-12-01,False,499171.0,416093.0,256087.0,,498480.6666666667,437914.3333333333,284818.0833333333,12,4,2022,335,1,зима
Чувашская Республика,2023,январь,47049.0,1,2023-01-01,False,537427.0,458844.0,327286.0,32604.0,361215.6666666667,391208.1666666667,286021.8333333333,1,1,2023,1,1,зима
Чувашская Республика,2023,январь-февраль,95532.0,2,2023-02-01,False,47049.0,499171.0,388665.0,61518.0,226669.33333333334,342352.6666666667,288856.3333333333,2,1,2023,32,1,зима
Чувашская Республика,2023,январь-март,147583.0,3,2023-03-01,False,95532.0,537427.0,416093.0,97454.0,96721.33333333333,297601.0,293033.75,3,1,2023,60,1,весна
Чувашская Республика,2023,январь-апрель,222149.0,4,2023-04-01,False,147583.0,47049.0,458844.0,152279.0,155088.0,258151.83333333334,298856.25,4,2,2023,91,0,весна
Чувашская Республика,2023,январь-май,308125.0,5,2023-05-01,False,222149.0,95532.0,499171.0,190389.0,225952.33333333334,226310.83333333334,308667.5833333333,5,2,2023,121,1,весна
Чувашская Республика,2023,январь-июнь,454818.0,6,2023-06-01,False,308125.0,147583.0,537427.0,256087.0,328364.0,212542.66666666666,325228.5,6,2,2023,152,0,лето
Чувашская Республика,2023,январь-июль,522691.0,7,2023-07-01,False,454818.0,222149.0,47049.0,327286.0,428544.6666666667,291816.3333333333,341512.25,7,3,2023,182,0,лето
Чувашская Республика,2023,январь-август,587963.0,8,2023-08-01,False,522691.0,308125.0,95532.0,388665.0,521824.0,373888.1666666667,358120.4166666667,8,3,2023,213,0,лето
Чувашская Республика,2023,январь-сентябрь,621333.0,9,2023-09-01,False,587963.0,454818.0,147583.0,416093.0,577329.0,452846.5,375223.75,9,3,2023,244,0,осень
Чувашская Республика,2024,январь,44532.0,1,2024-01-01,False,621333.0,522691.0,222149.0,458844.0,417942.6666666667,423243.6666666667,340697.75,1,1,2024,1,1,зима
Чувашская Республика,2024,январь-февраль,89319.0,2,2024-02-01,False,44532.0,587963.0,308125.0,499171.0,251728.0,386776.0,306543.4166666667,2,1,2024,32,1,зима
Чувашская Республика,2024,январь-март,142251.0,3,2024-03-01,False,89319.0,621333.0,454818.0,537427.0,92034.0,334681.5,273612.0833333333,3,1,2024,61,1,весна
Чувашская Республика,2024,январь-апрель,225318.0,4,2024-04-01,False,142251.0,44532.0,522691.0,47049.0,152296.0,285119.3333333333,288467.8333333333,4,2,2024,92,0,весна
Чувашская Республика,2024,январь-май,321361.0,5,2024-05-01,False,225318.0,89319.0,587963.0,95532.0,229643.33333333334,240685.66666666666,307286.9166666667,5,2,2024,122,1,весна
Чувашская Республика,2024,январь-июнь,448056.0,6,2024-06-01,False,321361.0,142251.0,621333.0,147583.0,331578.3333333333,211806.16666666666,332326.3333333333,6,2,2024,153,0,лето
Чувашская Республика,2024,январь-июль,578597.0,7,2024-07-01,False,448056.0,225318.0,44532.0,222149.0,449338.0,300817.0,362030.3333333333,7,3,2024,183,0,лето
Чувашская Республика,2024,январь-август,688209.0,8,2024-08-01,False,578597.0,321361.0,89319.0,308125.0,571620.6666666666,400632.0,393704.0,8,3,2024,214,0,лето
Чувашская Республика,2024,январь-сентябрь,757205.0,9,2024-09-01,False,688209.0,448056.0,142251.0,454818.0,674670.3333333334,503124.3333333333,418902.9166666667,9,3,2024,245,0,осень
Чувашская Республика,2025,январь,67564.0,1,2025-01-01,False,757205.0,578597.0,225318.0,522691.0,504326.0,476832.0,380975.6666666667,1,1,2025,1,1,зима
Чувашская Республика,2025,январь-февраль,126823.0,2,2025-02-01,False,67564.0,688209.0,321361.0,587963.0,317197.3333333333,444409.0,342547.3333333333,2,1,2025,32,1,зима
Чувашская Республика,2025,январь-март,192844.0,3,2025-03-01,False,126823.0,757205.0,448056.0,621333.0,129077.0,401873.6666666667,306839.9166666667,3,1,2025,60,1,весна
Чувашская Республика,2025,январь-апрель,223556.0,4,2025-04-01,False,192844.0,67564.0,578597.0,44532.0,181074.33333333334,342700.1666666667,321758.5833333333,4,2,2025,91,0,весна
Чувашская Республика,2025,январь-май,262003.0,5,2025-05-01,False,223556.0,126823.0,688209.0,89319.0,226134.33333333334,271665.8333333333,336148.9166666667,5,2,2025,121,1,весна
Чувашская Республика,2025,январь-июнь,312347.0,6,2025-06-01,False,262003.0,192844.0,757205.0,142251.0,265968.6666666667,197522.83333333334,350323.5833333333,6,2,2025,152,0,лето
Чувашская Республика,2025,январь-июль,368758.0,7,2025-07-01,False,312347.0,223556.0,67564.0,225318.0,314369.3333333333,247721.83333333334,362276.9166666667,7,3,2025,182,0,лето
Чувашская Республика,2025,январь-август,417686.0,8,2025-08-01,False,368758.0,262003.0,126823.0,321361.0,366263.6666666667,296199.0,370304.0,8,3,2025,213,0,лето
Чувашская Республика,2025,январь-сентябрь,445785.0,9,2025-09-01,False,417686.0,312347.0,192844.0,448056.0,410743.0,338355.8333333333,370114.75,9,3,2025,244,0,осень
Чукотский автономный округ,2022,январь,1608.0,1,2022-01-01,False,,,,,1608.0,1608.0,1608.0,1,1,2022,1,1,зима
Чукотский автономный округ,2022,январь-февраль,3555.0,2,2022-02-01,False,1608.0,,,,2581.5,2581.5,2581.5,2,1,2022,32,1,зима
Чукотский автономный округ,2022,январь-март,6125.0,3,2022-03-01,False,3555.0,,,,3762.6666666666665,3762.6666666666665,3762.6666666666665,3,1,2022,60,1,весна
Чукотский автономный округ,2022,январь-апрель,8723.0,4,2022-04-01,False,6125.0,1608.0,,,6134.333333333333,5002.75,5002.75,4,2,2022,91,0,весна
Чукотский автономный округ,2022,январь-май,10704.0,5,2022-05-01,False,8723.0,3555.0,,,8517.333333333334,6143.0,6143.0,5,2,2022,121,1,весна
Чукотский автономный округ,2022,январь-июнь,13449.0,6,2022-06-01,False,10704.0,6125.0,,,10958.666666666666,7360.666666666667,7360.666666666667,6,2,2022,152,0,лето
Чукотский автономный округ,2022,январь-июль,16412.0,7,2022-07-01,False,13449.0,8723.0,1608.0,,13521.666666666666,9828.0,8653.714285714286,7,3,2022,182,0,лето
Чукотский автономный округ,2022,январь-август,19656.0,8,2022-08-01,False,16412.0,10704.0,3555.0,,16505.666666666668,12511.5,10029.0,8,3,2022,213,0,лето
Чукотский автономный округ,2022,январь-сентябрь,22308.0,9,2022-09-01,False,19656.0,13449.0,6125.0,,19458.666666666668,15208.666666666666,11393.333333333334,9,3,2022,244,0,осень
Чукотский автономный округ,2022,январь-октябрь*,24717.0,10,2022-10-01,False,22308.0,16412.0,8723.0,,22227.0,17874.333333333332,12725.7,10,4,2022,274,0,осень
Чукотский автономный округ,2022,январь-ноябрь*,27597.0,11,2022-11-01,False,24717.0,19656.0,10704.0,,24874.0,20689.833333333332,14077.636363636364,11,4,2022,305,0,осень
Чукотский автономный округ,2022,январь-декабрь*,30068.0,12,2022-12-01,False,27597.0,22308.0,13449.0,,27460.666666666668,23459.666666666668,15410.166666666666,12,4,2022,335,1,зима
Чукотский автономный округ,2023,январь,3031.0,1,2023-01-01,False,30068.0,24717.0,16412.0,1608.0,20232.0,21229.5,15528.75,1,1,2023,1,1,зима
Чукотский автономный округ,2023,январь-февраль,7499.0,2,2023-02-01,False,3031.0,27597.0,19656.0,3555.0,13532.666666666666,19203.333333333332,15857.416666666666,2,1,2023,32,1,зима
Чукотский автономный округ,2023,январь-март,12183.0,3,2023-03-01,False,7499.0,30068.0,22308.0,6125.0,7571.0,17515.833333333332,16362.25,3,1,2023,60,1,весна
Чукотский автономный округ,2023,январь-апрель,15283.0,4,2023-04-01,False,12183.0,3031.0,24717.0,8723.0,11655.0,15943.5,16908.916666666668,4,2,2023,91,0,весна
Чукотский автономный округ,2023,январь-май,18417.0,5,2023-05-01,False,15283.0,7499.0,27597.0,10704.0,15294.333333333334,14413.5,17551.666666666668,5,2,2023,121,1,весна
Чукотский автономный округ,2023,январь-июнь,20817.0,6,2023-06-01,False,18417.0,12183.0,30068.0,13449.0,18172.333333333332,12871.666666666666,18165.666666666668,6,2,2023,152,0,лето
Чукотский автономный округ,2023,январь-июль,22605.0,7,2023-07-01,False,20817.0,15283.0,3031.0,16412.0,20613.0,16134.0,18681.75,7,3,2023,182,0,лето
Чукотский автономный округ,2023,январь-август,26994.0,8,2023-08-01,False,22605.0,18417.0,7499.0,19656.0,23472.0,19383.166666666668,19293.25,8,3,2023,213,0,лето
Чукотский автономный округ,2023,январь-сентябрь,29815.0,9,2023-09-01,False,26994.0,20817.0,12183.0,22308.0,26471.333333333332,22321.833333333332,19918.833333333332,9,3,2023,244,0,осень
Чукотский автономный округ,2024,январь,1168.0,1,2024-01-01,False,29815.0,22605.0,15283.0,24717.0,19325.666666666668,19969.333333333332,17956.416666666668,1,1,2024,1,1,зима
Чукотский автономный округ,2024,январь-февраль,2866.0,2,2024-02-01,False,1168.0,26994.0,18417.0,27597.0,11283.0,17377.5,15895.5,2,1,2024,32,1,зима
Чукотский автономный округ,2024,январь-март,5039.0,3,2024-03-01,False,2866.0,29815.0,20817.0,30068.0,3024.3333333333335,14747.833333333334,13809.75,3,1,2024,61,1,весна
Чукотский автономный округ,2024,январь-апрель,8260.0,4,2024-04-01,False,5039.0,1168.0,22605.0,3031.0,5388.333333333333,12357.0,14245.5,4,2,2024,92,0,весна
Чукотский автономный округ,2024,январь-май,10684.0,5,2024-05-01,False,8260.0,2866.0,26994.0,7499.0,7994.333333333333,9638.666666666666,14510.916666666666,5,2,2024,122,1,весна
Чукотский автономный округ,2024,январь-июнь,12898.0,6,2024-06-01,False,10684.0,5039.0,29815.0,12183.0,10614.0,6819.166666666667,14570.5,6,2,2024,153,0,лето
Чукотский автономный округ,2024,январь-июль,22448.0,7,2024-07-01,False,12898.0,8260.0,1168.0,15283.0,15343.333333333334,10365.833333333334,15167.583333333334,7,3,2024,183,0,лето
Чукотский автономный округ,2024,январь-август,31928.0,8,2024-08-01,False,22448.0,10684.0,2866.0,18417.0,22424.666666666668,15209.5,16293.5,8,3,2024,214,0,лето
Чукотский автономный округ,2024,январь-сентябрь,41938.0,9,2024-09-01,False,31928.0,12898.0,5039.0,20817.0,32104.666666666668,21359.333333333332,18053.583333333332,9,3,2024,245,0,осень
Чукотский автономный округ,2025,январь,2117.0,1,2025-01-01,False,41938.0,22448.0,8260.0,22605.0,25327.666666666668,20335.5,16346.25,1,1,2025,1,1,зима
Чукотский автономный округ,2025,январь-февраль,5244.0,2,2025-02-01,False,2117.0,31928.0,10684.0,26994.0,16433.0,19428.833333333332,14533.75,2,1,2025,32,1,зима
Чукотский автономный округ,2025,январь-март,12717.0,3,2025-03-01,False,5244.0,41938.0,12898.0,29815.0,6692.666666666667,19398.666666666668,13108.916666666666,3,1,2025,60,1,весна
Чукотский автономный округ,2025,январь-апрель,17833.0,4,2025-04-01,False,12717.0,2117.0,22448.0,1168.0,11931.333333333334,18629.5,14497.666666666666,4,2,2025,91,0,весна
Чукотский автономный округ,2025,январь-май,20418.0,5,2025-05-01,False,17833.0,5244.0,31928.0,2866.0,16989.333333333332,16711.166666666668,15960.333333333334,5,2,2025,121,1,весна
Чукотский автономный округ,2025,январь-июнь,24343.0,6,2025-06-01,False,20418.0,12717.0,41938.0,5039.0,20864.666666666668,13778.666666666666,17569.0,6,2,2025,152,0,лето
Чукотский автономный округ,2025,январь-июль,36869.0,7,2025-07-01,False,24343.0,17833.0,2117.0,8260.0,27210.0,19570.666666666668,19953.083333333332,7,3,2025,182,0,лето
Чукотский автономный округ,2025,январь-август,56446.0,8,2025-08-01,True,36869.0,20418.0,5244.0,10684.0,39219.333333333336,28104.333333333332,23766.583333333332,8,3,2025,213,0,лето
Чукотский автономный округ,2025,январь-сентябрь,70721.0,9,2025-09-01,True,56446.0,24343.0,12717.0,12898.0,54678.666666666664,37771.666666666664,28585.166666666668,9,3,2025,244,0,осень
Ямало-Ненецкий автономный округ,2022,январь,15571.0,1,2022-01-01,False,,,,,15571.0,15571.0,15571.0,1,1,2022,1,1,зима
Ямало-Ненецкий автономный округ,2022,январь-февраль,33030.0,2,2022-02-01,False,15571.0,,,,24300.5,24300.5,24300.5,2,1,2022,32,1,зима
Ямало-Ненецкий автономный округ,2022,январь-март,58156.0,3,2022-03-01,False,33030.0,,,,35585.666666666664,35585.666666666664,35585.666666666664,3,1,2022,60,1,весна
Ямало-Ненецкий автономный округ,2022,январь-апрель,92270.0,4,2022-04-01,False,58156.0,15571.0,,,61152.0,49756.75,49756.75,4,2,2022,91,0,весна
Ямало-Ненецкий автономный округ,2022,январь-май,120105.0,5,2022-05-01,False,92270.0,33030.0,,,90177.0,63826.4,63826.4,5,2,2022,121,1,весна
Ямало-Ненецкий автономный округ,2022,январь-июнь,166480.0,6,2022-06-01,False,120105.0,58156.0,,,126285.0,80935.33333333333,80935.33333333333,6,2,2022,152,0,лето
Ямало-Ненецкий автономный округ,2022,январь-июль,188063.0,7,2022-07-01,False,166480.0,92270.0,15571.0,,158216.0,109684.0,96239.28571428571,7,3,2022,182,0,лето
Ямало-Ненецкий автономный округ,2022,январь-август,211095.0,8,2022-08-01,False,188063.0,120105.0,33030.0,,188546.0,139361.5,110596.25,8,3,2022,213,0,лето
Ямало-Ненецкий автономный округ,2022,январь-сентябрь,241786.0,9,2022-09-01,False,211095.0,166480.0,58156.0,,213648.0,169966.5,125172.88888888889,9,3,2022,244,0,осень
Ямало-Ненецкий автономный округ,2022,январь-октябрь*,273697.0,10,2022-10-01,False,241786.0,188063.0,92270.0,,242192.66666666666,200204.33333333334,140025.3,10,4,2022,274,0,осень
Ямало-Ненецкий автономный округ,2022,январь-ноябрь*,299475.0,11,2022-11-01,False,273697.0,211095.0,120105.0,,271652.6666666667,230099.33333333334,154520.72727272726,11,4,2022,305,0,осень
Ямало-Ненецкий автономный округ,2022,январь-декабрь*,328175.0,12,2022-12-01,False,299475.0,241786.0,166480.0,,300449.0,257048.5,168991.91666666666,12,4,2022,335,1,зима
Ямало-Ненецкий автономный округ,2023,январь,22138.0,1,2023-01-01,False,328175.0,273697.0,188063.0,15571.0,216596.0,229394.33333333334,169539.16666666666,1,1,2023,1,1,зима
Ямало-Ненецкий автономный округ,2023,январь-февраль,50299.0,2,2023-02-01,False,22138.0,299475.0,211095.0,33030.0,133537.33333333334,202595.0,170978.25,2,1,2023,32,1,зима
Ямало-Ненецкий автономный округ,2023,январь-март,78129.0,3,2023-03-01,False,50299.0,328175.0,241786.0,58156.0,50188.666666666664,175318.83333333334,172642.66666666666,3,1,2023,60,1,весна
Ямало-Ненецкий автономный округ,2023,январь-апрель,109598.0,4,2023-04-01,False,78129.0,22138.0,273697.0,92270.0,79342.0,147969.0,174086.66666666666,4,2,2023,91,0,весна
Ямало-Ненецкий автономный округ,2023,январь-май,139180.0,5,2023-05-01,False,109598.0,50299.0,299475.0,120105.0,108969.0,121253.16666666667,175676.25,5,2,2023,121,1,весна
Ямало-Ненецкий автономный округ,2023,январь-июнь,169786.0,6,2023-06-01,False,139180.0,78129.0,328175.0,166480.0,139521.33333333334,94855.0,175951.75,6,2,2023,152,0,лето
Ямало-Ненецкий автономный округ,2023,январь-июль,201983.0,7,2023-07-01,False,169786.0,109598.0,22138.0,188063.0,170316.33333333334,124829.16666666667,177111.75,7,3,2023,182,0,лето
Ямало-Ненецкий автономный округ,2023,январь-август,237932.0,8,2023-08-01,False,201983.0,139180.0,50299.0,211095.0,203233.66666666666,156101.33333333334,179348.16666666666,8,3,2023,213,0,лето
Ямало-Ненецкий автономный округ,2023,январь-сентябрь,271755.0,9,2023-09-01,False,237932.0,169786.0,78129.0,241786.0,237223.33333333334,188372.33333333334,181845.58333333334,9,3,2023,244,0,осень
Ямало-Ненецкий автономный округ,2024,январь,24572.0,1,2024-01-01,False,271755.0,201983.0,109598.0,273697.0,178086.33333333334,174201.33333333334,161085.16666666666,1,1,2024,1,1,зима
Ямало-Ненецкий автономный округ,2024,январь-февраль,56713.0,2,2024-02-01,False,24572.0,237932.0,139180.0,299475.0,117680.0,160456.83333333334,140855.0,2,1,2024,32,1,зима
Ямало-Ненецкий автономный округ,2024,январь-март,93886.0,3,2024-03-01,False,56713.0,271755.0,169786.0,328175.0,58390.333333333336,147806.83333333334,121330.91666666667,3,1,2024,61,1,весна
Ямало-Ненецкий автономный округ,2024,январь-апрель,125623.0,4,2024-04-01,False,93886.0,24572.0,201983.0,22138.0,92074.0,135080.16666666666,129954.66666666667,4,2,2024,92,0,весна
Ямало-Ненецкий автономный округ,2024,январь-май,150235.0,5,2024-05-01,False,125623.0,56713.0,237932.0,50299.0,123248.0,120464.0,138282.66666666666,5,2,2024,122,1,весна
Ямало-Ненецкий автономный округ,2024,январь-июнь,177896.0,6,2024-06-01,False,150235.0,93886.0,271755.0,78129.0,151251.33333333334,104820.83333333333,146596.58333333334,6,2,2024,153,0,лето
Ямало-Ненецкий автономный округ,2024,январь-июль,207813.0,7,2024-07-01,False,177896.0,125623.0,24572.0,109598.0,178648.0,135361.0,154781.16666666666,7,3,2024,183,0,лето
Ямало-Ненецкий автономный округ,2024,январь-август,238423.0,8,2024-08-01,False,207813.0,150235.0,56713.0,139180.0,208044.0,165646.0,163051.41666666666,8,3,2024,214,0,лето
Ямало-Ненецкий автономный округ,2024,январь-сентябрь,271936.0,9,2024-09-01,False,238423.0,177896.0,93886.0,169786.0,239390.66666666666,195321.0,171563.91666666666,9,3,2024,245,0,осень
Ямало-Ненецкий автономный округ,2025,январь,19233.0,1,2025-01-01,False,271936.0,207813.0,125623.0,201983.0,176530.66666666666,177589.33333333334,156334.75,1,1,2025,1,1,зима
Ямало-Ненецкий автономный округ,2025,январь-февраль,45851.0,2,2025-02-01,False,19233.0,238423.0,150235.0,237932.0,112340.0,160192.0,140328.0,2,1,2025,32,1,зима
Ямало-Ненецкий автономный округ,2025,январь-март,78638.0,3,2025-03-01,False,45851.0,271936.0,177896.0,271755.0,47907.333333333336,143649.0,124234.91666666667,3,1,2025,60,1,весна
Ямало-Ненецкий автономный округ,2025,январь-апрель,108110.0,4,2025-04-01,False,78638.0,19233.0,207813.0,24572.0,77533.0,127031.83333333333,131196.41666666666,4,2,2025,91,0,весна
Ямало-Ненецкий автономный округ,2025,январь-май,130880.0,5,2025-05-01,False,108110.0,45851.0,238423.0,56713.0,105876.0,109108.0,137377.0,5,2,2025,121,1,весна
Ямало-Ненецкий автономный округ,2025,январь-июнь,155770.0,6,2025-06-01,False,130880.0,78638.0,271936.0,93886.0,131586.66666666666,89747.0,142534.0,6,2,2025,152,0,лето
Ямало-Ненецкий автономный округ,2025,январь-июль,185204.0,7,2025-07-01,False,155770.0,108110.0,19233.0,125623.0,157284.66666666666,117408.83333333333,147499.08333333334,7,3,2025,182,0,лето
Ямало-Ненецкий автономный округ,2025,январь-август,215165.0,8,2025-08-01,False,185204.0,130880.0,45851.0,150235.0,185379.66666666666,145627.83333333334,152909.91666666666,8,3,2025,213,0,лето
Ямало-Ненецкий автономный округ,2025,январь-сентябрь,251837.0,9,2025-09-01,False,215165.0,155770.0,78638.0,177896.0,217402.0,174494.33333333334,159071.66666666666,9,3,2025,244,0,осень
Ярославская область,2022,январь,114986.0,1,2022-01-01,False,,,,,114986.0,114986.0,114986.0,1,1,2022,1,1,зима
Ярославская область,2022,январь-февраль,219749.0,2,2022-02-01,False,114986.0,,,,167367.5,167367.5,167367.5,2,1,2022,32,1,зима
Ярославская область,2022,январь-март,323580.0,3,2022-03-01,False,219749.0,,,,219438.33333333334,219438.33333333334,219438.33333333334,3,1,2022,60,1,весна
Ярославская область,2022,январь-апрель,446853.0,4,2022-04-01,False,323580.0,114986.0,,,330060.6666666667,276292.0,276292.0,4,2,2022,91,0,весна
Ярославская область,2022,январь-май,580465.0,5,2022-05-01,False,446853.0,219749.0,,,450299.3333333333,337126.6,337126.6,5,2,2022,121,1,весна
Ярославская область,2022,январь-июнь,707498.0,6,2022-06-01,False,580465.0,323580.0,,,578272.0,398855.1666666667,398855.1666666667,6,2,2022,152,0,лето
Ярославская область,2022,январь-июль,1009729.0,7,2022-07-01,False,707498.0,446853.0,114986.0,,765897.3333333334,547979.0,486122.85714285716,7,3,2022,182,0,лето
Ярославская область,2022,январь-август,1307768.0,8,2022-08-01,False,1009729.0,580465.0,219749.0,,1008331.6666666666,729315.5,588828.5,8,3,2022,213,0,лето
Ярославская область,2022,январь-сентябрь,1479707.0,9,2022-09-01,False,1307768.0,707498.0,323580.0,,1265734.6666666667,922003.3333333334,687815.0,9,3,2022,244,0,осень
Ярославская область,2022,январь-октябрь*,1697120.0,10,2022-10-01,False,1479707.0,1009729.0,446853.0,,1494865.0,1130381.1666666667,788745.5,10,4,2022,274,0,осень
Ярославская область,2022,январь-ноябрь*,1889666.0,11,2022-11-01,False,1697120.0,1307768.0,580465.0,,1688831.0,1348581.3333333333,888829.1818181818,11,4,2022,305,0,осень
Ярославская область,2022,январь-декабрь*,2081459.0,12,2022-12-01,False,1889666.0,1479707.0,707498.0,,1889415.0,1577574.8333333333,988215.0,12,4,2022,335,1,зима
Ярославская область,2023,январь,78107.0,1,2023-01-01,False,2081459.0,1697120.0,1009729.0,114986.0,1349744.0,1422304.5,985141.75,1,1,2023,1,1,зима
Ярославская область,2023,январь-февраль,177333.0,2,2023-02-01,False,78107.0,1889666.0,1307768.0,219749.0,778966.3333333334,1233898.6666666667,981607.0833333334,2,1,2023,32,1,зима
Ярославская область,2023,январь-март,258602.0,3,2023-03-01,False,177333.0,2081459.0,1479707.0,323580.0,171347.33333333334,1030381.1666666666,976192.25,3,1,2023,60,1,весна
Ярославская область,2023,январь-апрель,396805.0,4,2023-04-01,False,258602.0,78107.0,1697120.0,446853.0,277580.0,813662.0,972021.5833333334,4,2,2023,91,0,весна
Ярославская область,2023,январь-май,539446.0,5,2023-05-01,False,396805.0,177333.0,1889666.0,580465.0,398284.3333333333,588625.3333333334,968603.3333333334,5,2,2023,121,1,весна
Ярославская область,2023,январь-июнь,736902.0,6,2023-06-01,False,539446.0,258602.0,2081459.0,707498.0,557717.6666666666,364532.5,971053.6666666666,6,2,2023,152,0,лето
Ярославская область,2023,январь-июль,1117937.0,7,2023-07-01,False,736902.0,396805.0,78107.0,1009729.0,798095.0,537837.5,980071.0,7,3,2023,182,0,лето
Ярославская область,2023,январь-август,1472845.0,8,2023-08-01,False,1117937.0,539446.0,177333.0,1307768.0,1109228.0,753756.1666666666,993827.4166666666,8,3,2023,213,0,лето
Ярославская область,2023,январь-сентябрь,1733399.0,9,2023-09-01,False,1472845.0,736902.0,258602.0,1479707.0,1441393.6666666667,999555.6666666666,1014968.4166666666,9,3,2023,244,0,осень
Ярославская область,2024,январь,94034.0,1,2024-01-01,False,1733399.0,1117937.0,396805.0,1697120.0,1100092.6666666667,949093.8333333334,881377.9166666666,1,1,2024,1,1,зима
Ярославская область,2024,январь-февраль,183843.0,2,2024-02-01,False,94034.0,1472845.0,539446.0,1889666.0,670425.3333333334,889826.6666666666,739226.0,2,1,2024,32,1,зима
Ярославская область,2024,январь-март,286276.0,3,2024-03-01,False,183843.0,1733399.0,736902.0,2081459.0,188051.0,814722.3333333334,589627.4166666666,3,1,2024,61,1,весна
Ярославская область,2024,январь-апрель,399646.0,4,2024-04-01,False,286276.0,94034.0,1117937.0,78107.0,289921.6666666667,695007.1666666666,616422.3333333334,4,2,2024,92,0,весна
Ярославская область,2024,январь-май,538882.0,5,2024-05-01,False,399646.0,183843.0,1472845.0,177333.0,408268.0,539346.6666666666,646551.4166666666,5,2,2024,122,1,весна
Ярославская область,2024,январь-июнь,684932.0,6,2024-06-01,False,538882.0,286276.0,1733399.0,258602.0,541153.3333333334,364602.1666666667,682078.9166666666,6,2,2024,153,0,лето
Ярославская область,2024,январь-июль,912876.0,7,2024-07-01,False,684932.0,399646.0,94034.0,396805.0,712230.0,501075.8333333333,725084.8333333334,7,3,2024,183,0,лето
Ярославская область,2024,январь-август,1114328.0,8,2024-08-01,False,912876.0,538882.0,183843.0,539446.0,904045.3333333334,656156.6666666666,772991.6666666666,8,3,2024,214,0,лето
Ярославская область,2024,январь-сентябрь,1233384.0,9,2024-09-01,False,1114328.0,684932.0,286276.0,736902.0,1086862.6666666667,814008.0,814365.1666666666,9,3,2024,245,0,осень
Ярославская область,2025,январь,105718.0,1,2025-01-01,False,1233384.0,912876.0,399646.0,1117937.0,817810.0,765020.0,730013.5833333334,1,1,2025,1,1,зима
Ярославская область,2025,январь-февраль,198531.0,2,2025-02-01,False,105718.0,1114328.0,538882.0,1472845.0,512544.3333333333,708294.8333333334,623820.75,2,1,2025,32,1,зима
Ярославская область,2025,январь-март,295328.0,3,2025-03-01,False,198531.0,1233384.0,684932.0,1733399.0,199859.0,643360.8333333334,503981.5,3,1,2025,60,1,весна
Ярославская область,2025,январь-апрель,425380.0,4,2025-04-01,False,295328.0,105718.0,912876.0,94034.0,306413.0,562111.5,531593.6666666666,4,2,2025,91,0,весна
Ярославская область,2025,январь-май,591499.0,5,2025-05-01,False,425380.0,198531.0,1114328.0,183843.0,437402.3333333333,474973.3333333333,565565.0,5,2,2025,121,1,весна
Ярославская область,2025,январь-июнь,796801.0,6,2025-06-01,False,591499.0,295328.0,1233384.0,286276.0,604560.0,402209.5,608108.75,6,2,2025,152,0,лето
Ярославская область,2025,январь-июль,1232748.0,7,2025-07-01,False,796801.0,425380.0,105718.0,399646.0,873682.6666666666,590047.8333333334,677533.9166666666,7,3,2025,182,0,лето
Ярославская область,2025,январь-август,1655230.0,8,2025-08-01,False,1232748.0,591499.0,198531.0,538882.0,1228259.6666666667,832831.0,770562.9166666666,8,3,2025,213,0,лето
Ярославская область,2025,январь-сентябрь,1903033.0,9,2025-09-01,False,1655230.0,796801.0,295328.0,684932.0,1597003.6666666667,1100781.8333333333,872071.3333333334,9,3,2025,244,0,осень
г.Москва,2022,январь,1338665.0,1,2022-01-01,False,,,,,1338665.0,1338665.0,1338665.0,1,1,2022,1,1,зима
г.Москва,2022,январь-февраль,2585971.0,2,2022-02-01,False,1338665.0,,,,1962318.0,1962318.0,1962318.0,2,1,2022,32,1,зима
г.Москва,2022,январь-март,3741632.0,3,2022-03-01,False,2585971.0,,,,2555422.6666666665,2555422.6666666665,2555422.6666666665,3,1,2022,60,1,весна
г.Москва,2022,январь-апрель,4896532.0,4,2022-04-01,False,3741632.0,1338665.0,,,3741378.3333333335,3140700.0,3140700.0,4,2,2022,91,0,весна
г.Москва,2022,январь-май,6154709.0,5,2022-05-01,False,4896532.0,2585971.0,,,4930957.666666667,3743501.8,3743501.8,5,2,2022,121,1,весна
г.Москва,2022,январь-июнь,7519750.0,6,2022-06-01,False,6154709.0,3741632.0,,,6190330.333333333,4372876.5,4372876.5,6,2,2022,152,0,лето
г.Москва,2022,январь-июль,8789247.0,7,2022-07-01,False,7519750.0,4896532.0,1338665.0,,7487902.0,5614640.166666667,5003786.571428572,7,3,2022,182,0,лето
г.Москва,2022,январь-август,10007959.0,8,2022-08-01,False,8789247.0,6154709.0,2585971.0,,8772318.666666666,6851638.166666667,5629308.125,8,3,2022,213,0,лето
г.Москва,2022,январь-сентябрь,11134228.0,9,2022-09-01,False,10007959.0,7519750.0,3741632.0,,9977144.666666666,8083737.5,6240965.888888889,9,3,2022,244,0,осень
г.Москва,2022,январь-октябрь*,12179617.0,10,2022-10-01,False,11134228.0,8789247.0,4896532.0,,11107268.0,9297585.0,6834831.0,10,4,2022,274,0,осень
г.Москва,2022,январь-ноябрь*,13201864.0,11,2022-11-01,False,12179617.0,10007959.0,6154709.0,,12171903.0,10472110.833333334,7413652.181818182,11,4,2022,305,0,осень
г.Москва,2022,январь-декабрь*,14283921.0,12,2022-12-01,False,13201864.0,11134228.0,7519750.0,,13221800.666666666,11599472.666666666,7986174.583333333,12,4,2022,335,1,зима
г.Москва,2023,январь,1267992.0,1,2023-01-01,False,14283921.0,12179617.0,8789247.0,1338665.0,9584592.333333334,10345930.166666666,7980285.166666667,1,1,2023,1,1,зима
г.Москва,2023,январь-февраль,2464959.0,2,2023-02-01,False,1267992.0,13201864.0,10007959.0,2585971.0,6005624.0,9088763.5,7970200.833333333,2,1,2023,32,1,зима
г.Москва,2023,январь-март,3827399.0,3,2023-03-01,False,2464959.0,14283921.0,11134228.0,3741632.0,2520116.6666666665,7870958.666666667,7977348.083333333,3,1,2023,60,1,весна
г.Москва,2023,январь-апрель,5416602.0,4,2023-04-01,False,3827399.0,1267992.0,12179617.0,4896532.0,3902986.6666666665,6743789.5,8020687.25,4,2,2023,91,0,весна
г.Москва,2023,январь-май,7051603.0,5,2023-05-01,False,5416602.0,2464959.0,13201864.0,6154709.0,5431868.0,5718746.0,8095428.416666667,5,2,2023,121,1,весна
г.Москва,2023,январь-июнь,8781242.0,6,2023-06-01,False,7051603.0,3827399.0,14283921.0,7519750.0,7083149.0,4801632.833333333,8200552.75,6,2,2023,152,0,лето
г.Москва,2023,январь-июль,10654984.0,7,2023-07-01,False,8781242.0,5416602.0,1267992.0,8789247.0,8829276.333333334,6366131.5,8356030.833333333,7,3,2023,182,0,лето
г.Москва,2023,январь-август,12619468.0,8,2023-08-01,False,10654984.0,7051603.0,2464959.0,10007959.0,10685231.333333334,8058549.666666667,8573656.583333334,8,3,2023,213,0,лето
г.Москва,2023,январь-сентябрь,14466906.0,9,2023-09-01,False,12619468.0,8781242.0,3827399.0,11134228.0,12580452.666666666,9831800.833333334,8851379.75,9,3,2023,244,0,осень
г.Москва,2024,январь,1621544.0,1,2024-01-01,False,14466906.0,10654984.0,5416602.0,12179617.0,9569306.0,9199291.166666666,7971540.333333333,1,1,2024,1,1,зима
г.Москва,2024,январь-февраль,3178335.0,2,2024-02-01,False,1621544.0,12619468.0,7051603.0,13201864.0,6422261.666666667,8553746.5,7136246.25,2,1,2024,32,1,зима
г.Москва,2024,январь-март,4753661.0,3,2024-03-01,False,3178335.0,14466906.0,8781242.0,14283921.0,3184513.3333333335,7882483.0,6342057.916666667,3,1,2024,61,1,весна
г.Москва,2024,январь-апрель,6530428.0,4,2024-04-01,False,4753661.0,1621544.0,10654984.0,1267992.0,4820808.0,7195057.0,6780594.25,4,2,2024,92,0,весна
г.Москва,2024,январь-май,8339340.0,5,2024-05-01,False,6530428.0,3178335.0,12619468.0,2464959.0,6541143.0,6481702.333333333,7270126.0,5,2,2024,122,1,весна
г.Москва,2024,январь-июнь,10281743.0,6,2024-06-01,False,8339340.0,4753661.0,14466906.0,3827399.0,8383837.0,5784175.166666667,7807988.0,6,2,2024,153,0,лето
г.Москва,2024,январь-июль,12178912.0,7,2024-07-01,False,10281743.0,6530428.0,1621544.0,5416602.0,10266665.0,7543736.5,8371513.833333333,7,3,2024,183,0,лето
г.Москва,2024,январь-август,14100187.0,8,2024-08-01,False,12178912.0,8339340.0,3178335.0,7051603.0,12186947.333333334,9364045.166666666,8958895.833333334,8,3,2024,214,0,лето
г.Москва,2024,январь-сентябрь,15770690.0,9,2024-09-01,False,14100187.0,10281743.0,4753661.0,8781242.0,14016596.333333334,11200216.666666666,9541349.833333334,9,3,2024,245,0,осень
г.Москва,2025,январь,1357389.0,1,2025-01-01,False,15770690.0,12178912.0,6530428.0,10654984.0,10409422.0,10338043.5,8766550.25,1,1,2025,1,1,зима
г.Москва,2025,январь-февраль,2609283.0,2,2025-02-01,False,1357389.0,14100187.0,8339340.0,12619468.0,6579120.666666667,9383034.0,7932368.166666667,2,1,2025,32,1,зима
г.Москва,2025,январь-март,3998868.0,3,2025-03-01,False,2609283.0,15770690.0,10281743.0,14466906.0,2655180.0,8335888.166666667,7060031.666666667,3,1,2025,60,1,весна
г.Москва,2025,январь-апрель,5805610.0,4,2025-04-01,False,3998868.0,1357389.0,12178912.0,1621544.0,4137920.3333333335,7273671.166666667,7408703.833333333,4,2,2025,91,0,весна
г.Москва,2025,январь-май,7702199.0,5,2025-05-01,False,5805610.0,2609283.0,14100187.0,3178335.0,5835559.0,6207339.833333333,7785692.5,5,2,2025,121,1,весна
г.Москва,2025,январь-июнь,9615399.0,6,2025-06-01,False,7702199.0,3998868.0,15770690.0,4753661.0,7707736.0,5181458.0,8190837.333333333,6,2,2025,152,0,лето
г.Москва,2025,январь-июль,11557797.0,7,2025-07-01,False,9615399.0,5805610.0,1357389.0,6530428.0,9625131.666666666,6881526.0,8609784.75,7,3,2025,182,0,лето
г.Москва,2025,январь-август,13520109.0,8,2025-08-01,False,11557797.0,7702199.0,2609283.0,8339340.0,11564435.0,8699997.0,9041515.5,8,3,2025,213,0,лето
г.Москва,2025,январь-сентябрь,15304832.0,9,2025-09-01,False,13520109.0,9615399.0,3998868.0,10281743.0,13460912.666666666,10584324.333333334,9460106.25,9,3,2025,244,0,осень
г.Санкт-Петербург,2022,январь,569559.0,1,2022-01-01,False,,,,,569559.0,569559.0,569559.0,1,1,2022,1,1,зима
г.Санкт-Петербург,2022,январь-февраль,1006033.0,2,2022-02-01,False,569559.0,,,,787796.0,787796.0,787796.0,2,1,2022,32,1,зима
г.Санкт-Петербург,2022,январь-март,1516359.0,3,2022-03-01,False,1006033.0,,,,1030650.3333333334,1030650.3333333334,1030650.3333333334,3,1,2022,60,1,весна
г.Санкт-Петербург,2022,январь-апрель,2308887.0,4,2022-04-01,False,1516359.0,569559.0,,,1610426.3333333333,1350209.5,1350209.5,4,2,2022,91,0,весна
г.Санкт-Петербург,2022,январь-май,3080828.0,5,2022-05-01,False,2308887.0,1006033.0,,,2302024.6666666665,1696333.2,1696333.2,5,2,2022,121,1,весна
г.Санкт-Петербург,2022,январь-июнь,4119119.0,6,2022-06-01,False,3080828.0,1516359.0,,,3169611.3333333335,2100130.8333333335,2100130.8333333335,6,2,2022,152,0,лето
г.Санкт-Петербург,2022,январь-июль,5098766.0,7,2022-07-01,False,4119119.0,2308887.0,569559.0,,4099571.0,2854998.6666666665,2528507.285714286,7,3,2022,182,0,лето
г.Санкт-Петербург,2022,январь-август,5888678.0,8,2022-08-01,False,5098766.0,3080828.0,1006033.0,,5035521.0,3668772.8333333335,2948528.625,8,3,2022,213,0,лето
г.Санкт-Петербург,2022,январь-сентябрь,6446914.0,9,2022-09-01,False,5888678.0,4119119.0,1516359.0,,5811452.666666667,4490532.0,3337238.111111111,9,3,2022,244,0,осень
г.Санкт-Петербург,2022,январь-октябрь*,7033844.0,10,2022-10-01,False,6446914.0,5098766.0,2308887.0,,6456478.666666667,5278024.833333333,3706898.7,10,4,2022,274,0,осень
г.Санкт-Петербург,2022,январь-ноябрь*,7620600.0,11,2022-11-01,False,7033844.0,5888678.0,3080828.0,,7033786.0,6034653.5,4062689.727272727,11,4,2022,305,0,осень
г.Санкт-Петербург,2022,январь-декабрь*,8129585.0,12,2022-12-01,False,7620600.0,6446914.0,4119119.0,,7594676.333333333,6703064.5,4401597.666666667,12,4,2022,335,1,зима
г.Санкт-Петербург,2023,январь,683953.0,1,2023-01-01,False,8129585.0,7033844.0,5098766.0,569559.0,5478046.0,5967262.333333333,4411130.5,1,1,2023,1,1,зима
г.Санкт-Петербург,2023,январь-февраль,1349441.0,2,2023-02-01,False,683953.0,7620600.0,5888678.0,1006033.0,3387659.6666666665,5210722.833333333,4439747.833333333,2,1,2023,32,1,зима
г.Санкт-Петербург,2023,январь-март,2173116.0,3,2023-03-01,False,1349441.0,8129585.0,6446914.0,1516359.0,1402170.0,4498423.166666667,4494477.583333333,3,1,2023,60,1,весна
г.Санкт-Петербург,2023,январь-апрель,2798865.0,4,2023-04-01,False,2173116.0,683953.0,7033844.0,2308887.0,2107140.6666666665,3792593.3333333335,4535309.083333333,4,2,2023,91,0,весна
г.Санкт-Петербург,2023,январь-май,3507802.0,5,2023-05-01,False,2798865.0,1349441.0,7620600.0,3080828.0,2826594.3333333335,3107127.0,4570890.25,5,2,2023,121,1,весна
г.Санкт-Петербург,2023,январь-июнь,4363570.0,6,2023-06-01,False,3507802.0,2173116.0,8129585.0,4119119.0,3556745.6666666665,2479457.8333333335,4591261.166666667,6,2,2023,152,0,лето
г.Санкт-Петербург,2023,январь-июль,5554320.0,7,2023-07-01,False,4363570.0,2798865.0,683953.0,5098766.0,4475230.666666667,3291185.6666666665,4629224.0,7,3,2023,182,0,лето
г.Санкт-Петербург,2023,январь-август,6853152.0,8,2023-08-01,False,5554320.0,3507802.0,1349441.0,5888678.0,5590347.333333333,4208470.833333333,4709596.833333333,8,3,2023,213,0,лето
г.Санкт-Петербург,2023,январь-сентябрь,7926519.0,9,2023-09-01,False,6853152.0,4363570.0,2173116.0,6446914.0,6777997.0,5167371.333333333,4832897.25,9,3,2023,244,0,осень
г.Санкт-Петербург,2024,январь,810224.0,1,2024-01-01,False,7926519.0,5554320.0,2798865.0,7033844.0,5196631.666666667,4835931.166666667,4314262.25,1,1,2024,1,1,зима
г.Санкт-Петербург,2024,январь-февраль,1559656.0,2,2024-02-01,False,810224.0,6853152.0,3507802.0,7620600.0,3432133.0,4511240.166666667,3809183.5833333335,2,1,2024,32,1,зима
г.Санкт-Петербург,2024,январь-март,2459440.0,3,2024-03-01,False,1559656.0,7926519.0,4363570.0,8129585.0,1609773.3333333333,4193885.1666666665,3336671.5,3,1,2024,61,1,весна
г.Санкт-Петербург,2024,январь-апрель,3572271.0,4,2024-04-01,False,2459440.0,810224.0,5554320.0,683953.0,2530455.6666666665,3863543.6666666665,3577364.6666666665,4,2,2024,92,0,весна
г.Санкт-Петербург,2024,январь-май,4781979.0,5,2024-05-01,False,3572271.0,1559656.0,6853152.0,1349441.0,3604563.3333333335,3518348.1666666665,3863409.5,5,2,2024,122,1,весна
г.Санкт-Петербург,2024,январь-июнь,6186505.0,6,2024-06-01,False,4781979.0,2459440.0,7926519.0,2173116.0,4846918.333333333,3228345.8333333335,4197858.583333333,6,2,2024,153,0,лето
г.Санкт-Петербург,2024,январь-июль,7597135.0,7,2024-07-01,False,6186505.0,3572271.0,810224.0,2798865.0,6188539.666666667,4359497.666666667,4597714.416666667,7,3,2024,183,0,лето
г.Санкт-Петербург,2024,январь-август,8944874.0,8,2024-08-01,False,7597135.0,4781979.0,1559656.0,3507802.0,7576171.333333333,5590367.333333333,5050803.75,8,3,2024,214,0,лето
г.Санкт-Петербург,2024,январь-сентябрь,10035638.0,9,2024-09-01,False,8944874.0,6186505.0,2459440.0,4363570.0,8859215.666666666,6853067.0,5523476.083333333,9,3,2024,245,0,осень
г.Санкт-Петербург,2025,январь,706953.0,1,2025-01-01,False,10035638.0,7597135.0,3572271.0,5554320.0,6562488.333333333,6375514.0,5119528.833333333,1,1,2025,1,1,зима
г.Санкт-Петербург,2025,январь-февраль,1349924.0,2,2025-02-01,False,706953.0,8944874.0,4781979.0,6853152.0,4030838.3333333335,5803504.833333333,4660926.5,2,1,2025,32,1,зима
г.Санкт-Петербург,2025,январь-март,2127935.0,3,2025-03-01,False,1349924.0,10035638.0,6186505.0,7926519.0,1394937.3333333333,5127076.5,4177711.1666666665,3,1,2025,60,1,весна
г.Санкт-Петербург,2025,январь-апрель,3162172.0,4,2025-04-01,False,2127935.0,706953.0,7597135.0,810224.0,2213343.6666666665,4387916.0,4373706.833333333,4,2,2025,91,0,весна
г.Санкт-Петербург,2025,январь-май,4335255.0,5,2025-05-01,False,3162172.0,1349924.0,8944874.0,1559656.0,3208454.0,3619646.1666666665,4605006.75,5,2,2025,121,1,весна
г.Санкт-Петербург,2025,январь-июнь,5615179.0,6,2025-06-01,False,4335255.0,2127935.0,10035638.0,2459440.0,4370868.666666667,2882903.0,4867985.0,6,2,2025,152,0,лето
г.Санкт-Петербург,2025,январь-июль,7199012.0,7,2025-07-01,False,5615179.0,3162172.0,706953.0,3572271.0,5716482.0,3964912.8333333335,5170213.416666667,7,3,2025,182,0,лето
г.Санкт-Петербург,2025,январь-август,8639768.0,8,2025-08-01,False,7199012.0,4335255.0,1349924.0,4781979.0,7151319.666666667,5179886.833333333,5491695.833333333,8,3,2025,213,0,лето
г.Санкт-Петербург,2025,январь-сентябрь,9795593.0,9,2025-09-01,False,8639768.0,5615179.0,2127935.0,6186505.0,8544791.0,6457829.833333333,5792453.166666667,9,3,2025,244,0,осень
г.Севастополь,2022,январь,13241.0,1,2022-01-01,False,,,,,13241.0,13241.0,13241.0,1,1,2022,1,1,зима
г.Севастополь,2022,январь-февраль,22805.0,2,2022-02-01,False,13241.0,,,,18023.0,18023.0,18023.0,2,1,2022,32,1,зима
г.Севастополь,2022,январь-март,24010.0,3,2022-03-01,False,22805.0,,,,20018.666666666668,20018.666666666668,20018.666666666668,3,1,2022,60,1,весна
г.Севастополь,2022,январь-апрель,30115.0,4,2022-04-01,False,24010.0,13241.0,,,25643.333333333332,22542.75,22542.75,4,2,2022,91,0,весна
г.Севастополь,2022,январь-май,37577.0,5,2022-05-01,False,30115.0,22805.0,,,30567.333333333332,25549.6,25549.6,5,2,2022,121,1,весна
г.Севастополь,2022,январь-июнь,51276.0,6,2022-06-01,False,37577.0,24010.0,,,39656.0,29837.333333333332,29837.333333333332,6,2,2022,152,0,лето
г.Севастополь,2022,январь-июль,127283.0,7,2022-07-01,False,51276.0,30115.0,13241.0,,72045.33333333333,48844.333333333336,43758.142857142855,7,3,2022,182,0,лето
г.Севастополь,2022,январь-август,185882.0,8,2022-08-01,False,127283.0,37577.0,22805.0,,121480.33333333333,76023.83333333333,61523.625,8,3,2022,213,0,лето
г.Севастополь,2022,январь-сентябрь,217526.0,9,2022-09-01,False,185882.0,51276.0,24010.0,,176897.0,108276.5,78857.22222222222,9,3,2022,244,0,осень
г.Севастополь,2022,январь-октябрь*,222125.0,10,2022-10-01,False,217526.0,127283.0,30115.0,,208511.0,140278.16666666666,93184.0,10,4,2022,274,0,осень
г.Севастополь,2022,январь-ноябрь*,230912.0,11,2022-11-01,False,222125.0,185882.0,37577.0,,223521.0,172500.66666666666,105704.72727272728,11,4,2022,305,0,осень
г.Севастополь,2022,январь-декабрь*,233787.0,12,2022-12-01,False,230912.0,217526.0,51276.0,,228941.33333333334,202919.16666666666,116378.25,12,4,2022,335,1,зима
г.Севастополь,2023,январь,25634.0,1,2023-01-01,False,233787.0,222125.0,127283.0,13241.0,163444.33333333334,185977.66666666666,117411.0,1,1,2023,1,1,зима
г.Севастополь,2023,январь-февраль,40915.0,2,2023-02-01,False,25634.0,230912.0,185882.0,22805.0,100112.0,161816.5,118920.16666666667,2,1,2023,32,1,зима
г.Севастополь,2023,январь-март,58513.0,3,2023-03-01,False,40915.0,233787.0,217526.0,24010.0,41687.333333333336,135314.33333333334,121795.41666666667,3,1,2023,60,1,весна
г.Севастополь,2023,январь-апрель,68856.0,4,2023-04-01,False,58513.0,25634.0,222125.0,30115.0,56094.666666666664,109769.5,125023.83333333333,4,2,2023,91,0,весна
г.Севастополь,2023,январь-май,86204.0,5,2023-05-01,False,68856.0,40915.0,230912.0,37577.0,71191.0,85651.5,129076.08333333333,5,2,2023,121,1,весна
г.Севастополь,2023,январь-июнь,135177.0,6,2023-06-01,False,86204.0,58513.0,233787.0,51276.0,96745.66666666667,69216.5,136067.83333333334,6,2,2023,152,0,лето
г.Севастополь,2023,январь-июль,261267.0,7,2023-07-01,False,135177.0,68856.0,25634.0,127283.0,160882.66666666666,108488.66666666667,147233.16666666666,7,3,2023,182,0,лето
г.Севастополь,2023,январь-август,353639.0,8,2023-08-01,False,261267.0,86204.0,40915.0,185882.0,250027.66666666666,160609.33333333334,161212.91666666666,8,3,2023,213,0,лето
г.Севастополь,2023,январь-сентябрь,418661.0,9,2023-09-01,False,353639.0,135177.0,58513.0,217526.0,344522.3333333333,220634.0,177974.16666666666,9,3,2023,244,0,осень
г.Севастополь,2024,январь,4219.0,1,2024-01-01,False,418661.0,261267.0,68856.0,222125.0,258839.66666666666,209861.16666666666,159815.33333333334,1,1,2024,1,1,зима
г.Севастополь,2024,январь-февраль,8659.0,2,2024-02-01,False,4219.0,353639.0,86204.0,230912.0,143846.33333333334,196937.0,141294.25,2,1,2024,32,1,зима
г.Севастополь,2024,январь-март,15021.0,3,2024-03-01,False,8659.0,418661.0,135177.0,233787.0,9299.666666666666,176911.0,123063.75,3,1,2024,61,1,весна
г.Севастополь,2024,январь-апрель,21109.0,4,2024-04-01,False,15021.0,4219.0,261267.0,25634.0,14929.666666666666,136884.66666666666,122686.66666666667,4,2,2024,92,0,весна
г.Севастополь,2024,январь-май,31532.0,5,2024-05-01,False,21109.0,8659.0,353639.0,40915.0,22554.0,83200.16666666667,121904.75,5,2,2024,122,1,весна
г.Севастополь,2024,январь-июнь,60454.0,6,2024-06-01,False,31532.0,15021.0,418661.0,58513.0,37698.333333333336,23499.0,122066.5,6,2,2024,153,0,лето
г.Севастополь,2024,январь-июль,106830.0,7,2024-07-01,False,60454.0,21109.0,4219.0,68856.0,66272.0,40600.833333333336,125231.0,7,3,2024,183,0,лето
г.Севастополь,2024,январь-август,182713.0,8,2024-08-01,False,106830.0,31532.0,8659.0,86204.0,116665.66666666667,69609.83333333333,133273.41666666666,8,3,2024,214,0,лето
г.Севастополь,2024,январь-сентябрь,220126.0,9,2024-09-01,False,182713.0,60454.0,15021.0,135177.0,169889.66666666666,103794.0,140352.5,9,3,2024,245,0,осень
г.Севастополь,2025,январь,5485.0,1,2025-01-01,False,220126.0,106830.0,21109.0,261267.0,136108.0,101190.0,119037.33333333333,1,1,2025,1,1,зима
г.Севастополь,2025,январь-февраль,9547.0,2,2025-02-01,False,5485.0,182713.0,31532.0,353639.0,78386.0,97525.83333333333,90363.0,2,1,2025,32,1,зима
г.Севастополь,2025,январь-март,17098.0,3,2025-03-01,False,9547.0,220126.0,60454.0,418661.0,10710.0,90299.83333333333,56899.416666666664,3,1,2025,60,1,весна
г.Севастополь,2025,январь-апрель,27257.0,4,2025-04-01,False,17098.0,5485.0,106830.0,4219.0,17967.333333333332,77037.66666666667,58819.25,4,2,2025,91,0,весна
г.Севастополь,2025,январь-май,41364.0,5,2025-05-01,False,27257.0,9547.0,182713.0,8659.0,28573.0,53479.5,61544.666666666664,5,2,2025,121,1,весна
г.Севастополь,2025,январь-июнь,71982.0,6,2025-06-01,False,41364.0,17098.0,220126.0,15021.0,46867.666666666664,28788.833333333332,66291.41666666667,6,2,2025,152,0,лето
г.Севастополь,2025,январь-июль,140006.0,7,2025-07-01,False,71982.0,27257.0,5485.0,21109.0,84450.66666666667,51209.0,76199.5,7,3,2025,182,0,лето
г.Севастополь,2025,январь-август,216695.0,8,2025-08-01,False,140006.0,41364.0,9547.0,31532.0,142894.33333333334,85733.66666666667,91629.75,8,3,2025,213,0,лето
г.Севастополь,2025,январь-сентябрь,266515.0,9,2025-09-01,False,216695.0,71982.0,17098.0,60454.0,207738.66666666666,127303.16666666667,108801.5,9,3,2025,244,0,осень
